#
# A fatal error has been detected by the Java Runtime Environment:
#
#  SIGSEGV (0xb) at pc=0x0000000000000064, pid=81725, tid=115807
#
# JRE version: OpenJDK Runtime Environment (21.0.6) (build 21.0.6+-13368085-b895.109)
# Java VM: OpenJDK 64-Bit Server VM (21.0.6+-13368085-b895.109, mixed mode, tiered, compressed oops, compressed class ptrs, g1 gc, bsd-aarch64)
# Problematic frame:
# C  0x0000000000000064
#
# No core dump will be written. Core dumps have been disabled. To enable core dumping, try "ulimit -c unlimited" before starting Java again
#
# If you would like to submit a bug report, please visit:
#   https://youtrack.jetbrains.com/issues/JBR
#

---------------  S U M M A R Y ------------

Command Line: --add-opens=java.base/java.util=ALL-UNNAMED --add-opens=java.base/java.lang=ALL-UNNAMED --add-opens=java.base/java.lang.invoke=ALL-UNNAMED --add-opens=java.prefs/java.util.prefs=ALL-UNNAMED --add-exports=jdk.compiler/com.sun.tools.javac.api=ALL-UNNAMED --add-exports=jdk.compiler/com.sun.tools.javac.util=ALL-UNNAMED --add-opens=java.base/java.nio.charset=ALL-UNNAMED --add-opens=java.base/java.net=ALL-UNNAMED --add-opens=java.base/java.util.concurrent.atomic=ALL-UNNAMED -Xmx4096M -Dfile.encoding=UTF-8 -Duser.country=CO -Duser.language=en -Duser.variant -javaagent:/Users/javierhernandez/.gradle/wrapper/dists/gradle-8.9-bin/90cnw93cvbtalezasaz0blq0a/gradle-8.9/lib/agents/gradle-instrumentation-agent-8.9.jar org.gradle.launcher.daemon.bootstrap.GradleDaemon 8.9

Host: "MacBookAir10,1" arm64, 8 cores, 16G, Darwin 24.5.0, macOS 15.5 (24F74)
Time: Tue Jul  1 20:44:06 2025 -05 elapsed time: 47909.353488 seconds (0d 13h 18m 29s)

---------------  T H R E A D  ---------------

Current thread (0x000000012425e000):  JavaThread "WorkerExecutor Queue"        [_thread_in_Java, id=115807, stack(0x000000031bd6c000,0x000000031bf6f000) (2060K)]

Stack: [0x000000031bd6c000,0x000000031bf6f000],  sp=0x000000031bf6d5f0,  free space=2053k
Native frames: (J=compiled Java code, j=interpreted, Vv=VM code, C=native code)
C  0x0000000000000064
j  java.lang.invoke.LambdaForm$MH+0x00000008016d3c00.invoke(Ljava/lang/Object;Ljava/lang/Object;Ljava/lang/Object;)Ljava/lang/Object;+59 java.base@21.0.6
J 34930 c2 java.io.ObjectInputStream.readSerialData(Ljava/lang/Object;Ljava/io/ObjectStreamClass;)V java.base@21.0.6 (474 bytes) @ 0x000000010df21220 [0x000000010df207c0+0x0000000000000a60]
J 37020 c2 java.io.ObjectInputStream.readOrdinaryObject(Z)Ljava/lang/Object; java.base@21.0.6 (373 bytes) @ 0x000000010d783ad4 [0x000000010d783800+0x00000000000002d4]
J 28064 c2 java.io.ObjectInputStream.readObject0(Ljava/lang/Class;Z)Ljava/lang/Object; java.base@21.0.6 (681 bytes) @ 0x000000010d8e7834 [0x000000010d8e7180+0x00000000000006b4]
J 31220 c2 java.io.ObjectInputStream$FieldValues.<init>(Ljava/io/ObjectInputStream;Ljava/io/ObjectStreamClass;Z)V java.base@21.0.6 (217 bytes) @ 0x000000010dacfe28 [0x000000010dacf900+0x0000000000000528]
J 34930 c2 java.io.ObjectInputStream.readSerialData(Ljava/lang/Object;Ljava/io/ObjectStreamClass;)V java.base@21.0.6 (474 bytes) @ 0x000000010df20ef0 [0x000000010df207c0+0x0000000000000730]
J 37020 c2 java.io.ObjectInputStream.readOrdinaryObject(Z)Ljava/lang/Object; java.base@21.0.6 (373 bytes) @ 0x000000010d783ad4 [0x000000010d783800+0x00000000000002d4]
J 28064 c2 java.io.ObjectInputStream.readObject0(Ljava/lang/Class;Z)Ljava/lang/Object; java.base@21.0.6 (681 bytes) @ 0x000000010d8e7834 [0x000000010d8e7180+0x00000000000006b4]
J 19190 c2 java.io.ObjectInputStream.readObject()Ljava/lang/Object; java.base@21.0.6 (7 bytes) @ 0x000000010d74c81c [0x000000010d74c600+0x000000000000021c]
j  com.google.devtools.ksp.impl.KSPLoader$Companion.loadAndRunKSP([BLjava/util/List;I)I+51
j  com.google.devtools.ksp.impl.KSPLoader.loadAndRunKSP([BLjava/util/List;I)I+6
j  java.lang.invoke.DirectMethodHandle$Holder.invokeStatic(Ljava/lang/Object;Ljava/lang/Object;Ljava/lang/Object;I)I+14 java.base@21.0.6
j  java.lang.invoke.LambdaForm$MH+0x0000000800b33000.invoke(Ljava/lang/Object;Ljava/lang/Object;Ljava/lang/Object;Ljava/lang/Object;Ljava/lang/Object;)Ljava/lang/Object;+74 java.base@21.0.6
J 18729 c2 java.lang.reflect.Method.invoke(Ljava/lang/Object;[Ljava/lang/Object;)Ljava/lang/Object; java.base@21.0.6 (108 bytes) @ 0x000000010d20eb88 [0x000000010d20e980+0x0000000000000208]
j  com.google.devtools.ksp.gradle.KspAAWorkerAction.execute()V+1543
J 44553 c1 org.gradle.workers.internal.DefaultWorkerServer.execute(Lorg/gradle/workers/internal/SimpleActionExecutionSpec;)Lorg/gradle/workers/internal/DefaultWorkResult; (167 bytes) @ 0x0000000108212a90 [0x0000000108211c80+0x0000000000000e10]
J 57730 c1 org.gradle.workers.internal.NoIsolationWorkerFactory$1$1.create()Ljava/lang/Object; (5 bytes) @ 0x0000000105889774 [0x0000000105889580+0x00000000000001f4]
J 57795 c1 org.gradle.internal.classloader.ClassLoaderUtils.executeInClassloader(Ljava/lang/ClassLoader;Lorg/gradle/internal/Factory;)Ljava/lang/Object; (42 bytes) @ 0x0000000105936e38 [0x0000000105936b40+0x00000000000002f8]
J 44520 c1 org.gradle.workers.internal.NoIsolationWorkerFactory$1.lambda$execute$0(Ljava/lang/ClassLoader;Lorg/gradle/workers/WorkerExecutor;Lorg/gradle/workers/internal/IsolatedParametersActionExecutionSpec;)Lorg/gradle/workers/internal/DefaultWorkResult; (41 bytes) @ 0x00000001061f1998 [0x00000001061f17c0+0x00000000000001d8]
J 57728 c1 org.gradle.workers.internal.AbstractWorker$1.call(Lorg/gradle/internal/operations/BuildOperationContext;)Ljava/lang/Object; (6 bytes) @ 0x00000001056874a0 [0x0000000105687300+0x00000000000001a0]
J 39316 c2 org.gradle.internal.operations.DefaultBuildOperationRunner.execute(Lorg/gradle/internal/operations/BuildOperationDescriptor$Builder;Lorg/gradle/internal/operations/BuildOperationState;Lorg/gradle/internal/operations/DefaultBuildOperationRunner$BuildOperationExecution;)Ljava/lang/Object; (147 bytes) @ 0x000000010e3d51e8 [0x000000010e3d4340+0x0000000000000ea8]
J 31936 c2 org.gradle.internal.operations.DefaultBuildOperationRunner.call(Lorg/gradle/internal/operations/CallableBuildOperation;)Ljava/lang/Object; (24 bytes) @ 0x000000010dbb3ca0 [0x000000010dbb3b00+0x00000000000001a0]
J 44550 c1 org.gradle.workers.internal.AbstractWorker.executeWrappedInBuildOperation(Lorg/gradle/workers/internal/IsolatedParametersActionExecutionSpec;Lorg/gradle/internal/operations/BuildOperationRef;Lorg/gradle/workers/internal/AbstractWorker$Work;)Lorg/gradle/workers/internal/DefaultWorkResult; (24 bytes) @ 0x00000001067749f0 [0x0000000106774780+0x0000000000000270]
J 57725 c1 org.gradle.workers.internal.NoIsolationWorkerFactory$1.execute(Lorg/gradle/workers/internal/IsolatedParametersActionExecutionSpec;Lorg/gradle/internal/operations/BuildOperationRef;)Lorg/gradle/workers/internal/DefaultWorkResult; (21 bytes) @ 0x00000001055097dc [0x0000000105509280+0x000000000000055c]
J 53522 c1 org.gradle.workers.internal.DefaultWorkerExecutor.lambda$submitWork$0(Lorg/gradle/workers/internal/WorkerFactory;Lorg/gradle/workers/internal/WorkerRequirement;Lorg/gradle/workers/internal/IsolatedParametersActionExecutionSpec;Lorg/gradle/internal/operations/BuildOperationRef;)Lorg/gradle/workers/internal/DefaultWorkResult; (35 bytes) @ 0x000000010705ad80 [0x000000010705ac00+0x0000000000000180]
J 53521 c1 org.gradle.workers.internal.DefaultWorkerExecutor$$Lambda+0x0000000800b20e00.call()Ljava/lang/Object; (20 bytes) @ 0x0000000105dddf2c [0x0000000105ddde40+0x00000000000000ec]
J 55873 c2 java.util.concurrent.FutureTask.run()V java.base@21.0.6 (123 bytes) @ 0x000000010ec95060 [0x000000010ec94b80+0x00000000000004e0]
J 50696 c1 org.gradle.internal.work.DefaultConditionalExecutionQueue$ExecutionRunner$1.run()V (29 bytes) @ 0x0000000107d5c07c [0x0000000107d5bd80+0x00000000000002fc]
J 42304 c1 org.gradle.internal.Factories$1.create()Ljava/lang/Object; (11 bytes) @ 0x0000000105a199a0 [0x0000000105a19840+0x0000000000000160]
J 43067 c1 org.gradle.internal.work.DefaultWorkerLeaseService.withLocks(Ljava/util/Collection;Lorg/gradle/internal/Factory;)Ljava/lang/Object; (53 bytes) @ 0x0000000105f0a264 [0x0000000105f0a080+0x00000000000001e4]
J 37443 c1 org.gradle.internal.work.DefaultWorkerLeaseService.runAsWorkerThread(Lorg/gradle/internal/Factory;)Ljava/lang/Object; (37 bytes) @ 0x000000010621cf80 [0x000000010621c940+0x0000000000000640]
J 44725 c1 org.gradle.internal.work.DefaultConditionalExecutionQueue$ExecutionRunner.runBatch(Lorg/gradle/internal/work/ConditionalExecution;)V (22 bytes) @ 0x0000000105ace49c [0x0000000105ace2c0+0x00000000000001dc]
J 54041 c1 org.gradle.internal.work.DefaultConditionalExecutionQueue$ExecutionRunner.run()V (32 bytes) @ 0x00000001060837cc [0x0000000106083700+0x00000000000000cc]
J 33513 c2 java.util.concurrent.Executors$RunnableAdapter.call()Ljava/lang/Object; java.base@21.0.6 (14 bytes) @ 0x000000010da075d4 [0x000000010da07540+0x0000000000000094]
J 55873 c2 java.util.concurrent.FutureTask.run()V java.base@21.0.6 (123 bytes) @ 0x000000010ec95060 [0x000000010ec94b80+0x00000000000004e0]
J 49924 c2 org.gradle.internal.concurrent.AbstractManagedExecutor$1.run()V (57 bytes) @ 0x000000010e9533cc [0x000000010e9530c0+0x000000000000030c]
J 44327 c2 java.util.concurrent.ThreadPoolExecutor.runWorker(Ljava/util/concurrent/ThreadPoolExecutor$Worker;)V java.base@21.0.6 (187 bytes) @ 0x000000010e0c06e0 [0x000000010e0c0180+0x0000000000000560]
J 31767 c1 java.util.concurrent.ThreadPoolExecutor$Worker.run()V java.base@21.0.6 (9 bytes) @ 0x00000001055f4314 [0x00000001055f4240+0x00000000000000d4]
J 34896 c1 java.lang.Thread.run()V java.base@21.0.6 (23 bytes) @ 0x00000001065b5874 [0x00000001065b5600+0x0000000000000274]
v  ~StubRoutines::call_stub 0x000000010ca0c154
V  [libjvm.dylib+0x4a0068]  JavaCalls::call_helper(JavaValue*, methodHandle const&, JavaCallArguments*, JavaThread*)+0x3b0
V  [libjvm.dylib+0x49f018]  JavaCalls::call_virtual(JavaValue*, Klass*, Symbol*, Symbol*, JavaCallArguments*, JavaThread*)+0x140
V  [libjvm.dylib+0x49f0e4]  JavaCalls::call_virtual(JavaValue*, Handle, Klass*, Symbol*, Symbol*, JavaThread*)+0x64
V  [libjvm.dylib+0x55ee98]  thread_entry(JavaThread*, JavaThread*)+0x9c
V  [libjvm.dylib+0x4b3114]  JavaThread::thread_main_inner()+0x98
V  [libjvm.dylib+0x96831c]  Thread::call_run()+0xc8
V  [libjvm.dylib+0x80460c]  thread_native_entry(Thread*)+0x118
C  [libsystem_pthread.dylib+0x6c0c]  _pthread_start+0x88

siginfo: si_signo: 11 (SIGSEGV), si_code: 2 (SEGV_ACCERR), si_addr: 0x0000000000000064

Registers:
 x0=0x000000013b1778f8  x1=0x000000031bf6d580  x2=0xfffffffe00000002  x3=0x0000000000000000
 x4=0x0000000000000067  x5=0x00000008000793c8  x6=0x75365a2d6e69614d  x7=0x6274656a2e67726f
 x8=0x0000000000000003  x9=0x000000031bf6d5f0 x10=0x0000000000000000 x11=0x000000000000015f
x12=0x000000011b120040 x13=0x000000071f06a4b8 x14=0x000000071f029348 x15=0x0000000000000001
x16=0x000000071f028c20 x17=0x000000071f0738a8 x18=0x0000000000000000 x19=0x000000031bf6d580
x20=0x000000031bf6d5f0 x21=0x0000000101ff2d20 x22=0x000000011b120036 x23=0x0000000000000121
x24=0x000000031bf6d5f0 x25=0x0000000000000121 x26=0x000000011b2caee0 x27=0x000000071f06a5d8
x28=0x000000012425e000  fp=0x000000031bf6d650  lr=0x0000000000000064  sp=0x000000031bf6d5f0
pc=0x0000000000000064 cpsr=0x0000000060001000

Register to memory mapping:

x0 =0x000000013b1778f8 is pointing into metadata
x1 =0x000000031bf6d580 is pointing into the stack for thread: 0x000000012425e000
x2 =0xfffffffe00000002 is an unknown value
x3 =0x0 is null
x4 =0x0000000000000067 is an unknown value
x5 =0x00000008000793c8 is a pointer to class: 
java.io.File {0x00000008000793c8}
 - instance size:     4
 - klass size:        118
 - access:            public synchronized 
 - flags:             rewritten has_nonstatic_fields has_final_method has_resolved_methods 
 - state:             fully_initialized
 - name:              'java/io/File'
 - super:             'java/lang/Object'
 - sub:               
 - arrays:            'java/io/File'[]
 - methods:           Array<T>(0x000000011b2b6898)
 - method ordering:   Array<T>(0x000000011b000018)
 - local interfaces:  Array<T>(0x000000011b2b6880)
 - trans. interfaces: Array<T>(0x000000011b2b6880)
 - constants:         constant pool [649] {0x000000011b2b52a0} for 'java/io/File' cache=0x000000011b2ba6a0
 - class loader data:  loader data: 0x00006000033410e0 of 'bootstrap'
 - generic signature: 'Ljava/lang/Object;Ljava/io/Serializable;Ljava/lang/Comparable<Ljava/io/File;>;'
 - inner classes:     Array<T>(0x000000011b2ba5e8)
 - nest members:     Array<T>(0x000000011b2ba610)
 - permitted subclasses:     Array<T>(0x000000011b000028)
 - java mirror:       a 'java/lang/Class'{0x0000000700717468} = 'java/io/File'
 - vtable length      51  (start addr: 0x00000008000795b0)
 - itable length      5 (start addr: 0x0000000800079748)
 - ---- static fields (6 words):
 - private static final 'FS' 'Ljava/io/FileSystem;' @112 
 - public static final 'separatorChar' 'C' @152 
 - public static final 'separator' 'Ljava/lang/String;' @116 
 - public static final 'pathSeparatorChar' 'C' @154 
 - public static final 'pathSeparator' 'Ljava/lang/String;' @120 
 - private static final 'UNSAFE' 'Ljdk/internal/misc/Unsafe;' @124 
 - private static final 'PATH_OFFSET' 'J' @128 
 - private static final 'PREFIX_LENGTH_OFFSET' 'J' @136 
 - private static final 'serialVersionUID' 'J' @144 
 - static final synthetic '$assertionsDisabled' 'Z' @156 
 - ---- non-static fields (4 words):
 - private final transient 'prefixLength' 'I' @12 
 - private final 'path' 'Ljava/lang/String;' @16 
 - private transient 'status' 'Ljava/io/File$PathStatus;' @20 
 - private volatile transient 'filePath' 'Ljava/nio/file/Path;' @24 
 - non-static oop maps: 16-24 
x6 =0x75365a2d6e69614d is an unknown value
x7 =0x6274656a2e67726f is an unknown value
x8 =0x0000000000000003 is an unknown value
x9 =0x000000031bf6d5f0 is pointing into the stack for thread: 0x000000012425e000
x10=0x0 is null
x11=0x000000000000015f is an unknown value
x12={method} {0x000000011b120040} 'readObject' '(Ljava/io/ObjectInputStream;)V' in 'java/util/ArrayList'
x13=0x000000071f06a4b8 is an oop: [B 
{0x000000071f06a4b8} - klass: {type array byte}
 - length: 351
x14=0x000000071f029348 is an oop: java.io.ObjectInputStream$HandleTable 
{0x000000071f029348} - klass: 'java/io/ObjectInputStream$HandleTable'
 - ---- fields (total size 4 words):
 - 'lowDep' 'I' @12  -1 (0xffffffff)
 - 'size' 'I' @16  290 (0x00000122)
 - 'status' '[B' @20  [B{0x000000071f06a4b8} (0xe3e0d497)
 - 'entries' '[Ljava/lang/Object;' @24  a 'java/lang/Object'[351] {0x000000071f06a628} (0xe3e0d4c5)
 - 'deps' '[Ljava/io/ObjectInputStream$HandleTable$HandleList;' @28  a 'java/io/ObjectInputStream$HandleTable$HandleList'[351] {0x000000071f06abb8} (0xe3e0d577)
x15=0x0000000000000001 is an unknown value
x16=0x000000071f028c20 is an oop: java.io.ObjectInputStream 
{0x000000071f028c20} - klass: 'java/io/ObjectInputStream'
 - ---- fields (total size 8 words):
 - private 'passHandle' 'I' @12  89 (0x00000059)
 - private 'totalObjectRefs' 'J' @16  286 (0x000000000000011e)
 - private 'depth' 'J' @24  2 (0x0000000000000002)
 - private final 'enableOverride' 'Z' @32  false (0x00)
 - private 'enableResolve' 'Z' @33  false (0x00)
 - private 'streamFilterSet' 'Z' @34  false (0x00)
 - private 'closed' 'Z' @35  false (0x00)
 - private 'defaultDataEnd' 'Z' @36  false (0x00)
 - private final 'bin' 'Ljava/io/ObjectInputStream$BlockDataInputStream;' @40  a 'java/io/ObjectInputStream$BlockDataInputStream'{0x000000071f028c80} (0xe3e05190)
 - private final 'vlist' 'Ljava/io/ObjectInputStream$ValidationList;' @44  a 'java/io/ObjectInputStream$ValidationList'{0x000000071f0293f8} (0xe3e0527f)
 - private final 'handles' 'Ljava/io/ObjectInputStream$HandleTable;' @48  a 'java/io/ObjectInputStream$HandleTable'{0x000000071f029348} (0xe3e05269)
 - private 'curContext' 'Ljava/io/SerialCallbackContext;' @52  a 'java/io/SerialCallbackContext'{0x000000071f0314f0} (0xe3e0629e)
 - private 'serialFilter' 'Ljava/io/ObjectInputFilter;' @56  null (0x00000000)
x17=0x000000071f0738a8 is an oop: [Ljava.io.ObjectInputStream$FieldValues; 
{0x000000071f0738a8} - klass: 'java/io/ObjectInputStream$FieldValues'[]
 - length: 1
x18=0x0 is null
x19=0x000000031bf6d580 is pointing into the stack for thread: 0x000000012425e000
x20=0x000000031bf6d5f0 is pointing into the stack for thread: 0x000000012425e000
x21=0x0000000101ff2d20: _ZN19TemplateInterpreter13_active_tableE+0 in /Users/javierhernandez/Applications/Android Studio.app/Contents/jbr/Contents/Home/lib/server/libjvm.dylib at 0x0000000101410000
x22=0x000000011b120036 is pointing into metadata
x23=0x0000000000000121 is an unknown value
x24=0x000000031bf6d5f0 is pointing into the stack for thread: 0x000000012425e000
x25=0x0000000000000121 is an unknown value
x26=0x000000011b2caee0 is pointing into metadata
x27=
[error occurred during error reporting (printing register info), id 0xb, SIGSEGV (0xb) at pc=0x00000001017a87dc]
x28=0x000000012425e000 is a thread
 fp=0x000000031bf6d650 is pointing into the stack for thread: 0x000000012425e000
 lr=0x0000000000000064 is an unknown value
 sp=0x000000031bf6d5f0 is pointing into the stack for thread: 0x000000012425e000

Top of Stack: (sp=0x000000031bf6d5f0)
0x000000031bf6d5f0:   000000071f0314c0 000000071f0314c0
0x000000031bf6d600:   000000031bf6d600 000000011c1a0273
0x000000031bf6d610:   0000000000000005 000000011c1a03e0
0x000000031bf6d620:   0000000700e70318 000000031bf6d5d0
0x000000031bf6d630:   000000011c1a0680 000000011c1a0280
0x000000031bf6d640:   000000031bf6d5e8 000000031bf6d668
0x000000031bf6d650:   000000031bf6d6d0 000000010ca1117c
0x000000031bf6d660:   0000000000000000 0000000000000000
0x000000031bf6d670:   0000000000000000 0000000000000000
0x000000031bf6d680:   000000031bf6d680 000000013b2adf3b
0x000000031bf6d690:   0000000000000009 000000013b2b40d0
0x000000031bf6d6a0:   00000007070629a0 000000031bf6d650
0x000000031bf6d6b0:   000000011c6a0f10 000000013b2adf48
0x000000031bf6d6c0:   000000031bf6d668 000000031bf6d720
0x000000031bf6d6d0:   0000000000000000 000000010df21220
0x000000031bf6d6e0:   0000000000000000 0000000000000000
0x000000031bf6d6f0:   0000000000000000 0000000000000000
0x000000031bf6d700:   0000000000000000 0000000000000000
0x000000031bf6d710:   0000000000000000 0000000000000000
0x000000031bf6d720:   000000071f028c20 000000071f4bd9a8
0x000000031bf6d730:   0000000000000001 0000000000000000
0x000000031bf6d740:   000000071f0314d8 0000000800057698
0x000000031bf6d750:   000000071f02b500 e3e97b35e3e05184
0x000000031bf6d760:   00000000e3e06298 000000071f0314c0
0x000000031bf6d770:   0000000701424ca8 000000071f02b160
0x000000031bf6d780:   0000000000000056 000000071f0298f4
0x000000031bf6d790:   000000071f028c80 0000000000000000
0x000000031bf6d7a0:   0000000000000001 000000010d003a94
0x000000031bf6d7b0:   000000071f028c20 000000010d783ad4
0x000000031bf6d7c0:   0000000700000000 000000071f028c20
0x000000031bf6d7d0:   000000071f02b160 000000071f0314c0
0x000000031bf6d7e0:   000000071f028c80 000000010e9cb104 

Instructions: (pc=0x0000000000000064)
0xffffffffffffff64:   


Stack slot to memory mapping:

stack at sp + 0 slots: 0x000000071f0314c0 is an oop: java.util.ArrayList 
{0x000000071f0314c0} - klass: 'java/util/ArrayList'
 - ---- fields (total size 3 words):
 - protected transient 'modCount' 'I' @12  0 (0x00000000)
 - private 'size' 'I' @16  100 (0x00000064)
 - transient 'elementData' '[Ljava/lang/Object;' @20  a 'java/lang/Object'[100] {0x000000071f031558} (0xe3e062ab)
stack at sp + 1 slots: 0x000000071f0314c0 is an oop: java.util.ArrayList 
{0x000000071f0314c0} - klass: 'java/util/ArrayList'
 - ---- fields (total size 3 words):
 - protected transient 'modCount' 'I' @12  0 (0x00000000)
 - private 'size' 'I' @16  100 (0x00000064)
 - transient 'elementData' '[Ljava/lang/Object;' @20  a 'java/lang/Object'[100] {0x000000071f031558} (0xe3e062ab)
stack at sp + 2 slots: 0x000000031bf6d600 is pointing into the stack for thread: 0x000000012425e000
stack at sp + 3 slots: 0x000000011c1a0273 is pointing into metadata
stack at sp + 4 slots: 0x0000000000000005 is an unknown value
stack at sp + 5 slots: 0x000000011c1a03e0 is pointing into metadata
stack at sp + 6 slots: 0x0000000700e70318 is an oop: java.lang.Class 
{0x0000000700e70318} - klass: 'java/lang/Class'
 - ---- fields (total size 15 words):
 - private volatile transient 'classRedefinedCount' 'I' @12  0 (0x00000000)
 - injected 'klass' 'J' @16  34362032128 (0x0000000800230000)
 - injected 'array_klass' 'J' @24  0 (0x0000000000000000)
 - injected 'oop_size' 'I' @32  15 (0x0000000f)
 - injected 'static_oop_field_count' 'I' @36  1 (0x00000001)
 - private volatile transient 'cachedConstructor' 'Ljava/lang/reflect/Constructor;' @40  null (0x00000000)
 - private transient 'name' 'Ljava/lang/String;' @44  null (0x00000000)
 - private transient 'module' 'Ljava/lang/Module;' @48  a 'java/lang/Module'{0x000000070064d0d8} (0xe00c9a1b)
 - private final 'classLoader' 'Ljava/lang/ClassLoader;' @52  null (0x00000000)
 - private transient 'classData' 'Ljava/lang/Object;' @56  a 'java/lang/invoke/LambdaForm'{0x0000000700e701d0} => a 'java/lang/invoke/MemberName'{0x0000000700e702e8} = {method} {0x000000011c1a0280} 'invokeSpecial' '(Ljava/lang/Object;Ljava/lang/Object;Ljava/lang/Object;)V' in 'java/lang/invoke/LambdaForm$DMH+0x0000000800230000' (0xe01ce03a)
 - private transient 'packageName' 'Ljava/lang/String;' @60  null (0x00000000)
 - private final 'componentType' 'Ljava/lang/Class;' @64  null (0x00000000)
 - private volatile transient 'reflectionData' 'Ljava/lang/ref/SoftReference;' @68  null (0x00000000)
 - private volatile transient 'genericInfo' 'Lsun/reflect/generics/repository/ClassRepository;' @72  null (0x00000000)
 - private volatile transient 'enumConstants' '[Ljava/lang/Object;' @76  null (0x00000000)
 - private volatile transient 'enumConstantDirectory' 'Ljava/util/Map;' @80  null (0x00000000)
 - private volatile transient 'annotationData' 'Ljava/lang/Class$AnnotationData;' @84  null (0x00000000)
 - private volatile transient 'annotationType' 'Lsun/reflect/annotation/AnnotationType;' @88  null (0x00000000)
 - transient 'classValueMap' 'Ljava/lang/ClassValue$ClassValueMap;' @92  null (0x00000000)
 - injected 'protection_domain' 'Ljava/lang/Object;' @96  null (0x00000000)
 - injected 'signers_name' 'Ljava/lang/Object;' @100  null (0x00000000)
 - injected 'source_file' 'Ljava/lang/Object;' @104  null (0x00000000)
 - injected '<init_lock>' 'Ljava/lang/Object;' @108  null (0x00000000)
 - signature: Ljava/lang/invoke/LambdaForm$DMH+0x0000000800230000;
 - ---- static fields (1):
 - static final '_D_0' 'Ljava/lang/invoke/LambdaForm;' @112  a 'java/lang/invoke/LambdaForm'{0x0000000700e701d0} => a 'java/lang/invoke/MemberName'{0x0000000700e702e8} = {method} {0x000000011c1a0280} 'invokeSpecial' '(Ljava/lang/Object;Ljava/lang/Object;Ljava/lang/Object;)V' in 'java/lang/invoke/LambdaForm$DMH+0x0000000800230000' (0xe01ce03a)
stack at sp + 7 slots: 0x000000031bf6d5d0 is pointing into the stack for thread: 0x000000012425e000


Compiled method (c2) 47909364 34930   !   4       java.io.ObjectInputStream::readSerialData (474 bytes)
 total in heap  [0x000000010df20110,0x000000010df26ba0] = 27280
 relocation     [0x000000010df20260,0x000000010df207c0] = 1376
 main code      [0x000000010df207c0,0x000000010df23ab0] = 13040
 stub code      [0x000000010df23ab0,0x000000010df24028] = 1400
 oops           [0x000000010df24028,0x000000010df24060] = 56
 metadata       [0x000000010df24060,0x000000010df243c8] = 872
 scopes data    [0x000000010df243c8,0x000000010df25af0] = 5928
 scopes pcs     [0x000000010df25af0,0x000000010df26590] = 2720
 dependencies   [0x000000010df26590,0x000000010df26648] = 184
 handler table  [0x000000010df26648,0x000000010df26a20] = 984
 nul chk table  [0x000000010df26a20,0x000000010df26ba0] = 384

[Constant Pool (empty)]

[MachCode]
[Entry Point]
  # {method} {0x000000011c5c6330} 'readSerialData' '(Ljava/lang/Object;Ljava/io/ObjectStreamClass;)V' in 'java/io/ObjectInputStream'
  # this:     c_rarg1:c_rarg1 
                        = 'java/io/ObjectInputStream'
  # parm0:    c_rarg2:c_rarg2 
                        = 'java/lang/Object'
  # parm1:    c_rarg3:c_rarg3 
                        = 'java/io/ObjectStreamClass'
  #           [sp+0xa0]  (sp of caller)
  0x000000010df207c0: 2808 40b9 | 3f01 086b | 4000 0054 

  0x000000010df207cc: ;   {runtime_call ic_miss_stub}
  0x000000010df207cc: ad9d ac17 
[Verified Entry Point]
  0x000000010df207d0: 1f20 03d5 | e953 40d1 | 3f01 00f9 | ff83 02d1 | fd7b 09a9 | 4896 0118 | 8923 40b9 | 1f01 09eb 
  0x000000010df207f0: 4195 0154 | e103 00f9 | e227 00f9 | fd03 03aa | 63c4 00b4 | 6a00 0191 | 4afd df88 | 8bc3 41f9 
  0x000000010df20810: 6d01 40f9 | 8a03 0035 | ed07 00f9 | e103 03aa 

  0x000000010df20820: ; ImmutableOopMap {rfp=Oop [0]=Oop [8]=Oop [72]=Oop }
                      ;*invokevirtual getClassDataLayout0 {reexecute=0 rethrow=0 return_oop=1}
                      ; - java.io.ObjectStreamClass::getClassDataLayout@9
                      ; - java.io.ObjectInputStream::readSerialData@1
                      ;   {optimized virtual_call}
  0x000000010df20820: fc8e f097 

  0x000000010df20824: ;   {other}
  0x000000010df20824: 1f20 03d5 | 9fe2 80f2 | 1f00 80f2 | 8b03 c139 | f303 00aa | 0ba3 0035 | 6cfe 43d3 | aa03 0191 
  0x000000010df20844: 4cfd 9f88 | ea03 1daa | eb03 13aa | 6b01 0aca | 6bfd 55d3 | 4b01 00b4 | 3301 00b4 | 4afd 49d3 
  0x000000010df20864: 0b00 90d2 | ab19 a2f2 | 2b00 c0f2 | 6001 0a8b | 0b00 c039 | 7f09 0071 | 41a2 0054 | ed07 40f9 
  0x000000010df20884: aa03 0191 | 4afd df88 | 4af1 7dd3 | ea1b 00f9 

  0x000000010df20894: ; implicit exception: dispatches to 0x000000010df22bf4
  0x000000010df20894: 5b0d 40b9 | 6c07 0051 | 7f07 0071 | cc78 0054 | f303 1faa | 7f03 4171 | 08a4 0054 | 6a7f 7e93 
  0x000000010df208b4: 80df 40f9 | 4a5d 0091 | 4bf1 7d92 | 8ee7 40f9 | 0b00 0b8b | 7f01 0eeb | 02a3 0054 | 8bdf 00f9 
  0x000000010df208d4: ee03 40b2 | 70c1 80f9 | 0e00 00f9 

  0x000000010df208e0: ;   {metadata('java/io/ObjectInputStream$FieldValues'[])}
  0x000000010df208e0: cf0f a0d2 | 0f2e 8df2 | 7001 81f9 | 4efd 43d3 | 0f08 00b9 | 7041 81f9 | 0a40 0091 | cb09 00d1 
  0x000000010df20900: 1b0c 00b9 | 6821 00f1 | 4300 0054 

  0x000000010df2090c: ;   {runtime_call StubRoutines (final stubs)}
  0x000000010df2090c: 6d5a ac97 | 6b00 1036 | 5f7d 81a8 | 5f7d 81a8 | 4b00 0836 | 5f7d 81a8 | 4b00 0036 | 5f01 00f9 
  0x000000010df2092c: f103 00aa | 7f03 0071 | 6800 0054 | f903 11aa | 3a00 0014 | 9f01 1b6b | 62c8 0054 | ee27 40f9 
  0x000000010df2094c: ; implicit exception: dispatches to 0x000000010df22250
  0x000000010df2094c: cb09 40b9 | f003 40f9 | 6701 5dd2 | 01fe 43d3 | a2fd 43d3 | c3fd 43d3 | ef03 1f2a | 2501 0014 
  0x000000010df2096c: ed47 40a9 | fd47 40b9 | f92b 40f9 | eb63 40b9 | 41f1 7dd3 | 2a60 4039 | aa00 0034 | 2ea8 4129 
  0x000000010df2098c: df01 0a6b | 0bed 0054 | 3f60 0039 | fd23 00b9 | ed47 00a9 | eb47 00b9 | f92b 00f9 | fd03 10aa 
  0x000000010df209ac: ; ImmutableOopMap {rfp=Oop [0]=Oop [8]=Oop [48]=Oop [56]=NarrowOop [60]=NarrowOop [64]=NarrowOop [72]=Oop [80]=Oop }
                      ;*invokevirtual peek {reexecute=0 rethrow=0 return_oop=0}
                      ; - java.io.ObjectInputStream$BlockDataInputStream::peekByte@1
                      ; - java.io.ObjectInputStream::skipCustomData@35
                      ; - java.io.ObjectInputStream::readSerialData@342
                      ;   {optimized virtual_call}
  0x000000010df209ac: 69ec 1d94 

  0x000000010df209b0: ;   {other}
  0x000000010df209b0: 1f20 03d5 | 1f14 81f2 | 1f20 80f2 | f003 1daa | 0a2a 40b9 | 4cf1 7dd3 | 0b1c 0013 | a0d6 f837 
  0x000000010df209d0: 7fe1 0171 | 81ba 0054 

  0x000000010df209d8: ; implicit exception: dispatches to 0x000000010df22c28
  0x000000010df209d8: 8a61 4039 | ea7c 0035 | 8b29 40b9 | 7df1 7dd3 

  0x000000010df209e8: ; implicit exception: dispatches to 0x000000010df22cf4
  0x000000010df209e8: a00f 40b9 | 2060 f837 | 0b00 a012 | ab0f 00b9 | 40d6 f837 | ea47 40b9 | 0a0e 00b9 | ed47 40a9 
  0x000000010df20a08: fd23 40b9 | f92b 40f9 | af07 0011 | fb13 40b9 | ff01 1b6b | 4b1e 0054 | ec17 40b9 | fa27 40f9 
  0x000000010df20a28: fac9 00b4 | 191d 00b4 | 7f03 0071 | c91c 0054 | 2b0f 40b9 | 7f01 0071 | 89c1 0054 | 9f01 0b6b 
  0x000000010df20a48: 42c1 0054 | f603 1f2a | 2acb 368b | 4a11 40b9 | 4af1 7dd3 | 2a0c 00b4 | 4c15 40b9 | 8ef1 7dd3 
  0x000000010df20a68: ce0b 00b4 | 4a0d 40b9 | 4af1 7dd3 

  0x000000010df20a74: ; implicit exception: dispatches to 0x000000010df22fc0
  0x000000010df20a74: 4b3d 40b9 | 6ff1 7dd3 

  0x000000010df20a7c: ; implicit exception: dispatches to 0x000000010df22fe0
  0x000000010df20a7c: ea11 40b9 | 4af1 7dd3 

  0x000000010df20a84: ; implicit exception: dispatches to 0x000000010df23000
  0x000000010df20a84: 4a0d 40b9 | ec0d 40b9 | 9f01 0a6b | 8a0a 0054 | eb19 40b9 | f021 40b9 | 74f1 7dd3 

  0x000000010df20aa0: ; implicit exception: dispatches to 0x000000010df227e8
  0x000000010df20aa0: 8b0e 40b9 | f11d 40b9 | 15f2 7dd3 | 4105 0051 | 9f01 0b6b | a2e9 0054 | 3f00 0b6b | 62e9 0054 
  0x000000010df20ac0: ; implicit exception: dispatches to 0x000000010df227e8
  0x000000010df20ac0: ab0e 40b9 | f025 40b9 | 37f2 7dd3 | 9f01 0b6b | c2e8 0054 | 3f00 0b6b | 82e8 0054 

  0x000000010df20adc: ; implicit exception: dispatches to 0x000000010df227e8
  0x000000010df20adc: ed0e 40b9 | 0bf2 7dd3 | f003 0c4b | 9f01 0d6b | e2e7 0054 | 3f00 0d6b | a2e7 0054 

  0x000000010df20af8: ; implicit exception: dispatches to 0x000000010df22818
  0x000000010df20af8: 600d 40b9 | 0d7e 4093 | b0c1 2a8b | 117c 4093 | adc1 2c8b | 1006 00d1 | bf01 11eb | 22e8 0054 
  0x000000010df20b18: 1f02 11eb | e2e7 0054 | d30d 40b9 | 0d7d 8052 | f803 0c2a | 5f01 186b | 5001 184b | f0b3 901a 
  0x000000010df20b38: 1fa2 0f71 | b081 901a | 1102 180b | 1f20 03d5 | 1f20 03d5 | 1f20 03d5 | 007f 4093 | f06a 208b 
  0x000000010df20b58: a166 208b | 806e 208b | 1012 40b9 | 0208 40f9 | c4c9 308b | 2320 4079 | 5f04 00b1 | 80a9 0054 
  0x000000010df20b78: 7f30 0171 | 2160 0054 | 1f02 136b | 02a5 0054 | 8110 40b9 | 23f0 7dd3 | 8301 00b4 | 1003 0c4b 
  0x000000010df20b98: 70c9 308b | 1012 40b9 | 04f2 7dd3 

  0x000000010df20ba4: ; implicit exception: dispatches to 0x000000010df22b08
  0x000000010df20ba4: 8008 40f9 | 6108 40b9 

  0x000000010df20bac: ; implicit exception: dispatches to 0x000000010df22b2c
  0x000000010df20bac: 1014 40b9 | 2400 5dd2 | 81c8 70f8 | 1f00 01eb | e149 0054 | 1807 0011 | 1f03 116b | 4bfc ff54 
  0x000000010df20bcc: 912b 42f9 

  0x000000010df20bd0: ; ImmutableOopMap {r11=Oop r14=Oop r15=Oop r16=Oop resp=Oop rdispatch=Oop r23=Oop r25=Oop rcpool=Oop [48]=Oop }
                      ;*goto {reexecute=1 rethrow=0 return_oop=0}
                      ; - (reexecute) java.io.ObjectStreamClass$FieldReflector::setObjFieldValues@258
                      ; - java.io.ObjectStreamClass$FieldReflector::checkObjectFieldValueTypes@4
                      ; - java.io.ObjectStreamClass::checkObjFieldValueTypes@6
                      ; - java.io.ObjectInputStream$FieldValues::defaultCheckFieldValues@16
                      ; - java.io.ObjectInputStream::readSerialData@431
  0x000000010df20bd0: f003 1aaa 

  0x000000010df20bd4: ;   {poll}
  0x000000010df20bd4: 3f02 40b9 | 1f03 0a6b | 8bfa ff54 | 8a2b 42f9 

  0x000000010df20be4: ; ImmutableOopMap {r25=Oop rcpool=Oop [48]=Oop }
                      ;*goto {reexecute=1 rethrow=0 return_oop=0}
                      ; - (reexecute) java.io.ObjectInputStream::readSerialData@437
  0x000000010df20be4: d606 0011 

  0x000000010df20be8: ;   {poll}
  0x000000010df20be8: 5f01 40b9 | df02 1b6b | 0bf3 ff54 | f803 1f2a | 2acb 388b | 4b11 40b9 | 7df1 7dd3 | fd0d 00b4 
  0x000000010df20c08: aa13 40b9 | 43f1 7dd3 | 2302 00b4 | ab0f 40b9 | 6af1 7dd3 

  0x000000010df20c1c: ; implicit exception: dispatches to 0x000000010df230a4
  0x000000010df20c1c: 4a3d 40b9 | 41f1 7dd3 | 81e6 00b4 | fa03 00f9 | fb63 0129 | f90b 00f9 | e203 1aaa 

  0x000000010df20c38: ; ImmutableOopMap {rfp=Oop [0]=Oop [16]=Oop [48]=Oop }
                      ;*invokevirtual setPrimFieldValues {reexecute=0 rethrow=0 return_oop=0}
                      ; - java.io.ObjectStreamClass::setPrimFieldValues@6
                      ; - java.io.ObjectInputStream$FieldValues::defaultSetFieldValues@16
                      ; - java.io.ObjectInputStream::readSerialData@464
                      ;   {optimized virtual_call}
  0x000000010df20c38: 7637 d897 

  0x000000010df20c3c: ;   {other}
  0x000000010df20c3c: 1f20 03d5 | 9f65 81f2 | 1f80 80f2 | fa03 40f9 | fb63 4129 | f90b 40f9 | ab17 40b9 | 74f1 7dd3 
  0x000000010df20c5c: 340b 00b4 | aa0f 40b9 | 4af1 7dd3 

  0x000000010df20c68: ; implicit exception: dispatches to 0x000000010df23020
  0x000000010df20c68: 4b3d 40b9 | 75f1 7dd3 

  0x000000010df20c70: ; implicit exception: dispatches to 0x000000010df23040
  0x000000010df20c70: aa12 40b9 | 4af1 7dd3 

  0x000000010df20c78: ; implicit exception: dispatches to 0x000000010df23060
  0x000000010df20c78: 4b0d 40b9 | b60e 40b9 | df02 0b6b | ea09 0054 | 930e 40b9 | 1f20 03d5 | ab1a 40b9 | cc7e 4093 
  0x000000010df20c98: 6af1 7dd3 

  0x000000010df20c9c: ; implicit exception: dispatches to 0x000000010df22e60
  0x000000010df20c9c: 4d0d 40b9 | 4b6d 2c8b | ae22 40b9 | df02 0d6b | e2a6 0054 | 6a09 40f9 | cbf1 7dd3 | 5f05 00b1 
  0x000000010df20cbc: e0d4 0054 

  0x000000010df20cc0: ; implicit exception: dispatches to 0x000000010df22e80
  0x000000010df20cc0: 6e0d 40b9 | 6d65 2c8b | af1e 40b9 | df02 0e6b | 42a7 0054 | ab21 4079 | edf1 7dd3 | 7f31 0171 
  0x000000010df20ce0: 615f 0054 

  0x000000010df20ce4: ; implicit exception: dispatches to 0x000000010df22ea0
  0x000000010df20ce4: ab0d 40b9 | ac69 2c8b | df02 0b6b | e2a7 0054 | 8b11 40b9 | 8cca 2b8b | 7f01 136b | 02a9 0054 
  0x000000010df20d04: 8c11 40b9 | 97f1 7dd3 | 575a 00b4 | ab0e 40b9 | ad26 40b9 | cb02 0b4b | acf1 7dd3 

  0x000000010df20d20: ; implicit exception: dispatches to 0x000000010df22ee0
  0x000000010df20d20: 8d0d 40b9 | 8ec9 2b8b | 7f01 0d6b | 02ab 0054 | cb11 40b9 | 6bf1 7dd3 

  0x000000010df20d38: ; implicit exception: dispatches to 0x000000010df22f00
  0x000000010df20d38: 6009 40f9 | ed0a 40b9 

  0x000000010df20d40: ; implicit exception: dispatches to 0x000000010df22f24
  0x000000010df20d40: 0c14 40b9 | a401 5dd2 | 8bc8 6cf8 | 1f00 0beb | 4147 0054 | 8b03 c139 | 5d03 0a8b | eb70 0035 
  0x000000010df20d60: ea03 1daa | eb03 17aa | 6b01 0aca | edfe 43d3 | 6bfd 55d3 | d606 0011 | ad03 00b9 | 4b01 00b4 
  0x000000010df20d80: 3701 00b4 | 4afd 49d3 | 0b00 90d2 | ab19 a2f2 | 2b00 c0f2 | 6001 0a8b | 0b00 c039 | 7f09 0071 
  0x000000010df20da0: 2170 0054 

  0x000000010df20da4: ; ImmutableOopMap {resp=Oop rdispatch=Oop r25=Oop rcpool=Oop [48]=Oop }
                      ;*goto {reexecute=1 rethrow=0 return_oop=0}
                      ; - (reexecute) java.io.ObjectStreamClass$FieldReflector::setObjFieldValues@258
                      ; - java.io.ObjectStreamClass$FieldReflector::setObjFieldValues@4
                      ; - java.io.ObjectStreamClass::setObjFieldValues@6
                      ; - java.io.ObjectInputStream$FieldValues::defaultSetFieldValues@35
                      ; - java.io.ObjectInputStream::readSerialData@464
  0x000000010df20da4: 8b2b 42f9 

  0x000000010df20da8: ;   {poll}
  0x000000010df20da8: 7f01 40b9 | ab12 40b9 | 6af1 7dd3 

  0x000000010df20db4: ; implicit exception: dispatches to 0x000000010df22ec0
  0x000000010df20db4: 4a0d 40b9 | df02 0a6b | abf6 ff54 | 1807 0011 | 1f03 1b6b | 8bf1 ff54 | fd7b 49a9 | ff83 0291 
  0x000000010df20dd4: ;   {poll_return}
  0x000000010df20dd4: 8827 42f9 | ff63 28eb | 8865 0154 | c003 5fd6 | ec17 40b9 | f30f 40f9 | e717 40f9 | e10b 4729 
  0x000000010df20df4: e343 40b9 | ee27 40f9 | fd7d 7e93 | ea1b 40f9 | 4a01 1d8b | 4a11 40b9 | 4af1 7dd3 

  0x000000010df20e10: ; implicit exception: dispatches to 0x000000010df22b5c
  0x000000010df20e10: 4011 40b9 | 4a31 4039 | 0b0e 40b9 | 0632 40b9 | 04f0 7dd3 | eaa4 0034 | d4f0 7dd3 

  0x000000010df20e2c: ; implicit exception: dispatches to 0x000000010df22b80
  0x000000010df20e2c: 8516 40b9 | 7f05 0031 | a001 0054 | a5f0 7dd3 

  0x000000010df20e3c: ; implicit exception: dispatches to 0x000000010df22bcc
  0x000000010df20e3c: aa0c 40b9 | f503 04aa | b6c0 2b8b | e403 0b2a | 7f01 0a6b | 2290 0054 | cb42 c039 | 7f0d 0071 
  0x000000010df20e5c: a0a6 0054 | eb03 042a | e403 15aa 

  0x000000010df20e68: ; implicit exception: dispatches to 0x000000010df22ba8
  0x000000010df20e68: 8a68 4039 | eaa3 0034 | 8a5c 40b9 | ea07 0035 | 80df 40f9 | 8ae7 40f9 | 0b80 0091 | 7f01 0aeb 
  0x000000010df20e88: 6285 0054 | ea03 40b2 | 8bdf 00f9 | 0a00 00f9 

  0x000000010df20e98: ;   {metadata('java/io/ObjectInputStream$FieldValues')}
  0x000000010df20e98: ca0f a0d2 | 0a9c 8cf2 | 70c1 80f9 | 0a08 00b9 | 0a40 0091 | 1f0c 00b9 | 5f7d 00a9 | f037 00a9 
  0x000000010df20eb8: fb33 0229 | f3c7 01a9 | e717 00f9 | e10b 0729 | e33f 0829 | ee27 00f9 | e42f 00f9 | bf3a 03d5 
  0x000000010df20ed8: e02b 00f9 | e103 00aa | e203 40f9 | e32f 40f9 | e403 0032 

  0x000000010df20eec: ; ImmutableOopMap {[0]=Oop [8]=Oop [32]=Oop [48]=Oop [56]=NarrowOop [60]=NarrowOop [64]=NarrowOop [72]=Oop [80]=Oop [88]=Oop }
                      ;*invokespecial <init> {reexecute=0 rethrow=0 return_oop=0}
                      ; - java.io.ObjectInputStream::readSerialData@297
                      ;   {optimized virtual_call}
  0x000000010df20eec: 89ba ee97 

  0x000000010df20ef0: ;   {other}
  0x000000010df20ef0: 1f20 03d5 | 1fbc 81f2 | 1fc0 80f2 | f113 40f9 | 5161 00b4 | 2a02 1d8b | 2b0e 40b9 | 5541 0091 
  0x000000010df20f10: fd47 40b9 | bf03 0b6b | 22a9 0054 | 8a03 c139 | 2a67 0035 | ec2b 40f9 | ea03 15aa | eb03 0caa 
  0x000000010df20f30: 6b01 0aca | 8cfd 43d3 | 6bfd 55d3 | ac02 00b9 | 2b01 00b4 | 4afd 49d3 | 0b00 90d2 | ab19 a2f2 
  0x000000010df20f50: 2b00 c0f2 | 6001 0a8b | 0b00 c039 | 7f09 0071 | 8166 0054 | f037 40a9 | f903 11aa | d300 0014 
  0x000000010df20f70: 0536 40b9 | bdf0 7dd3 | 7d39 00b4 | aa17 40b9 | 4af1 7dd3 | aa4d 00b5 | fd3f 00f9 | ef47 00b9 
  0x000000010df20f90: 8fdf 40f9 | eb53 00b9 | 8ae7 40f9 | eb61 0091 | f037 00a9 | fb33 0229 | f3c7 01a9 | e717 00f9 
  0x000000010df20fb0: e10b 0729 | e343 00b9 | ee27 00f9 | e42f 00f9 | 7f01 0aeb | 626e 0054 | ea03 40b2 | 8bdf 00f9 
  0x000000010df20fd0: ;   {metadata('java/io/SerialCallbackContext')}
  0x000000010df20fd0: cc0f a0d2 | 0c38 84f2 | ea01 00f9 | ec09 00b9 | 70c1 80f9 | ff11 00b9 | ec43 40b9 | ec0d 00b9 
  0x000000010df20ff0: ed3f 40b9 | e035 0229 | bf3b 03d5 | 8b03 c139 | cb4d 0035 | eb03 40f9 | ee03 0baa | ea03 0faa 
  0x000000010df21010: 4a01 0eca | f0fd 43d3 | 4afd 55d3 | 7035 00b9 | 2a01 00b4 | cafd 49d3 | 0e00 90d2 | ae19 a2f2 
  0x000000010df21030: 2e00 c0f2 | c001 0a8b | 0a00 c039 | 5f09 0071 | 0150 0054 | 6e29 40b9 | caf1 7dd3 

  0x000000010df2104c: ; implicit exception: dispatches to 0x000000010df22c3c
  0x000000010df2104c: 4f61 4039 | ee2f 40f9 | d15d 40b9 | ff05 0071 | a000 0054 | ef03 0032 | 4f61 0039 | 5f7d 0229 
  0x000000010df2106c: 5f0d 00b9 | ca69 4039 | 8aa3 0034 | 31f2 7dd3 

  0x000000010df2107c: ; implicit exception: dispatches to 0x000000010df22f70
  0x000000010df2107c: 3036 c039 | 83df 40f9 | 8ae7 40f9 | 6f60 0091 | ff01 0aeb | 8269 0054 | ea03 40b2 | 8fdf 00f9 
  0x000000010df2109c: ;   {metadata('java/lang/Object'[])}
  0x000000010df2109c: a000 a0d2 | 0055 97f2 | 6a00 00f9 | 6008 00b9 | ea03 0032 | f0c1 80f9 | 6a0c 00b9 | f001 81f9 
  0x000000010df210bc: 7f14 00b9 | f041 81f9 | ea3b 40b9 | 6a10 00b9 | bf3a 03d5 | b003 0035 | 2f26 40b9 | eff1 7dd3 
  0x000000010df210dc: ; implicit exception: dispatches to 0x000000010df23080
  0x000000010df210dc: f035 40b9 | b000 0034 

  0x000000010df210e4: ;   {oop(a 'jdk/internal/loader/ClassLoaders$PlatformClassLoader'{0x0000000700646b38})}
  0x000000010df210e4: 8f01 bcd2 | efac 91f2 | 1f02 0f6b | 6102 0054 | fd03 11aa | eb03 00f9 | edb3 0729 | e33b 05a9 
  0x000000010df21104: ;   {oop(a 'java/lang/Class'{0x0000000700637ba0} = 'jdk/internal/reflect/CallerSensitive')}
  0x000000010df21104: 0274 8fd2 | 620c a0f2 | e200 c0f2 | e103 11aa 

  0x000000010df21114: ; ImmutableOopMap {rfp=Oop [0]=Oop [8]=Oop [32]=Oop [48]=Oop [56]=NarrowOop [60]=NarrowOop [64]=NarrowOop [72]=Oop [80]=Oop [88]=Oop [120]=Oop }
                      ;*invokespecial isAnnotationPresent {reexecute=0 rethrow=0 return_oop=0}
                      ; - java.lang.reflect.AccessibleObject::isAnnotationPresent@2
                      ; - jdk.internal.reflect.Reflection::isCallerSensitive@18
                      ; - java.lang.reflect.Method::isCallerSensitive@11
                      ; - java.lang.reflect.Method::invoke@1
                      ; - java.io.ObjectStreamClass::invokeReadObject@24
                      ; - java.io.ObjectInputStream::readSerialData@183
                      ;   {optimized virtual_call}
  0x000000010df21114: 5b8d 0596 

  0x000000010df21118: ;   {other}
  0x000000010df21118: 1f20 03d5 | 1f01 82f2 | 1fe0 80f2 | 8072 0035 | eb03 40f9 | ea37 4729 | ec43 40b9 | f103 1daa 
  0x000000010df21138: e33b 45a9 | 1000 a012 | 3036 0039 | 1f02 0071 | ec5e 0054 | fd03 1f2a | bf3b 03d5 | 2f32 4039 
  0x000000010df21158: 2f2b 0034 | 1f02 0071 | acaa 0054 | fd03 1f2a | e203 1faa | 304e 40b9 | 00f2 7dd3 | 4037 00b4 
  0x000000010df21178: bd64 0035 

  0x000000010df2117c: ; implicit exception: dispatches to 0x000000010df22c5c
  0x000000010df2117c: 0f08 40b9 

  0x000000010df21180: ;   {metadata('jdk/internal/reflect/DirectMethodHandleAccessor')}
  0x000000010df21180: 7000 a0d2 | 107e 9ff2 | ff01 106b | c17d 0054 | ef03 00aa | f019 40b9 | f181 4129 | 06f2 7dd3 
  0x000000010df211a0: 2039 4837 | e417 40f9 | 8038 40f9 | f015 40b9 | 05f2 7dd3 | 1000 40f9 

  0x000000010df211b8: ; implicit exception: dispatches to 0x000000010df22d34
  0x000000010df211b8: a008 40f9 

  0x000000010df211bc: ; implicit exception: dispatches to 0x000000010df22d78
  0x000000010df211bc: 0214 40b9 | 90c8 62f8 | 1f00 10eb | e11c 0054 | 3f06 0071 | 819a 0054 

  0x000000010df211d4: ; implicit exception: dispatches to 0x000000010df22c94
  0x000000010df211d4: d110 40b9 | 6110 40b9 | d014 40b9 | 23f0 7dd3 

  0x000000010df211e4: ;   {oop(a 'java/lang/invoke/MethodType'{0x000000070064ccb8} = (Ljava/lang/Object;Ljava/lang/Object;)Ljava/lang/Object;)}
  0x000000010df211e4: 8101 bcd2 | e132 93f2 | 3f02 016b | 10f2 7dd3 | a19b 0054 

  0x000000010df211f8: ; implicit exception: dispatches to 0x000000010df22cc4
  0x000000010df211f8: 111e 40b9 | 112a 0034 | e417 00f9 | ea37 0729 | ec43 00b9 | eb03 00f9 | ef3b 05a9 | e103 06aa 
  0x000000010df21218: e227 40f9 

  0x000000010df2121c: ; ImmutableOopMap {[0]=Oop [8]=Oop [32]=Oop [48]=Oop [56]=NarrowOop [60]=NarrowOop [64]=NarrowOop [72]=Oop [80]=Oop [88]=Oop [120]=Oop }
                      ;*invokevirtual invokeBasic {reexecute=0 rethrow=0 return_oop=1}
                      ; - java.lang.invoke.Invokers$Holder::invokeExact_MT@20
                      ; - jdk.internal.reflect.DirectMethodHandleAccessor::invokeImpl@55
                      ; - jdk.internal.reflect.DirectMethodHandleAccessor::invoke@23
                      ; - java.lang.reflect.Method::invoke@102
                      ; - java.io.ObjectStreamClass::invokeReadObject@24
                      ; - java.io.ObjectInputStream::readSerialData@183
                      ;   {optimized virtual_call}
  0x000000010df2121c: 393a c297 

  0x000000010df21220: ;   {other}
  0x000000010df21220: 1f20 03d5 | 1f22 82f2 | 1f00 81f2 | f003 40f9 | 0b36 40b9 | 74f1 7dd3 | 3475 00b4 | 8a03 c139 
  0x000000010df21240: 4a3d 0035 | f53f 40f9 | 9f16 00b9 | 3523 00b4 | aa16 40b9 | 4af1 7dd3 | 6a35 00b5 | ed07 40f9 
  0x000000010df21260: 8a03 c139 | 8a3d 0035 | ea03 10aa | eb03 15aa | 6b01 0aca | acfe 43d3 | 6bfd 55d3 | 0c36 00b9 
  0x000000010df21280: 4b01 00b4 | 3501 00b4 | 4afd 49d3 | 0b00 90d2 | ab19 a2f2 | 2b00 c0f2 | 6001 0a8b | 0a00 c039 
  0x000000010df212a0: 5f09 0071 | a140 0054 | f113 40f9 | 1f92 0039 | fd47 40b9 | f903 11aa | 0a2a 40b9 | ee2f 40f9 
  0x000000010df212c0: cb69 4039 | 4cf1 7dd3 | 4b82 0034 | cb5d 4039 | 0b01 0035 

  0x000000010df212d4: ; implicit exception: dispatches to 0x000000010df22f54
  0x000000010df212d4: 8a61 4039 | cab9 ff34 | 8ea9 4129 | df01 0a6b | 0bae 0054 | 9f61 0039 | c9fd ff17 

  0x000000010df212f0: ; implicit exception: dispatches to 0x000000010df22c0c
  0x000000010df212f0: 8f61 4039 | 0b0e 40b9 | 6f8c 0034 | 8f11 40b9 | efb3 ff37 | 8f29 40b9 | 8a15 40b9 | 9f0d 00b9 
  0x000000010df21310: e1f1 7dd3 | 5f01 0071 | 0d03 0054 | eb63 00b9 | eb03 1632 | ec2f 00f9 | 5f01 0b6b | 8c1d 40b9 
  0x000000010df21330: ed47 00a9 | f013 00f9 | fd47 00b9 | 44b1 8b1a | f92b 00f9 | 82f1 7dd3 | 4194 00b4 | e303 1f2a 
  0x000000010df21350: ; ImmutableOopMap {[0]=Oop [8]=Oop [32]=Oop [48]=Oop [56]=NarrowOop [60]=NarrowOop [64]=NarrowOop [72]=Oop [80]=Oop [88]=Oop }
                      ;*invokevirtual read {reexecute=0 rethrow=0 return_oop=0}
                      ; - java.io.ObjectInputStream$BlockDataInputStream::refill@31
                      ; - java.io.ObjectInputStream$BlockDataInputStream::skipBlockData@25
                      ; - java.io.ObjectInputStream::skipCustomData@19
                      ; - java.io.ObjectInputStream::readSerialData@342
                      ;   {optimized virtual_call}
  0x000000010df21350: 8c9b ac97 

  0x000000010df21354: ;   {other}
  0x000000010df21354: 1f20 03d5 | 9f48 82f2 | 1f20 81f2 | ea2f 40f9 | 4b15 40b9 | 6c01 004b | 80a8 f837 | 4031 0229 
  0x000000010df21374: 4300 0014 | 8e31 40b9 | caf1 7dd3 

  0x000000010df21380: ; implicit exception: dispatches to 0x000000010df22d0c
  0x000000010df21380: 4a91 4039 | 2a91 0035 | a16b 00b4 | ed47 00a9 | f013 00f9 | fd47 00b9 | f933 05a9 | eb63 00b9 
  0x000000010df213a0: ; ImmutableOopMap {[0]=Oop [8]=Oop [32]=Oop [48]=Oop [56]=NarrowOop [60]=NarrowOop [64]=NarrowOop [72]=Oop [80]=Oop [88]=Oop }
                      ;*invokevirtual peek {reexecute=0 rethrow=0 return_oop=0}
                      ; - java.io.ObjectInputStream$BlockDataInputStream::readBlockHeader@40
                      ; - java.io.ObjectInputStream$BlockDataInputStream::refill@72
                      ; - java.io.ObjectInputStream$BlockDataInputStream::skipBlockData@25
                      ; - java.io.ObjectInputStream::skipCustomData@19
                      ; - java.io.ObjectInputStream::readSerialData@342
                      ;   {optimized virtual_call}
  0x000000010df213a0: 0ce9 1d94 

  0x000000010df213a4: ;   {other}
  0x000000010df213a4: 1f20 03d5 | 9f52 82f2 | 1f40 81f2 | 1fe0 0171 | 6005 0054 | eb2f 40f9 | 6c21 40b9 | ea2f 40f9 
  0x000000010df213c4: 0bdc 0151 | 4a29 40b9 | 7f05 0071 | 6891 0054 | 4af1 7dd3 | 8bf1 7dd3 | aa92 00b4 | fd03 1f32 
  0x000000010df213e4: e403 1f32 | ec03 1f2a | ec67 00b9 | eaaf 06a9 | e103 0aaa | e203 0baa | e303 0c2a 

  0x000000010df21400: ; ImmutableOopMap {[0]=Oop [8]=Oop [32]=Oop [48]=Oop [56]=NarrowOop [60]=NarrowOop [64]=NarrowOop [72]=Oop [80]=Oop [88]=Oop [104]=Oop [112]=Oop }
                      ;*invokevirtual read {reexecute=0 rethrow=0 return_oop=0}
                      ; - java.io.ObjectInputStream$PeekInputStream::readFully@19
                      ; - java.io.ObjectInputStream$BlockDataInputStream::readBlockHeader@94
                      ; - java.io.ObjectInputStream$BlockDataInputStream::refill@72
                      ; - java.io.ObjectInputStream$BlockDataInputStream::skipBlockData@25
                      ; - java.io.ObjectInputStream::skipCustomData@19
                      ; - java.io.ObjectInputStream::readSerialData@342
                      ;   {optimized virtual_call}
  0x000000010df21400: 609b ac97 

  0x000000010df21404: ;   {other}
  0x000000010df21404: 1f20 03d5 | 9f5e 82f2 | 1f60 81f2 | c093 f837 | 8a2b 42f9 | ec67 40b9 

  0x000000010df2141c: ; ImmutableOopMap {[0]=Oop [8]=Oop [32]=Oop [48]=Oop [56]=NarrowOop [60]=NarrowOop [64]=NarrowOop [72]=Oop [80]=Oop [88]=Oop [104]=Oop [112]=Oop }
                      ;*goto {reexecute=1 rethrow=0 return_oop=0}
                      ; - (reexecute) java.io.ObjectInputStream$PeekInputStream::readFully@44
                      ; - java.io.ObjectInputStream$BlockDataInputStream::readBlockHeader@94
                      ; - java.io.ObjectInputStream$BlockDataInputStream::refill@72
                      ; - java.io.ObjectInputStream$BlockDataInputStream::skipBlockData@25
                      ; - java.io.ObjectInputStream::skipCustomData@19
                      ; - java.io.ObjectInputStream::readSerialData@342
  0x000000010df2141c: 8c01 000b 

  0x000000010df21420: ;   {poll}
  0x000000010df21420: 5f01 40b9 | 9f09 0071 | 8a00 0054 | a403 0c4b | eaaf 46a9 | eeff ff17 | ea2f 40f9 | 4b21 40b9 
  0x000000010df21440: 6bf1 7dd3 

  0x000000010df21444: ; implicit exception: dispatches to 0x000000010df22f9c
  0x000000010df21444: 6d0d 40b9 | bf05 0071 | c990 0054 | 6c45 4039 | 5f31 0229 | e003 1f2a | 0900 0014 | 0ac0 0151 
  0x000000010df21464: 6099 f837 | 5f3d 0071 | 829a 0054 | 0c00 a012 | ea2f 40f9 | 4c7d 0229 | 0000 a012 | 4c0d 40b9 
  0x000000010df21484: ; ImmutableOopMap {r10=Oop [0]=Oop [8]=Oop [32]=Oop [48]=Oop [56]=NarrowOop [60]=NarrowOop [64]=NarrowOop [72]=Oop [80]=Oop }
                      ;*if_icmpeq {reexecute=1 rethrow=0 return_oop=0}
                      ; - (reexecute) java.io.ObjectInputStream$BlockDataInputStream::refill@111
                      ; - java.io.ObjectInputStream$BlockDataInputStream::skipBlockData@25
                      ; - java.io.ObjectInputStream::skipCustomData@19
                      ; - java.io.ObjectInputStream::readSerialData@342
  0x000000010df21484: 8b2b 42f9 

  0x000000010df21488: ;   {poll}
  0x000000010df21488: 7f01 40b9 | 9f01 006b | 0101 0054 | ed47 40a9 | f013 40f9 | fd47 40b9 | f92b 40f9 | ec03 0aaa 
  0x000000010df214a8: eb63 40b9 | 96ff ff17 

  0x000000010df214b0: ; ImmutableOopMap {r10=Oop [0]=Oop [8]=Oop [32]=Oop [48]=Oop [56]=NarrowOop [60]=NarrowOop [64]=NarrowOop [72]=Oop [80]=Oop }
                      ;*goto {reexecute=1 rethrow=0 return_oop=0}
                      ; - (reexecute) java.io.ObjectInputStream$BlockDataInputStream::skipBlockData@28
                      ; - java.io.ObjectInputStream::skipCustomData@19
                      ; - java.io.ObjectInputStream::readSerialData@342
  0x000000010df214b0: 8b2b 42f9 

  0x000000010df214b4: ;   {poll}
  0x000000010df214b4: 7f01 40b9 | 0001 f837 | ed47 40a9 | f013 40f9 | fd47 40b9 | f92b 40f9 | ec03 0aaa | eb63 40b9 
  0x000000010df214d4: 8cff ff17 | f013 40f9 | 0a2a 40b9 | 6aa4 ff35 | 2101 8012 

  0x000000010df214e8: ; ImmutableOopMap {[32]=Oop [48]=Oop [72]=Oop [80]=Oop }
                      ;*invokevirtual setBlockDataMode {reexecute=0 rethrow=0 return_oop=0}
                      ; - java.io.ObjectInputStream::skipCustomData@27
                      ; - java.io.ObjectInputStream::readSerialData@342
                      ;   {runtime_call UncommonTrapBlob}
  0x000000010df214e8: a6b6 ac97 

  0x000000010df214ec: ;   {other}
  0x000000010df214ec: 1f20 03d5 | 9f7b 82f2 | 1fe0 81f2 | 1f82 0071 | 2102 0054 | 9f00 00eb | e0b5 ff54 | 8514 40f9 
  0x000000010df2150c: a200 40b9 | a520 0091 | ff63 3feb | c200 00b4 | a884 40f8 | 1f00 08eb | 6000 0054 | 4204 00d1 
  0x000000010df2152c: 82ff ffb5 | 6100 0054 | 8010 00f9 | e503 1faa | 25b4 ffb4 | 4117 8012 | f907 00f9 | f663 0229 
  0x000000010df2154c: efeb 01a9 | e317 00f9 

  0x000000010df21554: ; ImmutableOopMap {[8]=Oop [24]=Oop [32]=Oop [40]=Oop [48]=Oop }
                      ;*ifne {reexecute=1 rethrow=0 return_oop=0}
                      ; - (reexecute) java.io.ObjectStreamClass$FieldReflector::setObjFieldValues@117
                      ; - java.io.ObjectStreamClass$FieldReflector::checkObjectFieldValueTypes@4
                      ; - java.io.ObjectStreamClass::checkObjFieldValueTypes@6
                      ; - java.io.ObjectInputStream$FieldValues::defaultCheckFieldValues@16
                      ; - java.io.ObjectInputStream::readSerialData@431
                      ;   {runtime_call UncommonTrapBlob}
  0x000000010df21554: 8bb6 ac97 

  0x000000010df21558: ;   {other}
  0x000000010df21558: 1f20 03d5 | 1f89 82f2 | 1f00 82f2 | 5f80 0071 | 2102 0054 | 9f00 00eb | e0e2 ff54 | 8514 40f9 
  0x000000010df21578: a200 40b9 | a520 0091 | ff63 3feb | c200 00b4 | a884 40f8 | 1f00 08eb | 6000 0054 | 4204 00d1 
  0x000000010df21598: 82ff ffb5 | 6100 0054 | 8010 00f9 | e503 1faa | 25e1 ffb4 | ea27 40f9 | ea03 00f9 | ea1b 40f9 
  0x000000010df215b8: ea07 00f9 | ea13 40f9 | ea0b 00f9 | ea47 40b9 | 4117 8012 | fd03 0baa | ea1b 00b9 | ee13 00f9 
  0x000000010df215d8: ef1b 00f9 | e323 00f9 

  0x000000010df215e0: ; ImmutableOopMap {rfp=Oop [0]=Oop [8]=Oop [16]=Oop [32]=Oop [48]=Oop [64]=Oop [120]=Oop }
                      ;*ifne {reexecute=1 rethrow=0 return_oop=0}
                      ; - (reexecute) jdk.internal.reflect.DirectMethodHandleAccessor::checkReceiver@11
                      ; - jdk.internal.reflect.DirectMethodHandleAccessor::invoke@9
                      ; - java.lang.reflect.Method::invoke@102
                      ; - java.io.ObjectStreamClass::invokeReadObject@24
                      ; - java.io.ObjectInputStream::readSerialData@183
                      ;   {runtime_call UncommonTrapBlob}
  0x000000010df215e0: 68b6 ac97 

  0x000000010df215e4: ;   {other}
  0x000000010df215e4: 1f20 03d5 | 9f9a 82f2 | 1f20 82f2 | aa1b 40b9 | 41f1 7dd3 

  0x000000010df215f8: ; implicit exception: dispatches to 0x000000010df230c4
  0x000000010df215f8: 2b08 40b9 

  0x000000010df215fc: ;   {metadata('java/io/ByteArrayInputStream')}
  0x000000010df215fc: aa00 a0d2 | 0a6c 87f2 | 7f01 0a6b | a114 0054 | f02f 00f9 

  0x000000010df21610: ; ImmutableOopMap {rfp=Oop [0]=Oop [8]=Oop [48]=Oop [56]=NarrowOop [60]=NarrowOop [64]=NarrowOop [72]=Oop [80]=Oop [88]=Oop }
                      ;*invokevirtual read {reexecute=0 rethrow=0 return_oop=0}
                      ; - java.io.ObjectInputStream$PeekInputStream::read@23
                      ; - java.io.ObjectInputStream$BlockDataInputStream::read@58
                      ; - java.io.ObjectInputStream$BlockDataInputStream::readByte@1
                      ; - java.io.ObjectInputStream::skipCustomData@84
                      ; - java.io.ObjectInputStream::readSerialData@342
                      ;   {optimized virtual_call}
  0x000000010df21610: dc9a ac97 

  0x000000010df21614: ;   {other}
  0x000000010df21614: 1f20 03d5 | 9fa0 82f2 | 1f40 82f2 | aa0b 40f9 | 8097 f837 | 4a05 0091 | aa0b 00f9 | f02f 40f9 
  0x000000010df21634: f1fc ff17 | 9f81 0071 | 2102 0054 | 9f00 00eb | 80b8 ff54 | 8514 40f9 | a200 40b9 | a520 0091 
  0x000000010df21654: ff63 3feb | c200 00b4 | a884 40f8 | 1f00 08eb | 6000 0054 | 4204 00d1 | 82ff ffb5 | 6100 0054 
  0x000000010df21674: 8010 00f9 | e503 1faa | c5b6 ffb4 | 4117 8012 | f907 00f9 | f85b 0229 | f5eb 01a9 | f717 00f9 
  0x000000010df21694: ; ImmutableOopMap {[8]=Oop [24]=Oop [32]=Oop [40]=Oop [48]=Oop }
                      ;*ifne {reexecute=1 rethrow=0 return_oop=0}
                      ; - (reexecute) java.io.ObjectStreamClass$FieldReflector::setObjFieldValues@117
                      ; - java.io.ObjectStreamClass$FieldReflector::setObjFieldValues@4
                      ; - java.io.ObjectStreamClass::setObjFieldValues@6
                      ; - java.io.ObjectInputStream$FieldValues::defaultSetFieldValues@35
                      ; - java.io.ObjectInputStream::readSerialData@464
                      ;   {runtime_call UncommonTrapBlob}
  0x000000010df21694: 3bb6 ac97 

  0x000000010df21698: ;   {other}
  0x000000010df21698: 1f20 03d5 | 1fb1 82f2 | 1f60 82f2 | ea03 1faa | ea3f 00f9 | 38fe ff17 | f503 1faa | ed07 40f9 
  0x000000010df216b8: eafe ff17 | ea3b 00b9 | ea17 40f9 | 4a39 40f9 | 2522 40b9 | ec43 00b9 | 2c26 40b9 | bf00 1d72 
  0x000000010df216d8: 4a01 40f9 | e333 00f9 | eb03 00f9 | ed3f 00b9 | f12b 00f9 | e413 8a9a | ee2f 00f9 | 83f1 7dd3 
  0x000000010df216f8: ;   {oop(a 'java/lang/Class'{0x0000000702ff19a0} = 'java/io/ObjectStreamClass')}
  0x000000010df216f8: 0234 83d2 | e25f a0f2 | e200 c0f2 | e103 11aa 

  0x000000010df21708: ; ImmutableOopMap {[0]=Oop [8]=Oop [32]=Oop [48]=Oop [56]=NarrowOop [60]=NarrowOop [64]=NarrowOop [72]=Oop [80]=Oop [88]=Oop [96]=Oop [120]=Oop }
                      ;*invokevirtual checkAccess {reexecute=0 rethrow=0 return_oop=0}
                      ; - java.lang.reflect.Method::invoke@60
                      ; - java.io.ObjectStreamClass::invokeReadObject@24
                      ; - java.io.ObjectInputStream::readSerialData@183
                      ;   {optimized virtual_call}
  0x000000010df21708: 9e9a ac97 

  0x000000010df2170c: ;   {other}
  0x000000010df2170c: 1f20 03d5 | 9fbf 82f2 | 1f80 82f2 

  0x000000010df21718: ;   {oop(a 'java/lang/Class'{0x0000000702ff19a0} = 'java/io/ObjectStreamClass')}
  0x000000010df21718: 0234 83d2 | e25f a0f2 | e200 c0f2 | eb03 40f9 | ea37 4729 | ec43 40b9 | f13b 45a9 | e333 40f9 
  0x000000010df21738: 8dfe ff17 | fd03 06aa | eb03 00f9 | e417 00f9 | ea37 0729 | ec43 00b9 | ef3b 05a9 | e333 00f9 
  0x000000010df21758: e103 06aa 

  0x000000010df2175c: ; ImmutableOopMap {rfp=Oop [0]=Oop [8]=Oop [32]=Oop [48]=Oop [56]=NarrowOop [60]=NarrowOop [64]=NarrowOop [72]=Oop [80]=Oop [88]=Oop [96]=Oop [120]=Oop }
                      ;*invokestatic maybeCustomize {reexecute=0 rethrow=0 return_oop=0}
                      ; - java.lang.invoke.Invokers::checkCustomized@19
                      ; - java.lang.invoke.Invokers$Holder::invokeExact_MT@14
                      ; - jdk.internal.reflect.DirectMethodHandleAccessor::invokeImpl@55
                      ; - jdk.internal.reflect.DirectMethodHandleAccessor::invoke@23
                      ; - java.lang.reflect.Method::invoke@102
                      ; - java.io.ObjectStreamClass::invokeReadObject@24
                      ; - java.io.ObjectInputStream::readSerialData@183
                      ;   {static_call}
  0x000000010df2175c: f983 cc97 

  0x000000010df21760: ;   {other}
  0x000000010df21760: 1f20 03d5 | 1fca 82f2 | 1fa0 82f2 | eb03 40f9 | ef3b 45a9 | e603 1daa | e333 40f9 | a4fe ff17 
  0x000000010df21780: 7f6c 0171 | e09f ff54 | e81b 40f9 | e803 00f9 | 4117 8012 | f907 00f9 | f663 0229 | efeb 01a9 
  0x000000010df217a0: ee8b 02a9 | e33b 00b9 

  0x000000010df217a8: ; ImmutableOopMap {[0]=Oop [8]=Oop [24]=Oop [32]=Oop [40]=Oop }
                      ;*lookupswitch {reexecute=1 rethrow=0 return_oop=0}
                      ; - (reexecute) java.io.ObjectStreamClass$FieldReflector::setObjFieldValues@56
                      ; - java.io.ObjectStreamClass$FieldReflector::checkObjectFieldValueTypes@4
                      ; - java.io.ObjectStreamClass::checkObjFieldValueTypes@6
                      ; - java.io.ObjectInputStream$FieldValues::defaultCheckFieldValues@16
                      ; - java.io.ObjectInputStream::readSerialData@431
                      ;   {runtime_call UncommonTrapBlob}
  0x000000010df217a8: f6b5 ac97 

  0x000000010df217ac: ;   {other}
  0x000000010df217ac: 1f20 03d5 | 9fd3 82f2 | 1fc0 82f2 | 7f07 0071 | e98b 0054 | 9f01 1b6b | a28b 0054 | ee03 1faa 
  0x000000010df217cc: f003 0032 | ea1b 40f9 | 4ac9 308b | 4a11 40b9 | 4af1 7dd3 

  0x000000010df217e0: ; implicit exception: dispatches to 0x000000010df230dc
  0x000000010df217e0: 4b11 40b9 | 6bf1 7dd3 

  0x000000010df217e8: ; implicit exception: dispatches to 0x000000010df230f8
  0x000000010df217e8: 7d69 4039 | 6a5d 40b9 | 1d8c 0034 | 4af1 7dd3 | ea8a 00b5 | fb33 0229 | ee0f 00f9 | f023 00b9 
  0x000000010df21808: eb17 00f9 | fd03 0daa | e103 0baa 

  0x000000010df21814: ; ImmutableOopMap {rfp=Oop [0]=Oop [40]=Oop [48]=Oop [72]=Oop }
                      ;*invokevirtual requireInitialized {reexecute=0 rethrow=0 return_oop=0}
                      ; - java.io.ObjectStreamClass::hasReadObjectNoDataMethod@1
                      ; - java.io.ObjectInputStream::readSerialData@40
                      ;   {optimized virtual_call}
  0x000000010df21814: ffc9 c997 

  0x000000010df21818: ;   {other}
  0x000000010df21818: 1f20 03d5 | 1fe1 82f2 | 1fe0 82f2 | ea17 40f9 | 4b61 40b9 | cb19 0035 | eb23 40b9 | 7005 0011 
  0x000000010df21838: fb13 40b9 | 1f02 1b6b | 4b09 0054 | ed03 1daa | ec17 40b9 | f30f 40f9 | 16fc ff17 | f703 1faa 
  0x000000010df21858: 3ffd ff17 | eb03 00f9 | ea37 0729 | ec43 00b9 | e33b 05a9 | e233 00f9 | e103 11aa 

  0x000000010df21874: ; ImmutableOopMap {[0]=Oop [8]=Oop [32]=Oop [48]=Oop [56]=NarrowOop [60]=NarrowOop [64]=NarrowOop [72]=Oop [80]=Oop [88]=Oop [96]=Oop [120]=Oop }
                      ;*invokevirtual acquireMethodAccessor {reexecute=0 rethrow=0 return_oop=1}
                      ; - java.lang.reflect.Method::invoke@75
                      ; - java.io.ObjectStreamClass::invokeReadObject@24
                      ; - java.io.ObjectInputStream::readSerialData@183
                      ;   {optimized virtual_call}
  0x000000010df21874: b709 0094 

  0x000000010df21878: ;   {other}
  0x000000010df21878: 1f20 03d5 | 1fed 82f2 | 1f00 83f2 | eb03 40f9 | ea37 4729 | ec43 40b9 | e33b 45a9 | e233 40f9 
  0x000000010df21898: 38fe ff17 

  0x000000010df2189c: ;   {metadata('java/io/BufferedInputStream')}
  0x000000010df2189c: ca00 a0d2 | 0a6d 9af2 | 7f01 0a6b | 2187 0054 | f02f 00f9 

  0x000000010df218b0: ; ImmutableOopMap {rfp=Oop [0]=Oop [8]=Oop [48]=Oop [56]=NarrowOop [60]=NarrowOop [64]=NarrowOop [72]=Oop [80]=Oop [88]=Oop }
                      ;*invokevirtual read {reexecute=0 rethrow=0 return_oop=0}
                      ; - java.io.ObjectInputStream$PeekInputStream::read@23
                      ; - java.io.ObjectInputStream$BlockDataInputStream::read@58
                      ; - java.io.ObjectInputStream$BlockDataInputStream::readByte@1
                      ; - java.io.ObjectInputStream::skipCustomData@84
                      ; - java.io.ObjectInputStream::readSerialData@342
                      ;   {optimized virtual_call}
  0x000000010df218b0: 349a ac97 

  0x000000010df218b4: ;   {other}
  0x000000010df218b4: 1f20 03d5 | 9ff4 82f2 | 1f20 83f2 | 58ff ff17 | e417 40f9 | 41fe ff17 | 7f6d 0171 | a0a0 ff54 
  0x000000010df218d4: e81b 40f9 | e803 00f9 | 4117 8012 | f907 00f9 | f85b 0229 | f5eb 01a9 | f4ab 02a9 | eb3b 00b9 
  0x000000010df218f4: ; ImmutableOopMap {[0]=Oop [8]=Oop [24]=Oop [32]=Oop [40]=Oop }
                      ;*lookupswitch {reexecute=1 rethrow=0 return_oop=0}
                      ; - (reexecute) java.io.ObjectStreamClass$FieldReflector::setObjFieldValues@56
                      ; - java.io.ObjectStreamClass$FieldReflector::setObjFieldValues@4
                      ; - java.io.ObjectStreamClass::setObjFieldValues@6
                      ; - java.io.ObjectInputStream$FieldValues::defaultSetFieldValues@35
                      ; - java.io.ObjectInputStream::readSerialData@464
                      ;   {runtime_call UncommonTrapBlob}
  0x000000010df218f4: a3b5 ac97 

  0x000000010df218f8: ;   {other}
  0x000000010df218f8: 1f20 03d5 | 1ffd 82f2 | 1f40 83f2 | ed07 40f9 | 5f01 0deb | a0ca ff54 | ea1b 40f9 | ea07 00f9 
  0x000000010df21918: ea13 40f9 | e10f 1f32 | fd03 10aa | ea0b 00f9 

  0x000000010df21928: ; ImmutableOopMap {rfp=Oop [8]=Oop [16]=Oop [72]=Oop [88]=Oop [120]=Oop }
                      ;*new {reexecute=0 rethrow=0 return_oop=0}
                      ; - java.io.SerialCallbackContext::check@17
                      ; - java.io.ObjectInputStream::readSerialData@200
                      ;   {runtime_call UncommonTrapBlob}
  0x000000010df21928: 96b5 ac97 

  0x000000010df2192c: ;   {other}
  0x000000010df2192c: 1f20 03d5 | 9f03 83f2 | 1f60 83f2 | 5f01 0deb | 60b2 ff54 | e10f 1f32 | f03b 00a9 | e81b 40f9 
  0x000000010df2194c: e847 01a9 | ef23 00b9 | e417 00f9 

  0x000000010df21958: ; ImmutableOopMap {rfp=Oop [0]=Oop [8]=Oop [16]=Oop [24]=Oop [40]=Oop }
                      ;*new {reexecute=0 rethrow=0 return_oop=0}
                      ; - java.io.SerialCallbackContext::check@17
                      ; - java.io.ObjectInputStream::readSerialData@153
                      ;   {runtime_call UncommonTrapBlob}
  0x000000010df21958: 8ab5 ac97 

  0x000000010df2195c: ;   {other}
  0x000000010df2195c: 1f20 03d5 | 9f09 83f2 | 1f80 83f2 | ed03 1daa | ec17 40b9 | ee0f 40f9 | 97ff ff17 | 8da9 4129 
  0x000000010df2197c: bf01 0a6b | 401f 0054 | 6a00 f836 | 0000 a012 | 1bfc ff17 | 8a1d 40b9 | ab05 0011 | 5df1 7dd3 
  0x000000010df2199c: 8b0d 00b9 

  0x000000010df219a0: ; implicit exception: dispatches to 0x000000010df23114
  0x000000010df219a0: aa0f 40b9 | abc3 2d8b | bf01 0a6b | 0280 0054 | 6041 4039 | 11fc ff17 | eb03 40f9 | 6a35 40b9 
  0x000000010df219c0: 40f1 7dd3 | 20b2 ffb4 | 8a17 40f9 | 6a4d 00b4 | 8e1f 40f9 | 5021 00d1 | ca01 0a8b | 4081 1ff8 
  0x000000010df219e0: 9017 00f9 | 89fd ff17 | 8b16 40b9 | 60f1 7dd3 | a0c2 ffb4 | 8a17 40f9 | 8a50 00b4 | 8b1f 40f9 
  0x000000010df21a00: 4c21 00d1 | 6a01 0a8b | 4081 1ff8 | 8c17 00f9 | 0dfe ff17 | 0b36 40b9 | 60f1 7dd3 | 60c2 ffb4 
  0x000000010df21a20: 8a17 40f9 | 2a4d 00b4 | 8b1f 40f9 | 4c21 00d1 | 6a01 0a8b | 4081 1ff8 | 8c17 00f9 | 0bfe ff17 
  0x000000010df21a40: 8a2f 40f9 | 8e27 40f9 | bf3b 03d5 | 0f00 c039 | afaf ff34 | 1f00 0039 | 6e02 00b5 | f403 0d2a 
  0x000000010df21a60: f603 0c2a | f303 0baa | e103 1caa | c900 0010 

  0x000000010df21a70: ;   {runtime_call G1BarrierSetRuntime::write_ref_field_post_entry(unsigned char volatile*, JavaThread*)}
  0x000000010df21a70: 88ce 8ed2 | 482f a0f2 | 2800 c0f2 | ff27 bfa9 | 0001 3fd6 

  0x000000010df21a84: ;   {other}
  0x000000010df21a84: 1f20 03d5 | 1f00 80f2 | 1f00 80f2 | ff43 0091 | eb03 13aa | ed03 142a | ec03 162a | 69fd ff17 
  0x000000010df21aa4: cf21 00d1 | 4a01 0e8b | 4081 1ff8 | 8f27 00f9 | 64fd ff17 | 8a2f 40f9 | 8b27 40f9 | bf3b 03d5 
  0x000000010df21ac4: 0c00 c039 | 0cbf ff34 | 1f00 0039 | 2b02 00b5 | f303 10aa | f403 0daa | e103 1caa | c900 0010 
  0x000000010df21ae4: ;   {runtime_call G1BarrierSetRuntime::write_ref_field_post_entry(unsigned char volatile*, JavaThread*)}
  0x000000010df21ae4: 88ce 8ed2 | 482f a0f2 | 2800 c0f2 | ff27 bfa9 | 0001 3fd6 

  0x000000010df21af8: ;   {other}
  0x000000010df21af8: 1f20 03d5 | 1f00 80f2 | 1f00 80f2 | ff43 0091 | f003 13aa | ed03 14aa | e6fd ff17 | 6c21 00d1 
  0x000000010df21b18: 4a01 0b8b | 4081 1ff8 | 8c27 00f9 | e1fd ff17 | e287 44a9 

  0x000000010df21b2c: ; ImmutableOopMap {[0]=Oop [8]=Oop [32]=Oop [48]=Oop [56]=NarrowOop [60]=NarrowOop [64]=NarrowOop [72]=Oop [80]=Oop [88]=Oop }
                      ;*invokevirtual defaultCheckFieldValues {reexecute=0 rethrow=0 return_oop=0}
                      ; - java.io.ObjectInputStream::readSerialData@324
                      ;   {optimized virtual_call}
  0x000000010df21b2c: 9575 7996 

  0x000000010df21b30: ;   {other}
  0x000000010df21b30: 1f20 03d5 | 1f44 83f2 | 1fa0 83f2 | e287 44a9 

  0x000000010df21b40: ; ImmutableOopMap {[0]=Oop [8]=Oop [32]=Oop [48]=Oop [56]=NarrowOop [60]=NarrowOop [64]=NarrowOop [72]=Oop [88]=Oop }
                      ;*invokevirtual defaultSetFieldValues {reexecute=0 rethrow=0 return_oop=0}
                      ; - java.io.ObjectInputStream::readSerialData@330
                      ;   {optimized virtual_call}
  0x000000010df21b40: 7423 3594 

  0x000000010df21b44: ;   {other}
  0x000000010df21b44: 1f20 03d5 | 9f46 83f2 | 1fc0 83f2 | f903 1faa | f037 40a9 | f113 40f9 | fd47 40b9 | d6fd ff17 
  0x000000010df21b64: f103 1faa | ed03 1daa | fb33 4229 | f30f 40f9 | 6ffb ff17 | aa03 40b9 | 40f1 7dd3 | 008f ffb4 
  0x000000010df21b84: 8a17 40f9 | 4a5b 00b4 | 8b1f 40f9 | 4c21 00d1 | 6a01 0a8b | 4081 1ff8 | 8c17 00f9 | 70fc ff17 
  0x000000010df21ba4: 8a27 40f9 | 8b2f 40f9 | bf3b 03d5 | 0d00 c039 | 8d8f ff34 | 1f00 0039 | aa01 00b5 | e103 1caa 
  0x000000010df21bc4: c900 0010 

  0x000000010df21bc8: ;   {runtime_call G1BarrierSetRuntime::write_ref_field_post_entry(unsigned char volatile*, JavaThread*)}
  0x000000010df21bc8: 88ce 8ed2 | 482f a0f2 | 2800 c0f2 | ff27 bfa9 | 0001 3fd6 

  0x000000010df21bdc: ;   {other}
  0x000000010df21bdc: 1f20 03d5 | 1f00 80f2 | 1f00 80f2 | ff43 0091 | 6efc ff17 | 4c21 00d1 | 6a01 0a8b | 4081 1ff8 
  0x000000010df21bfc: 8c27 00f9 | 69fc ff17 | ab02 40b9 | 60f1 7dd3 | c098 ffb4 | 8a17 40f9 | aa61 00b4 | 8b1f 40f9 
  0x000000010df21c1c: 4c21 00d1 | 6a01 0a8b | 4081 1ff8 | 8c17 00f9 | befc ff17 | 8a2f 40f9 | 8b27 40f9 | bf3b 03d5 
  0x000000010df21c3c: 0d00 c039 | 2d99 ff34 | 1f00 0039 | eb01 00b5 | f303 11aa | e103 1caa | c900 0010 

  0x000000010df21c58: ;   {runtime_call G1BarrierSetRuntime::write_ref_field_post_entry(unsigned char volatile*, JavaThread*)}
  0x000000010df21c58: 88ce 8ed2 | 482f a0f2 | 2800 c0f2 | ff27 bfa9 | 0001 3fd6 

  0x000000010df21c6c: ;   {other}
  0x000000010df21c6c: 1f20 03d5 | 1f00 80f2 | 1f00 80f2 | ff43 0091 | f103 13aa | b9fc ff17 | 6c21 00d1 | 4a01 0b8b 
  0x000000010df21c8c: 4081 1ff8 | 8c27 00f9 | b4fc ff17 | aa43 40b9 | 40f1 7dd3 | e05c ffb4 | 8a17 40f9 | ea60 00b4 
  0x000000010df21cac: 8b1f 40f9 | 4c21 00d1 | 6a01 0a8b | 4081 1ff8 | 8c17 00f9 | dffa ff17 | 8a27 40f9 | 8b2f 40f9 
  0x000000010df21ccc: bf3b 03d5 | 0d00 c039 | 6d5d ff34 | 1f00 0039 | aa01 00b5 | e103 1caa | c900 0010 

  0x000000010df21ce8: ;   {runtime_call G1BarrierSetRuntime::write_ref_field_post_entry(unsigned char volatile*, JavaThread*)}
  0x000000010df21ce8: 88ce 8ed2 | 482f a0f2 | 2800 c0f2 | ff27 bfa9 | 0001 3fd6 

  0x000000010df21cfc: ;   {other}
  0x000000010df21cfc: 1f20 03d5 | 1f00 80f2 | 1f00 80f2 | ff43 0091 | ddfa ff17 | 4c21 00d1 | 6a01 0a8b | 4081 1ff8 
  0x000000010df21d1c: 8c27 00f9 | d8fa ff17 | fd03 0032 | 0afd ff17 | fb33 0229 | f30f 00f9 | fd03 0daa 

  0x000000010df21d38: ;   {metadata('java/io/ObjectInputStream$FieldValues'[])}
  0x000000010df21d38: 012e 8dd2 | c10f a0f2 | 0101 c0f2 | e203 1b2a 

  0x000000010df21d48: ; ImmutableOopMap {rfp=Oop [0]=Oop [48]=Oop [72]=Oop }
                      ;*anewarray {reexecute=0 rethrow=0 return_oop=1}
                      ; - java.io.ObjectInputStream::readSerialData@65
                      ;   {runtime_call _new_array_Java}
  0x000000010df21d48: 6ea5 af97 

  0x000000010df21d4c: ;   {other}
  0x000000010df21d4c: 1f20 03d5 | 9f87 83f2 | 1fe0 83f2 | ed03 1daa | fb33 4229 | f30f 40f9 | f2fa ff17 | ec2f 00f9 
  0x000000010df21d6c: e103 0caa 

  0x000000010df21d70: ; ImmutableOopMap {rfp=Oop [0]=Oop [8]=Oop [48]=Oop [56]=NarrowOop [60]=NarrowOop [64]=NarrowOop [72]=Oop [80]=Oop [88]=Oop }
                      ;*invokevirtual refill {reexecute=0 rethrow=0 return_oop=0}
                      ; - java.io.ObjectInputStream$BlockDataInputStream::read@19
                      ; - java.io.ObjectInputStream$BlockDataInputStream::readByte@1
                      ; - java.io.ObjectInputStream::skipCustomData@84
                      ; - java.io.ObjectInputStream::readSerialData@342
                      ;   {optimized virtual_call}
  0x000000010df21d70: 0499 ac97 

  0x000000010df21d74: ;   {other}
  0x000000010df21d74: 1f20 03d5 | 9f8c 83f2 | 1f00 84f2 | ec2f 40f9 | 8da9 4129 | f003 1daa | fefe ff17 | e057 00b9 
  0x000000010df21d94: e617 0c29 

  0x000000010df21d98: ;   {metadata('java/io/SerialCallbackContext')}
  0x000000010df21d98: 0138 84d2 | c10f a0f2 | 0101 c0f2 

  0x000000010df21da4: ; ImmutableOopMap {rfp=Oop [0]=Oop [8]=Oop [32]=Oop [48]=Oop [56]=NarrowOop [60]=NarrowOop [64]=NarrowOop [72]=Oop [84]=NarrowOop [88]=Oop [96]=NarrowOop [100]=NarrowOop [120]=Oop }
                      ;*new {reexecute=0 rethrow=0 return_oop=1}
                      ; - java.io.ObjectInputStream::readSerialData@157
                      ;   {runtime_call _new_instance_Java}
  0x000000010df21da4: 3796 af97 

  0x000000010df21da8: ;   {other}
  0x000000010df21da8: 1f20 03d5 | 1f93 83f2 | 1f20 84f2 | ef03 00aa | e057 40b9 | 8bfc ff17 | fd03 11aa | eb03 00f9 
  0x000000010df21dc8: edb3 0729 | f053 00b9 

  0x000000010df21dd0: ;   {metadata('java/lang/Object'[])}
  0x000000010df21dd0: 0155 97d2 | a100 a0f2 | 0101 c0f2 | e203 0032 

  0x000000010df21de0: ; ImmutableOopMap {rfp=Oop [0]=Oop [8]=Oop [32]=Oop [48]=Oop [56]=NarrowOop [60]=NarrowOop [64]=NarrowOop [72]=Oop [88]=Oop [120]=Oop }
                      ;*anewarray {reexecute=0 rethrow=0 return_oop=1}
                      ; - java.io.ObjectStreamClass::invokeReadObject@17
                      ; - java.io.ObjectInputStream::readSerialData@183
                      ;   {runtime_call _new_array_Java}
  0x000000010df21de0: 48a5 af97 

  0x000000010df21de4: ;   {other}
  0x000000010df21de4: 1f20 03d5 | 9f9a 83f2 | 1f40 84f2 | eb03 40f9 | edb3 4729 | f103 1daa | f053 40b9 | ee2f 40f9 
  0x000000010df21e04: e303 00aa | affc ff17 

  0x000000010df21e0c: ; implicit exception: dispatches to 0x000000010df23130
  0x000000010df21e0c: 1008 40b9 

  0x000000010df21e10: ;   {metadata('jdk/internal/reflect/DirectMethodHandleAccessor')}
  0x000000010df21e10: 6f00 a0d2 | 0f7e 9ff2 | 1f02 0f6b | 615d 0054 | ea3b 00b9 | ea03 00aa | eb03 00f9 | edb3 0729 
  0x000000010df21e30: e33b 05a9 | e22b 06a9 | e103 0aaa 

  0x000000010df21e3c: ; ImmutableOopMap {[0]=Oop [8]=Oop [32]=Oop [48]=Oop [56]=NarrowOop [60]=NarrowOop [64]=NarrowOop [72]=Oop [80]=Oop [88]=Oop [96]=Oop [104]=Oop [120]=Oop }
                      ;*invokevirtual isStatic {reexecute=0 rethrow=0 return_oop=0}
                      ; - jdk.internal.reflect.DirectMethodHandleAccessor::invoke@1
                      ; - java.lang.reflect.Method::invoke@90
                      ; - java.io.ObjectStreamClass::invokeReadObject@24
                      ; - java.io.ObjectInputStream::readSerialData@183
                      ;   {optimized virtual_call}
  0x000000010df21e3c: d198 ac97 

  0x000000010df21e40: ;   {other}
  0x000000010df21e40: 1f20 03d5 | 1fa6 83f2 | 1f60 84f2 | 200a 0034 | ea37 40f9 | 410d 40b9 | e22b 40f9 

  0x000000010df21e5c: ; ImmutableOopMap {[0]=Oop [8]=Oop [32]=Oop [48]=Oop [56]=NarrowOop [60]=NarrowOop [64]=NarrowOop [72]=Oop [80]=Oop [88]=Oop [96]=Oop [104]=Oop [120]=Oop }
                      ;*invokestatic checkArgumentCount {reexecute=0 rethrow=0 return_oop=0}
                      ; - jdk.internal.reflect.DirectMethodHandleAccessor::invoke@17
                      ; - java.lang.reflect.Method::invoke@90
                      ; - java.io.ObjectStreamClass::invokeReadObject@24
                      ; - java.io.ObjectInputStream::readSerialData@183
                      ;   {static_call}
  0x000000010df21e5c: 499a ac97 

  0x000000010df21e60: ;   {other}
  0x000000010df21e60: 1f20 03d5 | 1faa 83f2 | 1f80 84f2 | e137 40f9 

  0x000000010df21e70: ; ImmutableOopMap {[0]=Oop [8]=Oop [32]=Oop [48]=Oop [56]=NarrowOop [60]=NarrowOop [64]=NarrowOop [72]=Oop [80]=Oop [88]=Oop [96]=Oop [104]=Oop [120]=Oop }
                      ;*invokevirtual hasCallerParameter {reexecute=0 rethrow=0 return_oop=0}
                      ; - jdk.internal.reflect.DirectMethodHandleAccessor::invokeImpl@1
                      ; - jdk.internal.reflect.DirectMethodHandleAccessor::invoke@24
                      ; - java.lang.reflect.Method::invoke@90
                      ; - java.io.ObjectStreamClass::invokeReadObject@24
                      ; - java.io.ObjectInputStream::readSerialData@183
                      ;   {optimized virtual_call}
  0x000000010df21e70: c498 ac97 

  0x000000010df21e74: ;   {other}
  0x000000010df21e74: 1f20 03d5 | 9fac 83f2 | 1fa0 84f2 | 6009 0034 | ec37 40f9 | 8a19 40b9 | 8b0d 40b9 | 4af1 7dd3 
  0x000000010df21e94: 7f05 0071 | a05b 0054 | 7f05 0071 | 2a02 0054 | 7f05 0031 | 2d5f 0054 | ea37 00f9 | fd03 40f9 
  0x000000010df21eb4: ea27 40f9 | ea03 00f9 | ea1b 40f9 | ea07 00f9 | ea13 40f9 | c10e 8052 | ea0b 00f9 | ec2b 00f9 
  0x000000010df21ed4: ; ImmutableOopMap {rfp=Oop [0]=Oop [8]=Oop [16]=Oop [80]=Oop [88]=Oop [96]=Oop [104]=Oop [120]=Oop }
                      ;*invokevirtual invokeExact {reexecute=0 rethrow=0 return_oop=0}
                      ; - jdk.internal.reflect.DirectMethodHandleAccessor::invokeImpl@46
                      ; - jdk.internal.reflect.DirectMethodHandleAccessor::invoke@24
                      ; - java.lang.reflect.Method::invoke@90
                      ; - java.io.ObjectStreamClass::invokeReadObject@24
                      ; - java.io.ObjectInputStream::readSerialData@183
                      ;   {runtime_call UncommonTrapBlob}
  0x000000010df21ed4: 2bb4 ac97 

  0x000000010df21ed8: ;   {other}
  0x000000010df21ed8: 1f20 03d5 | 1fb9 83f2 | 1fc0 84f2 | 7f0d 0071 | 405b 0054 | 7f0d 0071 | ea5c 0054 | ea3b 00f9 
  0x000000010df21ef8: ea2b 40f9 | 4b11 40b9 | 7df1 7dd3 | eb27 40f9 | eb07 00f9 | eb13 40f9 | ec47 40b9 | 6103 8012 
  0x000000010df21f18: e81b 40f9 | e82f 01a9 | ec23 00b9 

  0x000000010df21f24: ; ImmutableOopMap {rfp=Oop [0]=Oop [8]=Oop [16]=Oop [24]=Oop [80]=Oop [88]=Oop [96]=Oop [104]=Oop [112]=Oop [120]=Oop }
                      ;*aaload {reexecute=0 rethrow=0 return_oop=0}
                      ; - jdk.internal.reflect.DirectMethodHandleAccessor::invokeImpl@77
                      ; - jdk.internal.reflect.DirectMethodHandleAccessor::invoke@24
                      ; - java.lang.reflect.Method::invoke@90
                      ; - java.io.ObjectStreamClass::invokeReadObject@24
                      ; - java.io.ObjectInputStream::readSerialData@183
                      ;   {runtime_call UncommonTrapBlob}
  0x000000010df21f24: 17b4 ac97 

  0x000000010df21f28: ;   {other}
  0x000000010df21f28: 1f20 03d5 | 1fc3 83f2 | 1fe0 84f2 | f037 00a9 | fb33 0229 | f3c7 01a9 | e717 00f9 | e10b 0729 
  0x000000010df21f48: e33f 0829 | ee27 00f9 | e42f 00f9 

  0x000000010df21f54: ;   {metadata('java/io/ObjectInputStream$FieldValues')}
  0x000000010df21f54: 019c 8cd2 | c10f a0f2 | 0101 c0f2 

  0x000000010df21f60: ; ImmutableOopMap {[0]=Oop [8]=Oop [32]=Oop [48]=Oop [56]=NarrowOop [60]=NarrowOop [64]=NarrowOop [72]=Oop [88]=Oop }
                      ;*new {reexecute=0 rethrow=0 return_oop=1}
                      ; - java.io.ObjectInputStream::readSerialData@289
                      ;   {runtime_call _new_instance_Java}
  0x000000010df21f60: c895 af97 

  0x000000010df21f64: ;   {other}
  0x000000010df21f64: 1f20 03d5 | 9fca 83f2 | 1f00 85f2 | d9fb ff17 | f003 0032 | eb03 40f9 | ea37 4729 | ec43 40b9 
  0x000000010df21f84: f103 1daa | e33b 45a9 | 6dfc ff17 | e227 40f9 | e137 40f9 

  0x000000010df21f98: ; ImmutableOopMap {[0]=Oop [8]=Oop [32]=Oop [48]=Oop [56]=NarrowOop [60]=NarrowOop [64]=NarrowOop [72]=Oop [80]=Oop [88]=Oop [96]=Oop [104]=Oop [120]=Oop }
                      ;*invokevirtual checkReceiver {reexecute=0 rethrow=0 return_oop=0}
                      ; - jdk.internal.reflect.DirectMethodHandleAccessor::invoke@9
                      ; - java.lang.reflect.Method::invoke@90
                      ; - java.io.ObjectStreamClass::invokeReadObject@24
                      ; - java.io.ObjectInputStream::readSerialData@183
                      ;   {optimized virtual_call}
  0x000000010df21f98: 7a98 ac97 

  0x000000010df21f9c: ;   {other}
  0x000000010df21f9c: 1f20 03d5 | 9fd1 83f2 | 1f20 85f2 | aaff ff17 

  0x000000010df21fac: ;   {oop(a 'java/lang/invoke/MethodHandleImpl$1'{0x0000000700922d68})}
  0x000000010df21fac: 01ad 85d2 | 4112 a0f2 | e100 c0f2 | e233 40f9 

  0x000000010df21fbc: ; ImmutableOopMap {[0]=Oop [8]=Oop [32]=Oop [48]=Oop [56]=NarrowOop [60]=NarrowOop [64]=NarrowOop [72]=Oop [80]=Oop [88]=Oop [104]=Oop [120]=Oop }
                      ;*invokeinterface reflectiveInvoker {reexecute=0 rethrow=0 return_oop=1}
                      ; - jdk.internal.reflect.DirectMethodHandleAccessor::invokeImpl@121
                      ; - jdk.internal.reflect.DirectMethodHandleAccessor::invoke@24
                      ; - java.lang.reflect.Method::invoke@90
                      ; - java.io.ObjectStreamClass::invokeReadObject@24
                      ; - java.io.ObjectInputStream::readSerialData@183
                      ;   {optimized virtual_call}
  0x000000010df21fbc: 7198 ac97 

  0x000000010df21fc0: ;   {other}
  0x000000010df21fc0: 1f20 03d5 | 1fd6 83f2 | 1f40 85f2 | ee03 00aa 

  0x000000010df21fd0: ; implicit exception: dispatches to 0x000000010df23220
  0x000000010df21fd0: 0b10 40b9 | 0a14 40b9 | ef37 40f9 | ed19 40b9 

  0x000000010df21fe0: ;   {oop(a 'java/lang/invoke/MethodType'{0x0000000702914a70} = (Ljava/lang/invoke/MethodHandle;Ljava/lang/Object;[Ljava/lang/Object;)Ljava/lang/Object;)}
  0x000000010df21fe0: 4c0a bcd2 | cc29 85f2 | 7f01 0c6b | 4af1 7dd3 | adf1 7dd3 | a156 0054 

  0x000000010df21ff8: ; implicit exception: dispatches to 0x000000010df23240
  0x000000010df21ff8: 4a1d 40b9 | 0a23 0034 | ef37 00f9 | e103 0eaa | e203 0daa | e393 44a9 

  0x000000010df22010: ; ImmutableOopMap {[0]=Oop [8]=Oop [32]=Oop [48]=Oop [56]=NarrowOop [60]=NarrowOop [64]=NarrowOop [72]=Oop [88]=Oop [104]=Oop [120]=Oop }
                      ;*invokevirtual invokeBasic {reexecute=0 rethrow=0 return_oop=1}
                      ; - java.lang.invoke.LambdaForm$MH/0x00000008000c2000::invokeExact_MT@22
                      ; - jdk.internal.reflect.DirectMethodHandleAccessor::invokeImpl@136
                      ; - jdk.internal.reflect.DirectMethodHandleAccessor::invoke@24
                      ; - java.lang.reflect.Method::invoke@90
                      ; - java.io.ObjectStreamClass::invokeReadObject@24
                      ; - java.io.ObjectInputStream::readSerialData@183
                      ;   {optimized virtual_call}
  0x000000010df22010: 5c98 ac97 

  0x000000010df22014: ;   {other}
  0x000000010df22014: 1f20 03d5 | 9fe0 83f2 | 1f60 85f2 | 83fc ff17 | e81b 40f9 | e803 00f9 | 6103 8012 | f907 00f9 
  0x000000010df22034: f663 0229 | efeb 01a9 | e23b 03a9 | f043 00b9 

  0x000000010df22044: ; ImmutableOopMap {[0]=Oop [8]=Oop [24]=Oop [32]=Oop [56]=Oop }
                      ;*aaload {reexecute=0 rethrow=0 return_oop=0}
                      ; - java.io.ObjectStreamClass$FieldReflector::setObjFieldValues@92
                      ; - java.io.ObjectStreamClass$FieldReflector::checkObjectFieldValueTypes@4
                      ; - java.io.ObjectStreamClass::checkObjFieldValueTypes@6
                      ; - java.io.ObjectInputStream$FieldValues::defaultCheckFieldValues@16
                      ; - java.io.ObjectInputStream::readSerialData@431
                      ;   {runtime_call UncommonTrapBlob}
  0x000000010df22044: cfb3 ac97 

  0x000000010df22048: ;   {other}
  0x000000010df22048: 1f20 03d5 | 1fe7 83f2 | 1f80 85f2 | e81b 40f9 | e807 00f9 | 6103 8012 | fd03 10aa | ee03 00f9 
  0x000000010df22068: f10b 00f9 | ef1b 00b9 | f553 02a9 | e51b 00f9 | eb3b 00b9 

  0x000000010df2207c: ; ImmutableOopMap {rfp=Oop [0]=Oop [8]=Oop [16]=Oop [32]=Oop [40]=Oop [48]=Oop }
                      ;*baload {reexecute=0 rethrow=0 return_oop=0}
                      ; - java.io.ObjectInputStream$HandleTable::lookupException@10
                      ; - java.io.ObjectInputStream::readSerialData@111
                      ;   {runtime_call UncommonTrapBlob}
  0x000000010df2207c: c1b3 ac97 

  0x000000010df22080: ;   {other}
  0x000000010df22080: 1f20 03d5 | 1fee 83f2 | 1fa0 85f2 | 2101 8012 | fd03 40f9 

  0x000000010df22094: ; ImmutableOopMap {rfp=Oop [72]=Oop }
                      ;*invokevirtual getClassDataLayout {reexecute=0 rethrow=0 return_oop=0}
                      ; - java.io.ObjectInputStream::readSerialData@1
                      ;   {runtime_call UncommonTrapBlob}
  0x000000010df22094: bbb3 ac97 

  0x000000010df22098: ;   {other}
  0x000000010df22098: 1f20 03d5 | 1ff1 83f2 | 1fc0 85f2 | e81b 40f9 | e807 00f9 | 5f04 00b1 | fd07 9f1a | bda7 9d5a 
  0x000000010df220b8: 4117 8012 | f90b 00f9 | f663 0329 | ef6b 02a9 | ee1b 00f9 

  0x000000010df220cc: ; ImmutableOopMap {[8]=Oop [16]=Oop [32]=Oop [40]=Oop [48]=Oop }
                      ;*ifne {reexecute=1 rethrow=0 return_oop=0}
                      ; - (reexecute) java.io.ObjectStreamClass$FieldReflector::setObjFieldValues@43
                      ; - java.io.ObjectStreamClass$FieldReflector::checkObjectFieldValueTypes@4
                      ; - java.io.ObjectStreamClass::checkObjFieldValueTypes@6
                      ; - java.io.ObjectInputStream$FieldValues::defaultCheckFieldValues@16
                      ; - java.io.ObjectInputStream::readSerialData@431
                      ;   {runtime_call UncommonTrapBlob}
  0x000000010df220cc: adb3 ac97 

  0x000000010df220d0: ;   {other}
  0x000000010df220d0: 1f20 03d5 | 1ff8 83f2 | 1fe0 85f2 | ea13 40f9 | 2101 8012 | fd03 40f9 | ea0b 00f9 

  0x000000010df220ec: ; ImmutableOopMap {rfp=Oop [16]=Oop [48]=Oop [72]=Oop [88]=Oop [120]=Oop }
                      ;*invokevirtual setUsed {reexecute=0 rethrow=0 return_oop=0}
                      ; - java.io.ObjectInputStream::readSerialData@190
                      ;   {runtime_call UncommonTrapBlob}
  0x000000010df220ec: a5b3 ac97 

  0x000000010df220f0: ;   {other}
  0x000000010df220f0: 1f20 03d5 | 1ffc 83f2 | 1f00 86f2 | 2101 8012 | e81b 40f9 | e867 01a9 | f013 00f9 | eb2b 00b9 
  0x000000010df22110: ecb3 03a9 

  0x000000010df22114: ; ImmutableOopMap {[16]=Oop [24]=Oop [32]=Oop [56]=Oop [64]=Oop [72]=Oop }
                      ;*invokevirtual peek {reexecute=0 rethrow=0 return_oop=0}
                      ; - java.io.ObjectInputStream$BlockDataInputStream::readBlockHeader@40
                      ; - java.io.ObjectInputStream$BlockDataInputStream::refill@72
                      ; - java.io.ObjectInputStream$BlockDataInputStream::skipBlockData@25
                      ; - java.io.ObjectInputStream::skipCustomData@19
                      ; - java.io.ObjectInputStream::readSerialData@342
                      ;   {runtime_call UncommonTrapBlob}
  0x000000010df22114: 9bb3 ac97 

  0x000000010df22118: ;   {other}
  0x000000010df22118: 1f20 03d5 | 1f01 84f2 | 1f20 86f2 | ea23 40b9 | 4117 8012 | ea1b 00b9 | eb2b 00b9 

  0x000000010df22134: ; ImmutableOopMap {rfp=Oop [48]=Oop [72]=Oop [80]=Oop }
                      ;*tableswitch {reexecute=1 rethrow=0 return_oop=0}
                      ; - (reexecute) java.io.ObjectInputStream::skipCustomData@38
                      ; - java.io.ObjectInputStream::readSerialData@342
                      ;   {runtime_call UncommonTrapBlob}
  0x000000010df22134: 93b3 ac97 

  0x000000010df22138: ;   {other}
  0x000000010df22138: 1f20 03d5 | 1f05 84f2 | 1f40 86f2 | ea27 40f9 | ea03 00f9 | ea1b 40f9 | ea07 00f9 | fd03 0baa 
  0x000000010df22158: ea13 40f9 | eb47 40b9 | 2104 8012 | ea0b 00f9 | eb1b 00b9 | ee13 00f9 | e01b 00f9 | e323 00f9 
  0x000000010df22178: ; ImmutableOopMap {rfp=Oop [0]=Oop [8]=Oop [16]=Oop [32]=Oop [48]=Oop [64]=Oop [120]=Oop }
                      ;*invokeinterface invoke {reexecute=0 rethrow=0 return_oop=0}
                      ; - java.lang.reflect.Method::invoke@102
                      ; - java.io.ObjectStreamClass::invokeReadObject@24
                      ; - java.io.ObjectInputStream::readSerialData@183
                      ;   {runtime_call UncommonTrapBlob}
  0x000000010df22178: 82b3 ac97 

  0x000000010df2217c: ;   {other}
  0x000000010df2217c: 1f20 03d5 | 9f0d 84f2 | 1f60 86f2 | e81b 40f9 | e803 00f9 | 6103 8012 | f907 00f9 | f813 00b9 
  0x000000010df2219c: f5eb 01a9 | f4ab 02a9 | f63b 00b9 

  0x000000010df221a8: ; ImmutableOopMap {[0]=Oop [8]=Oop [24]=Oop [32]=Oop [40]=Oop [48]=Oop }
                      ;*laload {reexecute=0 rethrow=0 return_oop=0}
                      ; - java.io.ObjectStreamClass$FieldReflector::setObjFieldValues@34
                      ; - java.io.ObjectStreamClass$FieldReflector::setObjFieldValues@4
                      ; - java.io.ObjectStreamClass::setObjFieldValues@6
                      ; - java.io.ObjectInputStream$FieldValues::defaultSetFieldValues@35
                      ; - java.io.ObjectInputStream::readSerialData@464
                      ;   {runtime_call UncommonTrapBlob}
  0x000000010df221a8: 76b3 ac97 

  0x000000010df221ac: ;   {other}
  0x000000010df221ac: 1f20 03d5 | 9f13 84f2 | 1f80 86f2 | e81b 40f9 | e803 00f9 | 6103 8012 | f907 00f9 | f813 00b9 
  0x000000010df221cc: f5eb 01a9 | f4ab 02a9 | eb1f 00f9 | f643 00b9 

  0x000000010df221dc: ; ImmutableOopMap {[0]=Oop [8]=Oop [24]=Oop [32]=Oop [40]=Oop [56]=Oop }
                      ;*caload {reexecute=0 rethrow=0 return_oop=0}
                      ; - java.io.ObjectStreamClass$FieldReflector::setObjFieldValues@55
                      ; - java.io.ObjectStreamClass$FieldReflector::setObjFieldValues@4
                      ; - java.io.ObjectStreamClass::setObjFieldValues@6
                      ; - java.io.ObjectInputStream$FieldValues::defaultSetFieldValues@35
                      ; - java.io.ObjectInputStream::readSerialData@464
                      ;   {runtime_call UncommonTrapBlob}
  0x000000010df221dc: 69b3 ac97 

  0x000000010df221e0: ;   {other}
  0x000000010df221e0: 1f20 03d5 | 1f1a 84f2 | 1fa0 86f2 | e81b 40f9 | e803 00f9 | 6103 8012 | f907 00f9 | f813 00b9 
  0x000000010df22200: f5eb 01a9 | ea53 03a9 | ed23 00f9 | f64b 00b9 

  0x000000010df22210: ; ImmutableOopMap {[0]=Oop [8]=Oop [24]=Oop [32]=Oop [56]=Oop [64]=Oop }
                      ;*iaload {reexecute=0 rethrow=0 return_oop=0}
                      ; - java.io.ObjectStreamClass$FieldReflector::setObjFieldValues@91
                      ; - java.io.ObjectStreamClass$FieldReflector::setObjFieldValues@4
                      ; - java.io.ObjectStreamClass::setObjFieldValues@6
                      ; - java.io.ObjectInputStream$FieldValues::defaultSetFieldValues@35
                      ; - java.io.ObjectInputStream::readSerialData@464
                      ;   {runtime_call UncommonTrapBlob}
  0x000000010df22210: 5cb3 ac97 

  0x000000010df22214: ;   {other}
  0x000000010df22214: 1f20 03d5 | 9f20 84f2 | 1fc0 86f2 | e81b 40f9 | e803 00f9 | 6103 8012 | f907 00f9 | f85b 0229 
  0x000000010df22234: f5eb 01a9 | ea53 03a9 | eb43 00b9 

  0x000000010df22240: ; ImmutableOopMap {[0]=Oop [8]=Oop [24]=Oop [32]=Oop [56]=Oop }
                      ;*aaload {reexecute=0 rethrow=0 return_oop=0}
                      ; - java.io.ObjectStreamClass$FieldReflector::setObjFieldValues@92
                      ; - java.io.ObjectStreamClass$FieldReflector::setObjFieldValues@4
                      ; - java.io.ObjectStreamClass::setObjFieldValues@6
                      ; - java.io.ObjectInputStream$FieldValues::defaultSetFieldValues@35
                      ; - java.io.ObjectInputStream::readSerialData@464
                      ;   {runtime_call UncommonTrapBlob}
  0x000000010df22240: 50b3 ac97 

  0x000000010df22244: ;   {other}
  0x000000010df22244: 1f20 03d5 | 9f26 84f2 | 1fe0 86f2 | 2111 8012 | fd03 40f9 | f10b 00f9 | fb1b 00b9 

  0x000000010df22260: ; ImmutableOopMap {rfp=Oop [16]=Oop [48]=Oop [72]=Oop }
                      ;*if_icmpge {reexecute=1 rethrow=0 return_oop=0}
                      ; - (reexecute) java.io.ObjectInputStream::readSerialData@77
                      ;   {runtime_call UncommonTrapBlob}
  0x000000010df22260: 48b3 ac97 

  0x000000010df22264: ;   {other}
  0x000000010df22264: 1f20 03d5 | 9f2a 84f2 | 1f00 87f2 | 2111 8012 | f907 00f9 | fb13 00b9 

  0x000000010df2227c: ; ImmutableOopMap {[8]=Oop [48]=Oop [72]=Oop }
                      ;*if_icmpge {reexecute=1 rethrow=0 return_oop=0}
                      ; - (reexecute) java.io.ObjectInputStream::readSerialData@414
                      ;   {runtime_call UncommonTrapBlob}
  0x000000010df2227c: 41b3 ac97 

  0x000000010df22280: ;   {other}
  0x000000010df22280: 1f20 03d5 | 1f2e 84f2 | 1f20 87f2 | e81b 40f9 | e803 00f9 | 6103 8012 | f907 00f9 | f85b 0229 
  0x000000010df222a0: f5eb 01a9 | f4ab 02a9 | f7b3 03a9 | eb4b 00b9 

  0x000000010df222b0: ; ImmutableOopMap {[0]=Oop [8]=Oop [24]=Oop [32]=Oop [40]=Oop [56]=Oop [64]=Oop }
                      ;*aaload {reexecute=0 rethrow=0 return_oop=0}
                      ; - java.io.ObjectStreamClass$FieldReflector::setObjFieldValues@111
                      ; - java.io.ObjectStreamClass$FieldReflector::setObjFieldValues@4
                      ; - java.io.ObjectStreamClass::setObjFieldValues@6
                      ; - java.io.ObjectInputStream$FieldValues::defaultSetFieldValues@35
                      ; - java.io.ObjectInputStream::readSerialData@464
                      ;   {runtime_call UncommonTrapBlob}
  0x000000010df222b0: 34b3 ac97 

  0x000000010df222b4: ;   {other}
  0x000000010df222b4: 1f20 03d5 | 9f34 84f2 | 1f40 87f2 | 4117 8012 | fd03 10aa | ee03 00f9 | f10b 00f9 | ef2b 0329 
  0x000000010df222d4: e413 00f9 

  0x000000010df222d8: ; ImmutableOopMap {rfp=Oop [0]=Oop [16]=Oop [32]=Oop [48]=Oop }
                      ;*ifeq {reexecute=1 rethrow=0 return_oop=0}
                      ; - (reexecute) java.io.ObjectInputStream::readSerialData@96
                      ;   {runtime_call UncommonTrapBlob}
  0x000000010df222d8: 2ab3 ac97 

  0x000000010df222dc: ;   {other}
  0x000000010df222dc: 1f20 03d5 | 9f39 84f2 | 1f60 87f2 | 4117 8012 | fd03 10aa | ee03 00f9 | f10b 00f9 | ef2b 0329 
  0x000000010df222fc: e417 00f9 

  0x000000010df22300: ; ImmutableOopMap {rfp=Oop [0]=Oop [16]=Oop [40]=Oop [48]=Oop }
                      ;*ifne {reexecute=1 rethrow=0 return_oop=0}
                      ; - (reexecute) java.io.ObjectStreamClass::requireInitialized@4
                      ; - java.io.ObjectStreamClass::hasReadObjectMethod@1
                      ; - java.io.ObjectInputStream::readSerialData@134
                      ;   {runtime_call UncommonTrapBlob}
  0x000000010df22300: 20b3 ac97 

  0x000000010df22304: ;   {other}
  0x000000010df22304: 1f20 03d5 | 9f3e 84f2 | 1f80 87f2 | 4117 8012 | f003 00f9 | f90f 00f9 | eb2b 00b9 

  0x000000010df22320: ; ImmutableOopMap {[0]=Oop [24]=Oop [48]=Oop [72]=Oop [88]=Oop }
                      ;*ifne {reexecute=1 rethrow=0 return_oop=0}
                      ; - (reexecute) java.io.ObjectStreamClass::requireInitialized@4
                      ; - java.io.ObjectStreamClass::hasWriteObjectData@1
                      ; - java.io.ObjectInputStream::readSerialData@335
                      ;   {runtime_call UncommonTrapBlob}
  0x000000010df22320: 18b3 ac97 

  0x000000010df22324: ;   {other}
  0x000000010df22324: 1f20 03d5 | 9f42 84f2 | 1fa0 87f2 | e81b 40f9 | e807 00f9 | 4117 8012 | fd03 10aa | ee03 00f9 
  0x000000010df22344: f10b 00f9 | ef13 0329 | f553 02a9 | eb33 00b9 

  0x000000010df22354: ; ImmutableOopMap {rfp=Oop [0]=Oop [8]=Oop [16]=Oop [32]=Oop [40]=Oop }
                      ;*if_icmpne {reexecute=1 rethrow=0 return_oop=0}
                      ; - (reexecute) java.io.ObjectInputStream$HandleTable::lookupException@12
                      ; - java.io.ObjectInputStream::readSerialData@111
                      ;   {runtime_call UncommonTrapBlob}
  0x000000010df22354: 0bb3 ac97 

  0x000000010df22358: ;   {other}
  0x000000010df22358: 1f20 03d5 | 1f49 84f2 | 1fc0 87f2 | 4117 8012 

  0x000000010df22368: ; ImmutableOopMap {[72]=Oop }
                      ;*ifnull {reexecute=1 rethrow=0 return_oop=0}
                      ; - (reexecute) java.io.ObjectInputStream::readSerialData@399
                      ;   {runtime_call UncommonTrapBlob}
  0x000000010df22368: 06b3 ac97 

  0x000000010df2236c: ;   {other}
  0x000000010df2236c: 1f20 03d5 | 9f4b 84f2 | 1fe0 87f2 | f503 0faa | f403 0d2a | f603 0c2a | f303 0baa | e103 1caa 
  0x000000010df2238c: c900 0010 

  0x000000010df22390: ;   {runtime_call G1BarrierSetRuntime::write_ref_field_pre_entry(oopDesc*, JavaThread*)}
  0x000000010df22390: 88c9 8ed2 | 482f a0f2 | 2800 c0f2 | ff27 bfa9 | 0001 3fd6 

  0x000000010df223a4: ;   {other}
  0x000000010df223a4: 1f20 03d5 | 1f00 80f2 | 1f00 80f2 | ff43 0091 | eb03 13aa | ed03 142a | ec03 162a | ef03 15aa 
  0x000000010df223c4: 11fb ff17 | f303 10aa | f403 0daa | e103 1caa | c900 0010 

  0x000000010df223d8: ;   {runtime_call G1BarrierSetRuntime::write_ref_field_pre_entry(oopDesc*, JavaThread*)}
  0x000000010df223d8: 88c9 8ed2 | 482f a0f2 | 2800 c0f2 | ff27 bfa9 | 0001 3fd6 

  0x000000010df223ec: ;   {other}
  0x000000010df223ec: 1f20 03d5 | 1f00 80f2 | 1f00 80f2 | ff43 0091 | f003 13aa | ed03 14aa | 99fb ff17 | e103 1caa 
  0x000000010df2240c: c900 0010 

  0x000000010df22410: ;   {runtime_call G1BarrierSetRuntime::write_ref_field_pre_entry(oopDesc*, JavaThread*)}
  0x000000010df22410: 88c9 8ed2 | 482f a0f2 | 2800 c0f2 | ff27 bfa9 | 0001 3fd6 

  0x000000010df22424: ;   {other}
  0x000000010df22424: 1f20 03d5 | 1f00 80f2 | 1f00 80f2 | ff43 0091 | f003 40f9 | 83fb ff17 | 6103 8012 | e81b 40f9 
  0x000000010df22444: e80b 00f9 | f117 00f9 

  0x000000010df2244c: ; ImmutableOopMap {[0]=Oop [16]=Oop [40]=Oop [72]=Oop [80]=Oop [88]=Oop }
                      ;*aastore {reexecute=1 rethrow=0 return_oop=0}
                      ; - (reexecute) java.io.ObjectInputStream::readSerialData@313
                      ;   {runtime_call UncommonTrapBlob}
  0x000000010df2244c: cdb2 ac97 

  0x000000010df22450: ;   {other}
  0x000000010df22450: 1f20 03d5 | 1f68 84f2 | 1f00 88f2 | ed33 00f9 | fd03 00aa | e103 00aa 

  0x000000010df22468: ; ImmutableOopMap {rfp=Oop [0]=Oop [8]=Oop [32]=Oop [48]=Oop [56]=NarrowOop [60]=NarrowOop [64]=NarrowOop [72]=Oop [80]=Oop [88]=Oop [96]=Oop [104]=Oop [120]=Oop }
                      ;*invokestatic maybeCustomize {reexecute=0 rethrow=0 return_oop=0}
                      ; - java.lang.invoke.Invokers::checkCustomized@19
                      ; - java.lang.invoke.LambdaForm$MH/0x00000008000c2000::invokeExact_MT@15
                      ; - jdk.internal.reflect.DirectMethodHandleAccessor::invokeImpl@136
                      ; - jdk.internal.reflect.DirectMethodHandleAccessor::invoke@24
                      ; - java.lang.reflect.Method::invoke@90
                      ; - java.io.ObjectStreamClass::invokeReadObject@24
                      ; - java.io.ObjectInputStream::readSerialData@183
                      ;   {static_call}
  0x000000010df22468: c698 ac97 

  0x000000010df2246c: ;   {other}
  0x000000010df2246c: 1f20 03d5 | 9f6b 84f2 | 1f20 88f2 | ee03 1daa | ed3f 46a9 | e0fe ff17 | 4117 8012 | f9c3 01a9 
  0x000000010df2248c: eb3f 0529 

  0x000000010df22490: ; ImmutableOopMap {[24]=Oop [32]=Oop [48]=Oop [72]=Oop }
                      ;*ifeq {reexecute=1 rethrow=0 return_oop=0}
                      ; - (reexecute) java.io.ObjectInputStream::skipCustomData@12
                      ; - java.io.ObjectInputStream::readSerialData@342
                      ;   {runtime_call UncommonTrapBlob}
  0x000000010df22490: bcb2 ac97 

  0x000000010df22494: ;   {other}
  0x000000010df22494: 1f20 03d5 | 9f70 84f2 | 1f40 88f2 | eb23 40b9 | 4117 8012 | eb1b 00b9 | e02b 00b9 

  0x000000010df224b0: ; ImmutableOopMap {rfp=Oop [48]=Oop [72]=Oop [80]=Oop }
                      ;*ifge {reexecute=1 rethrow=0 return_oop=0}
                      ; - (reexecute) java.io.ObjectInputStream$BlockDataInputStream::peekByte@6
                      ; - java.io.ObjectInputStream::skipCustomData@35
                      ; - java.io.ObjectInputStream::readSerialData@342
                      ;   {runtime_call UncommonTrapBlob}
  0x000000010df224b0: b4b2 ac97 

  0x000000010df224b4: ;   {other}
  0x000000010df224b4: 1f20 03d5 | 9f74 84f2 | 1f60 88f2 | eb23 40b9 | 4117 8012 | eb1b 00b9 | f013 00f9 | e02b 00b9 
  0x000000010df224d4: ; ImmutableOopMap {[32]=Oop [48]=Oop [72]=Oop [80]=Oop }
                      ;*ifge {reexecute=1 rethrow=0 return_oop=0}
                      ; - (reexecute) java.io.ObjectInputStream$BlockDataInputStream::readByte@6
                      ; - java.io.ObjectInputStream::skipCustomData@84
                      ; - java.io.ObjectInputStream::readSerialData@342
                      ;   {runtime_call UncommonTrapBlob}
  0x000000010df224d4: abb2 ac97 

  0x000000010df224d8: ;   {other}
  0x000000010df224d8: 1f20 03d5 | 1f79 84f2 | 1f80 88f2 | ec27 40f9 | ec03 00f9 | ec1b 40f9 | ec07 00f9 | ec13 40f9 
  0x000000010df224f8: ed47 40b9 | 4117 8012 | ec0b 00f9 | ed2b 0329 | ee1b 00f9 | eb23 00f9 

  0x000000010df22510: ; ImmutableOopMap {[0]=Oop [8]=Oop [16]=Oop [48]=Oop [64]=Oop [88]=Oop [120]=Oop }
                      ;*ifne {reexecute=1 rethrow=0 return_oop=0}
                      ; - (reexecute) java.io.ObjectStreamClass::requireInitialized@4
                      ; - java.io.ObjectStreamClass::invokeReadObject@1
                      ; - java.io.ObjectInputStream::readSerialData@183
                      ;   {runtime_call UncommonTrapBlob}
  0x000000010df22510: 9cb2 ac97 

  0x000000010df22514: ;   {other}
  0x000000010df22514: 1f20 03d5 | 9f80 84f2 | 1fa0 88f2 | ea27 40f9 | ea03 00f9 | ea1b 40f9 | ea07 00f9 | ea13 40f9 
  0x000000010df22534: ea0b 00f9 | ea47 40b9 | 4117 8012 | fd03 0baa | ea1b 00b9 | ee13 00f9 | ef1b 00f9 | e323 00f9 
  0x000000010df22554: f14b 00b9 

  0x000000010df22558: ; ImmutableOopMap {rfp=Oop [0]=Oop [8]=Oop [16]=Oop [32]=Oop [48]=Oop [64]=Oop [120]=Oop }
                      ;*if_icmpeq {reexecute=1 rethrow=0 return_oop=0}
                      ; - (reexecute) jdk.internal.reflect.DirectMethodHandleAccessor::checkArgumentCount@13
                      ; - jdk.internal.reflect.DirectMethodHandleAccessor::invoke@17
                      ; - java.lang.reflect.Method::invoke@102
                      ; - java.io.ObjectStreamClass::invokeReadObject@24
                      ; - java.io.ObjectInputStream::readSerialData@183
                      ;   {runtime_call UncommonTrapBlob}
  0x000000010df22558: 8ab2 ac97 

  0x000000010df2255c: ;   {other}
  0x000000010df2255c: 1f20 03d5 | 9f89 84f2 | 1fc0 88f2 | ea13 40f9 | ea0f 00f9 | ea47 40b9 | 3df2 7dd3 | 4117 8012 
  0x000000010df2257c: eb03 00f9 | e81b 40f9 | e80b 00f9 | ea23 00b9 | ee17 00f9 | ef9b 03a9 | e32b 00f9 

  0x000000010df22598: ; ImmutableOopMap {rfp=Oop [0]=Oop [16]=Oop [24]=Oop [40]=Oop [56]=Oop [64]=Oop [72]=Oop [80]=Oop [120]=Oop }
                      ;*if_acmpeq {reexecute=1 rethrow=0 return_oop=0}
                      ; - (reexecute) java.lang.invoke.Invokers::checkExactType@7
                      ; - java.lang.invoke.Invokers$Holder::invokeExact_MT@10
                      ; - jdk.internal.reflect.DirectMethodHandleAccessor::invokeImpl@55
                      ; - jdk.internal.reflect.DirectMethodHandleAccessor::invoke@23
                      ; - java.lang.reflect.Method::invoke@102
                      ; - java.io.ObjectStreamClass::invokeReadObject@24
                      ; - java.io.ObjectInputStream::readSerialData@183
                      ;   {runtime_call UncommonTrapBlob}
  0x000000010df22598: 7ab2 ac97 

  0x000000010df2259c: ;   {other}
  0x000000010df2259c: 1f20 03d5 | 9f91 84f2 | 1fe0 88f2 | 4117 8012 | e81b 40f9 | e867 01a9 | f013 00f9 | eb2b 0529 
  0x000000010df225bc: ec1f 00f9 

  0x000000010df225c0: ; ImmutableOopMap {[16]=Oop [24]=Oop [32]=Oop [56]=Oop [72]=Oop }
                      ;*ifeq {reexecute=1 rethrow=0 return_oop=0}
                      ; - (reexecute) java.io.ObjectInputStream$BlockDataInputStream::readBlockHeader@7
                      ; - java.io.ObjectInputStream$BlockDataInputStream::refill@72
                      ; - java.io.ObjectInputStream$BlockDataInputStream::skipBlockData@25
                      ; - java.io.ObjectInputStream::skipCustomData@19
                      ; - java.io.ObjectInputStream::readSerialData@342
                      ;   {runtime_call UncommonTrapBlob}
  0x000000010df225c0: 70b2 ac97 

  0x000000010df225c4: ;   {other}
  0x000000010df225c4: 1f20 03d5 | 9f96 84f2 | 1f00 89f2 | ea1b 40f9 | ea07 00f9 | ea2f 40f9 | 2101 8012 | fd03 10aa 
  0x000000010df225e4: ea0b 03a9 | e443 00b9 

  0x000000010df225ec: ; ImmutableOopMap {rfp=Oop [8]=Oop [48]=Oop [56]=Oop [72]=Oop [80]=Oop [88]=Oop }
                      ;*invokevirtual read {reexecute=0 rethrow=0 return_oop=0}
                      ; - java.io.ObjectInputStream$BlockDataInputStream::refill@31
                      ; - java.io.ObjectInputStream$BlockDataInputStream::skipBlockData@25
                      ; - java.io.ObjectInputStream::skipCustomData@19
                      ; - java.io.ObjectInputStream::readSerialData@342
                      ;   {runtime_call UncommonTrapBlob}
  0x000000010df225ec: 65b2 ac97 

  0x000000010df225f0: ;   {other}
  0x000000010df225f0: 1f20 03d5 | 1f9c 84f2 | 1f20 89f2 | ea1b 40f9 | ea07 00f9 | ea47 40b9 | ea1b 00b9 | ea2f 40f9 
  0x000000010df22610: 4117 8012 | fd13 40f9 | ea2b 03a9 | e047 00b9 

  0x000000010df22620: ; ImmutableOopMap {rfp=Oop [8]=Oop [48]=Oop [56]=Oop [72]=Oop [80]=Oop }
                      ;*tableswitch {reexecute=1 rethrow=0 return_oop=0}
                      ; - (reexecute) java.io.ObjectInputStream$BlockDataInputStream::readBlockHeader@45
                      ; - java.io.ObjectInputStream$BlockDataInputStream::refill@72
                      ; - java.io.ObjectInputStream$BlockDataInputStream::skipBlockData@25
                      ; - java.io.ObjectInputStream::skipCustomData@19
                      ; - java.io.ObjectInputStream::readSerialData@342
                      ;   {runtime_call UncommonTrapBlob}
  0x000000010df22620: 58b2 ac97 

  0x000000010df22624: ;   {other}
  0x000000010df22624: 1f20 03d5 | 9fa2 84f2 | 1f40 89f2 | ea1b 40f9 | ea07 00f9 | ec47 40b9 | ea2f 40f9 | 2101 8012 
  0x000000010df22644: fd13 40f9 | ec1b 00b9 | ea2b 03a9 | eb23 00f9 

  0x000000010df22654: ; ImmutableOopMap {rfp=Oop [8]=Oop [48]=Oop [56]=Oop [64]=Oop [72]=Oop [80]=Oop }
                      ;*invokevirtual readFully {reexecute=0 rethrow=0 return_oop=0}
                      ; - java.io.ObjectInputStream$BlockDataInputStream::readBlockHeader@94
                      ; - java.io.ObjectInputStream$BlockDataInputStream::refill@72
                      ; - java.io.ObjectInputStream$BlockDataInputStream::skipBlockData@25
                      ; - java.io.ObjectInputStream::skipCustomData@19
                      ; - java.io.ObjectInputStream::readSerialData@342
                      ;   {runtime_call UncommonTrapBlob}
  0x000000010df22654: 4bb2 ac97 

  0x000000010df22658: ;   {other}
  0x000000010df22658: 1f20 03d5 | 1fa9 84f2 | 1f60 89f2 | ec1b 40f9 | 6103 8012 | fd13 40f9 | ec07 00f9 | ea2f 03a9 
  0x000000010df22678: ; ImmutableOopMap {rfp=Oop [8]=Oop [48]=Oop [56]=Oop [72]=Oop [80]=Oop [88]=Oop }
                      ;*baload {reexecute=0 rethrow=0 return_oop=0}
                      ; - java.io.ObjectInputStream$BlockDataInputStream::readBlockHeader@102
                      ; - java.io.ObjectInputStream$BlockDataInputStream::refill@72
                      ; - java.io.ObjectInputStream$BlockDataInputStream::skipBlockData@25
                      ; - java.io.ObjectInputStream::skipCustomData@19
                      ; - java.io.ObjectInputStream::readSerialData@342
                      ;   {runtime_call UncommonTrapBlob}
  0x000000010df22678: 42b2 ac97 

  0x000000010df2267c: ;   {other}
  0x000000010df2267c: 1f20 03d5 | 9fad 84f2 | 1f80 89f2 | ea1b 40f9 | ea07 00f9 | ea2f 40f9 | 4117 8012 | fd13 40f9 
  0x000000010df2269c: ea2b 03a9 | e043 00b9 

  0x000000010df226a4: ; ImmutableOopMap {rfp=Oop [8]=Oop [48]=Oop [56]=Oop [72]=Oop [80]=Oop }
                      ;*ifge {reexecute=1 rethrow=0 return_oop=0}
                      ; - (reexecute) java.io.ObjectInputStream$PeekInputStream::readFully@26
                      ; - java.io.ObjectInputStream$BlockDataInputStream::readBlockHeader@94
                      ; - java.io.ObjectInputStream$BlockDataInputStream::refill@72
                      ; - java.io.ObjectInputStream$BlockDataInputStream::skipBlockData@25
                      ; - java.io.ObjectInputStream::skipCustomData@19
                      ; - java.io.ObjectInputStream::readSerialData@342
                      ;   {runtime_call UncommonTrapBlob}
  0x000000010df226a4: 37b2 ac97 

  0x000000010df226a8: ;   {other}
  0x000000010df226a8: 1f20 03d5 | 1fb3 84f2 | 1fa0 89f2 | ea27 40f9 | eb2b 00a9 | ea13 40f9 | eb47 40b9 | 4117 8012 
  0x000000010df226c8: e81b 40f9 | e82b 01a9 | eb23 00b9 | ee17 00f9 | f11f 00f9 | e327 00f9 

  0x000000010df226e0: ; ImmutableOopMap {[0]=Oop [8]=Oop [16]=Oop [24]=Oop [40]=Oop [56]=Oop [72]=Oop [120]=Oop }
                      ;*ifeq {reexecute=1 rethrow=0 return_oop=0}
                      ; - (reexecute) java.lang.reflect.Method::invoke@16
                      ; - java.io.ObjectStreamClass::invokeReadObject@24
                      ; - java.io.ObjectInputStream::readSerialData@183
                      ;   {runtime_call UncommonTrapBlob}
  0x000000010df226e0: 28b2 ac97 

  0x000000010df226e4: ;   {other}
  0x000000010df226e4: 1f20 03d5 | 9fba 84f2 | 1fc0 89f2 | e103 1caa | c900 0010 

  0x000000010df226f8: ;   {runtime_call G1BarrierSetRuntime::write_ref_field_pre_entry(oopDesc*, JavaThread*)}
  0x000000010df226f8: 88c9 8ed2 | 482f a0f2 | 2800 c0f2 | ff27 bfa9 | 0001 3fd6 

  0x000000010df2270c: ;   {other}
  0x000000010df2270c: 1f20 03d5 | 1f00 80f2 | 1f00 80f2 | ff43 0091 | f903 00f9 | f80b 00b9 | f903 40f9 | f80b 40b9 
  0x000000010df2272c: 8df9 ff17 | e81b 40f9 | e80b 00f9 | 4117 8012 | f9c3 01a9 | eb3b 0529 | ea33 00b9 

  0x000000010df22748: ; ImmutableOopMap {[16]=Oop [24]=Oop [32]=Oop [72]=Oop }
                      ;*if_icmpge {reexecute=1 rethrow=0 return_oop=0}
                      ; - (reexecute) java.io.ObjectInputStream$BlockDataInputStream::setBlockDataMode@43
                      ; - java.io.ObjectInputStream::skipCustomData@27
                      ; - java.io.ObjectInputStream::readSerialData@342
                      ;   {runtime_call UncommonTrapBlob}
  0x000000010df22748: 0eb2 ac97 

  0x000000010df2274c: ;   {other}
  0x000000010df2274c: 1f20 03d5 | 9fc7 84f2 | 1fe0 89f2 | e81b 40f9 | e807 00f9 | 5f05 00b1 | fd07 9f1a | bda7 9d5a 
  0x000000010df2276c: 4117 8012 | f90b 00f9 | f85b 0329 | f56b 02a9 | f41b 00f9 

  0x000000010df22780: ; ImmutableOopMap {[8]=Oop [16]=Oop [32]=Oop [40]=Oop [48]=Oop }
                      ;*ifne {reexecute=1 rethrow=0 return_oop=0}
                      ; - (reexecute) java.io.ObjectStreamClass$FieldReflector::setObjFieldValues@43
                      ; - java.io.ObjectStreamClass$FieldReflector::setObjFieldValues@4
                      ; - java.io.ObjectStreamClass::setObjFieldValues@6
                      ; - java.io.ObjectInputStream$FieldValues::defaultSetFieldValues@35
                      ; - java.io.ObjectInputStream::readSerialData@464
                      ;   {runtime_call UncommonTrapBlob}
  0x000000010df22780: 00b2 ac97 

  0x000000010df22784: ;   {other}
  0x000000010df22784: 1f20 03d5 | 9fce 84f2 | 1f00 8af2 | ea1b 40f9 | ea07 00f9 | ea2f 40f9 | 4117 8012 | fd13 40f9 
  0x000000010df227a4: ea1b 00f9 | e03b 00b9 

  0x000000010df227ac: ; ImmutableOopMap {rfp=Oop [8]=Oop [48]=Oop [72]=Oop [80]=Oop [88]=Oop }
                      ;*iflt {reexecute=1 rethrow=0 return_oop=0}
                      ; - (reexecute) java.io.ObjectInputStream$BlockDataInputStream::readBlockHeader@194
                      ; - java.io.ObjectInputStream$BlockDataInputStream::refill@72
                      ; - java.io.ObjectInputStream$BlockDataInputStream::skipBlockData@25
                      ; - java.io.ObjectInputStream::skipCustomData@19
                      ; - java.io.ObjectInputStream::readSerialData@342
                      ;   {runtime_call UncommonTrapBlob}
  0x000000010df227ac: f5b1 ac97 

  0x000000010df227b0: ;   {other}
  0x000000010df227b0: 1f20 03d5 | 1fd4 84f2 | 1f20 8af2 | ea1b 40f9 | ea07 00f9 | ea2f 40f9 | 4118 8012 | fd13 40f9 
  0x000000010df227d0: ea1b 00f9 | e03f 00b9 

  0x000000010df227d8: ; ImmutableOopMap {rfp=Oop [8]=Oop [48]=Oop [72]=Oop [80]=Oop [88]=Oop }
                      ;*if_icmplt {reexecute=1 rethrow=0 return_oop=0}
                      ; - (reexecute) java.io.ObjectInputStream$BlockDataInputStream::readBlockHeader@200
                      ; - java.io.ObjectInputStream$BlockDataInputStream::refill@72
                      ; - java.io.ObjectInputStream$BlockDataInputStream::skipBlockData@25
                      ; - java.io.ObjectInputStream::skipCustomData@19
                      ; - java.io.ObjectInputStream::readSerialData@342
                      ;   {runtime_call UncommonTrapBlob}
  0x000000010df227d8: eab1 ac97 

  0x000000010df227dc: ;   {other}
  0x000000010df227dc: 1f20 03d5 | 9fd9 84f2 | 1f40 8af2 | e81b 40f9 | e803 00f9 | 2111 8012 | f907 00f9 | f613 00b9 
  0x000000010df227fc: efeb 01a9 | ee17 00f9 | ec2b 0629 

  0x000000010df22808: ; ImmutableOopMap {[0]=Oop [8]=Oop [24]=Oop [32]=Oop [40]=Oop }
                      ;*if_icmpge {reexecute=1 rethrow=0 return_oop=0}
                      ; - (reexecute) java.io.ObjectStreamClass$FieldReflector::setObjFieldValues@25
                      ; - java.io.ObjectStreamClass$FieldReflector::checkObjectFieldValueTypes@4
                      ; - java.io.ObjectStreamClass::checkObjFieldValueTypes@6
                      ; - java.io.ObjectInputStream$FieldValues::defaultCheckFieldValues@16
                      ; - java.io.ObjectInputStream::readSerialData@431
                      ;   {runtime_call UncommonTrapBlob}
  0x000000010df22808: deb1 ac97 

  0x000000010df2280c: ;   {other}
  0x000000010df2280c: 1f20 03d5 | 9fdf 84f2 | 1f60 8af2 | e81b 40f9 | e803 00f9 | 2108 8012 | f907 00f9 | f613 00b9 
  0x000000010df2282c: efeb 01a9 | ee17 00f9 | ec2b 0629 

  0x000000010df22838: ; ImmutableOopMap {[0]=Oop [8]=Oop [24]=Oop [32]=Oop [40]=Oop }
                      ;*if_icmpge {reexecute=1 rethrow=0 return_oop=0}
                      ; - (reexecute) java.io.ObjectStreamClass$FieldReflector::setObjFieldValues@25
                      ; - java.io.ObjectStreamClass$FieldReflector::checkObjectFieldValueTypes@4
                      ; - java.io.ObjectStreamClass::checkObjFieldValueTypes@6
                      ; - java.io.ObjectInputStream$FieldValues::defaultCheckFieldValues@16
                      ; - java.io.ObjectInputStream::readSerialData@431
                      ;   {runtime_call UncommonTrapBlob}
  0x000000010df22838: d2b1 ac97 

  0x000000010df2283c: ;   {other}
  0x000000010df2283c: 1f20 03d5 | 9fe5 84f2 | 1f80 8af2 | e103 1caa | c900 0010 

  0x000000010df22850: ;   {runtime_call G1BarrierSetRuntime::write_ref_field_pre_entry(oopDesc*, JavaThread*)}
  0x000000010df22850: 88c9 8ed2 | 482f a0f2 | 2800 c0f2 | ff27 bfa9 | 0001 3fd6 

  0x000000010df22864: ;   {other}
  0x000000010df22864: 1f20 03d5 | 1f00 80f2 | 1f00 80f2 | ff43 0091 | f113 40f9 | abf9 ff17 | eb1b 40f9 | 4117 8012 
  0x000000010df22884: fd13 40f9 | eb07 00f9 | ea1b 00f9 | e03b 00b9 

  0x000000010df22894: ; ImmutableOopMap {rfp=Oop [8]=Oop [48]=Oop [72]=Oop [80]=Oop [88]=Oop }
                      ;*iflt {reexecute=1 rethrow=0 return_oop=0}
                      ; - (reexecute) java.io.ObjectInputStream$BlockDataInputStream::refill@36
                      ; - java.io.ObjectInputStream$BlockDataInputStream::skipBlockData@25
                      ; - java.io.ObjectInputStream::skipCustomData@19
                      ; - java.io.ObjectInputStream::readSerialData@342
                      ;   {runtime_call UncommonTrapBlob}
  0x000000010df22894: bbb1 ac97 

  0x000000010df22898: ;   {other}
  0x000000010df22898: 1f20 03d5 | 1ff1 84f2 | 1fa0 8af2 | 4117 8012 | f003 00f9 | f90f 00f9 | ee2b 0429 

  0x000000010df228b4: ; ImmutableOopMap {[0]=Oop [24]=Oop [48]=Oop [72]=Oop }
                      ;*if_icmpge {reexecute=1 rethrow=0 return_oop=0}
                      ; - (reexecute) java.io.ObjectInputStream$BlockDataInputStream::setBlockDataMode@43
                      ; - java.io.ObjectInputStream::readSerialData@353
                      ;   {runtime_call UncommonTrapBlob}
  0x000000010df228b4: b3b1 ac97 

  0x000000010df228b8: ;   {other}
  0x000000010df228b8: 1f20 03d5 | 1ff5 84f2 | 1fc0 8af2 | e103 1caa | c900 0010 

  0x000000010df228cc: ;   {runtime_call G1BarrierSetRuntime::write_ref_field_pre_entry(oopDesc*, JavaThread*)}
  0x000000010df228cc: 88c9 8ed2 | 482f a0f2 | 2800 c0f2 | ff27 bfa9 | 0001 3fd6 

  0x000000010df228e0: ;   {other}
  0x000000010df228e0: 1f20 03d5 | 1f00 80f2 | 1f00 80f2 | ff43 0091 | d3f7 ff17 | 2101 8012 | f907 00f9 | f813 00b9 
  0x000000010df22900: fa8f 01a9 

  0x000000010df22904: ; ImmutableOopMap {[8]=Oop [24]=Oop [32]=Oop [48]=Oop }
                      ;*invokevirtual setPrimFieldValues {reexecute=0 rethrow=0 return_oop=0}
                      ; - java.io.ObjectStreamClass::setPrimFieldValues@6
                      ; - java.io.ObjectInputStream$FieldValues::defaultSetFieldValues@16
                      ; - java.io.ObjectInputStream::readSerialData@464
                      ;   {runtime_call UncommonTrapBlob}
  0x000000010df22904: 9fb1 ac97 

  0x000000010df22908: ;   {other}
  0x000000010df22908: 1f20 03d5 | 1fff 84f2 | 1fe0 8af2 | e81b 40f9 | e80b 00f9 | 4117 8012 | e037 00b9 | ea1f 00f9 
  0x000000010df22928: ; ImmutableOopMap {rfp=Oop [16]=Oop [72]=Oop [80]=Oop [88]=Oop }
                      ;*iflt {reexecute=1 rethrow=0 return_oop=0}
                      ; - (reexecute) java.io.ObjectInputStream$PeekInputStream::read@33
                      ; - java.io.ObjectInputStream$BlockDataInputStream::read@58
                      ; - java.io.ObjectInputStream$BlockDataInputStream::readByte@1
                      ; - java.io.ObjectInputStream::skipCustomData@84
                      ; - java.io.ObjectInputStream::readSerialData@342
                      ;   {runtime_call UncommonTrapBlob}
  0x000000010df22928: 96b1 ac97 

  0x000000010df2292c: ;   {other}
  0x000000010df2292c: 1f20 03d5 | 9f03 85f2 | 1f00 8bf2 | 2111 8012 | fd03 40f9 | fb13 00b9 

  0x000000010df22944: ; ImmutableOopMap {rfp=Oop [48]=Oop [72]=Oop }
                      ;*if_icmpge {reexecute=1 rethrow=0 return_oop=0}
                      ; - (reexecute) java.io.ObjectInputStream::readSerialData@18
                      ;   {runtime_call UncommonTrapBlob}
  0x000000010df22944: 8fb1 ac97 

  0x000000010df22948: ;   {other}
  0x000000010df22948: 1f20 03d5 | 1f07 85f2 | 1f20 8bf2 | 5f01 1feb | fd07 9f1a | 4117 8012 

  0x000000010df22960: ; ImmutableOopMap {[0]=Oop [48]=Oop [72]=Oop }
                      ;*ifne {reexecute=1 rethrow=0 return_oop=0}
                      ; - (reexecute) java.io.ObjectInputStream::readSerialData@35
                      ;   {runtime_call UncommonTrapBlob}
  0x000000010df22960: 88b1 ac97 

  0x000000010df22964: ;   {other}
  0x000000010df22964: 1f20 03d5 | 9f0a 85f2 | 1f40 8bf2 | 4117 8012 | f01b 00b9 | eb13 00f9 

  0x000000010df2297c: ; ImmutableOopMap {[0]=Oop [32]=Oop [48]=Oop [72]=Oop }
                      ;*ifne {reexecute=1 rethrow=0 return_oop=0}
                      ; - (reexecute) java.io.ObjectStreamClass::requireInitialized@4
                      ; - java.io.ObjectStreamClass::hasReadObjectMethod@1
                      ; - java.io.ObjectInputStream::readSerialData@32
                      ;   {runtime_call UncommonTrapBlob}
  0x000000010df2297c: 81b1 ac97 

  0x000000010df22980: ;   {other}
  0x000000010df22980: 1f20 03d5 | 1f0e 85f2 | 1f60 8bf2 | e81b 40f9 | e80b 00f9 | f087 02a9 | 2107 8012 

  0x000000010df2299c: ; ImmutableOopMap {rfp=Oop [16]=Oop [40]=Oop [48]=Oop [72]=Oop [80]=Oop }
                      ;*invokevirtual read {reexecute=0 rethrow=0 return_oop=0}
                      ; - java.io.ObjectInputStream$PeekInputStream::read@23
                      ; - java.io.ObjectInputStream$BlockDataInputStream::read@58
                      ; - java.io.ObjectInputStream$BlockDataInputStream::readByte@1
                      ; - java.io.ObjectInputStream::skipCustomData@84
                      ; - java.io.ObjectInputStream::readSerialData@342
                      ;   {runtime_call UncommonTrapBlob}
  0x000000010df2299c: 79b1 ac97 

  0x000000010df229a0: ;   {other}
  0x000000010df229a0: 1f20 03d5 | 1f12 85f2 | 1f80 8bf2 | 6103 8012 | f017 00f9 | ed3b 00b9 

  0x000000010df229b8: ; ImmutableOopMap {rfp=Oop [40]=Oop [48]=Oop [72]=Oop [80]=Oop }
                      ;*baload {reexecute=0 rethrow=0 return_oop=0}
                      ; - java.io.ObjectInputStream$BlockDataInputStream::read@44
                      ; - java.io.ObjectInputStream$BlockDataInputStream::readByte@1
                      ; - java.io.ObjectInputStream::skipCustomData@84
                      ; - java.io.ObjectInputStream::readSerialData@342
                      ;   {runtime_call UncommonTrapBlob}
  0x000000010df229b8: 72b1 ac97 

  0x000000010df229bc: ;   {other}
  0x000000010df229bc: 1f20 03d5 | 9f15 85f2 | 1fa0 8bf2 | ea27 40f9 | ea03 00f9 | ea1b 40f9 | ea07 00f9 | fd03 0baa 
  0x000000010df229dc: ea13 40f9 | eb47 40b9 | 2104 8012 | ea0b 00f9 | eb1b 00b9 | ee13 00f9 | e01b 00f9 | e30b 04a9 
  0x000000010df229fc: ; ImmutableOopMap {rfp=Oop [0]=Oop [8]=Oop [16]=Oop [32]=Oop [48]=Oop [64]=Oop [72]=Oop [120]=Oop }
                      ;*invokeinterface invoke {reexecute=0 rethrow=0 return_oop=0}
                      ; - java.lang.reflect.Method::invoke@90
                      ; - java.io.ObjectStreamClass::invokeReadObject@24
                      ; - java.io.ObjectInputStream::readSerialData@183
                      ;   {runtime_call UncommonTrapBlob}
  0x000000010df229fc: 61b1 ac97 

  0x000000010df22a00: ;   {other}
  0x000000010df22a00: 1f20 03d5 | 1f1e 85f2 | 1fc0 8bf2 | ea3b 00f9 | ea2b 40f9 | 4a11 40b9 | 5df1 7dd3 | ea27 40f9 
  0x000000010df22a20: ea07 00f9 | ea13 40f9 | ea0f 00f9 | ea47 40b9 | c10e 8052 | e81b 40f9 | e80b 00f9 | ea23 00b9 
  0x000000010df22a40: ; ImmutableOopMap {rfp=Oop [0]=Oop [8]=Oop [16]=Oop [24]=Oop [88]=Oop [96]=Oop [104]=Oop [112]=Oop [120]=Oop }
                      ;*invokevirtual invokeExact {reexecute=0 rethrow=0 return_oop=0}
                      ; - jdk.internal.reflect.DirectMethodHandleAccessor::invokeImpl@61
                      ; - jdk.internal.reflect.DirectMethodHandleAccessor::invoke@24
                      ; - java.lang.reflect.Method::invoke@90
                      ; - java.io.ObjectStreamClass::invokeReadObject@24
                      ; - java.io.ObjectInputStream::readSerialData@183
                      ;   {runtime_call UncommonTrapBlob}
  0x000000010df22a40: 50b1 ac97 

  0x000000010df22a44: ;   {other}
  0x000000010df22a44: 1f20 03d5 | 9f26 85f2 | 1fe0 8bf2 | ea3b 00f9 | eb2b 40f9 | 6a11 40b9 | 5df1 7dd3 | ea13 40f9 
  0x000000010df22a64: ea0f 00f9 | ea47 40b9 | 6103 8012 | e81b 40f9 | e80b 00f9 | ea23 00b9 

  0x000000010df22a7c: ; ImmutableOopMap {rfp=Oop [0]=Oop [16]=Oop [24]=Oop [72]=Oop [80]=Oop [88]=Oop [96]=Oop [104]=Oop [112]=Oop [120]=Oop }
                      ;*aaload {reexecute=0 rethrow=0 return_oop=0}
                      ; - jdk.internal.reflect.DirectMethodHandleAccessor::invokeImpl@95
                      ; - jdk.internal.reflect.DirectMethodHandleAccessor::invoke@24
                      ; - java.lang.reflect.Method::invoke@90
                      ; - java.io.ObjectStreamClass::invokeReadObject@24
                      ; - java.io.ObjectInputStream::readSerialData@183
                      ;   {runtime_call UncommonTrapBlob}
  0x000000010df22a7c: 41b1 ac97 

  0x000000010df22a80: ;   {other}
  0x000000010df22a80: 1f20 03d5 | 1f2e 85f2 | 1f00 8cf2 | ea3b 00f9 | fd03 40f9 | ea27 40f9 | ea03 00f9 | ea1b 40f9 
  0x000000010df22aa0: ea07 00f9 | ea13 40f9 | ea0b 00f9 | ea47 40b9 | c10e 8052 | ea1b 00b9 

  0x000000010df22ab8: ; ImmutableOopMap {rfp=Oop [0]=Oop [8]=Oop [16]=Oop [80]=Oop [88]=Oop [96]=Oop [104]=Oop [112]=Oop [120]=Oop }
                      ;*invokevirtual invokeExact {reexecute=0 rethrow=0 return_oop=0}
                      ; - jdk.internal.reflect.DirectMethodHandleAccessor::invokeImpl@113
                      ; - jdk.internal.reflect.DirectMethodHandleAccessor::invoke@24
                      ; - java.lang.reflect.Method::invoke@90
                      ; - java.io.ObjectStreamClass::invokeReadObject@24
                      ; - java.io.ObjectInputStream::readSerialData@183
                      ;   {runtime_call UncommonTrapBlob}
  0x000000010df22ab8: 32b1 ac97 

  0x000000010df22abc: ;   {other}
  0x000000010df22abc: 1f20 03d5 | 9f35 85f2 | 1f20 8cf2 | ea27 40f9 | ea07 00f9 | ea13 40f9 | ea0f 00f9 | ea47 40b9 
  0x000000010df22adc: 7df1 7dd3 | 4117 8012 | e81b 40f9 | e80b 00f9 | ea23 00b9 | ef03 06a9 | ed3b 00f9 

  0x000000010df22af8: ; ImmutableOopMap {rfp=Oop [0]=Oop [8]=Oop [16]=Oop [24]=Oop [80]=Oop [88]=Oop [96]=Oop [104]=Oop [112]=Oop [120]=Oop }
                      ;*if_acmpeq {reexecute=1 rethrow=0 return_oop=0}
                      ; - (reexecute) java.lang.invoke.Invokers::checkExactType@7
                      ; - java.lang.invoke.LambdaForm$MH/0x00000008000c2000::invokeExact_MT@11
                      ; - jdk.internal.reflect.DirectMethodHandleAccessor::invokeImpl@136
                      ; - jdk.internal.reflect.DirectMethodHandleAccessor::invoke@24
                      ; - java.lang.reflect.Method::invoke@90
                      ; - java.io.ObjectStreamClass::invokeReadObject@24
                      ; - java.io.ObjectInputStream::readSerialData@183
                      ;   {runtime_call UncommonTrapBlob}
  0x000000010df22af8: 22b1 ac97 

  0x000000010df22afc: ;   {other}
  0x000000010df22afc: 1f20 03d5 | 9f3d 85f2 | 1f40 8cf2 | 2101 8012 | fd03 1aaa | f907 00f9 | f613 00b9 | e30f 00f9 
  0x000000010df22b1c: ; ImmutableOopMap {rfp=Oop [8]=Oop [24]=Oop [48]=Oop }
                      ;*invokevirtual isInstance {reexecute=0 rethrow=0 return_oop=0}
                      ; - java.io.ObjectStreamClass$FieldReflector::setObjFieldValues@114
                      ; - java.io.ObjectStreamClass$FieldReflector::checkObjectFieldValueTypes@4
                      ; - java.io.ObjectStreamClass::checkObjFieldValueTypes@6
                      ; - java.io.ObjectInputStream$FieldValues::defaultCheckFieldValues@16
                      ; - java.io.ObjectInputStream::readSerialData@431
                      ;   {runtime_call UncommonTrapBlob}
  0x000000010df22b1c: 19b1 ac97 

  0x000000010df22b20: ;   {other}
  0x000000010df22b20: 1f20 03d5 | 1f42 85f2 | 1f60 8cf2 | e81b 40f9 | e803 00f9 | 6101 8012 | f907 00f9 | f663 0229 
  0x000000010df22b40: efeb 01a9 | ee8b 02a9 | e40f 04a9 

  0x000000010df22b4c: ; ImmutableOopMap {[0]=Oop [8]=Oop [24]=Oop [32]=Oop [40]=Oop [64]=Oop [72]=Oop }
                      ;*invokevirtual isInstance {reexecute=0 rethrow=0 return_oop=0}
                      ; - java.io.ObjectStreamClass$FieldReflector::setObjFieldValues@114
                      ; - java.io.ObjectStreamClass$FieldReflector::checkObjectFieldValueTypes@4
                      ; - java.io.ObjectStreamClass::checkObjFieldValueTypes@6
                      ; - java.io.ObjectInputStream$FieldValues::defaultCheckFieldValues@16
                      ; - java.io.ObjectInputStream::readSerialData@431
                      ;   {runtime_call UncommonTrapBlob}
  0x000000010df22b4c: 0db1 ac97 

  0x000000010df22b50: ;   {other}
  0x000000010df22b50: 1f20 03d5 | 1f48 85f2 | 1f80 8cf2 | 2101 8012 | fd03 10aa | ee03 00f9 | f10b 00f9 | ef1b 00b9 
  0x000000010df22b70: ; ImmutableOopMap {rfp=Oop [0]=Oop [16]=Oop [48]=Oop }
                      ;*getfield desc {reexecute=1 rethrow=0 return_oop=0}
                      ; - (reexecute) java.io.ObjectInputStream::readSerialData@84
                      ;   {runtime_call UncommonTrapBlob}
  0x000000010df22b70: 04b1 ac97 

  0x000000010df22b74: ;   {other}
  0x000000010df22b74: 1f20 03d5 | 9f4c 85f2 | 1fa0 8cf2 | 2101 8012 | fd03 10aa | ee03 00f9 | f10b 00f9 | ef2f 0329 
  0x000000010df22b94: e413 00f9 

  0x000000010df22b98: ; ImmutableOopMap {rfp=Oop [0]=Oop [16]=Oop [32]=Oop [48]=Oop }
                      ;*invokevirtual lookupException {reexecute=0 rethrow=0 return_oop=0}
                      ; - java.io.ObjectInputStream::readSerialData@111
                      ;   {runtime_call UncommonTrapBlob}
  0x000000010df22b98: fab0 ac97 

  0x000000010df22b9c: ;   {other}
  0x000000010df22b9c: 1f20 03d5 | 9f51 85f2 | 1fc0 8cf2 | 2101 8012 | fd03 10aa | ee03 00f9 | f10b 00f9 | ef1b 00b9 
  0x000000010df22bbc: ; ImmutableOopMap {rfp=Oop [0]=Oop [16]=Oop [48]=Oop }
                      ;*invokevirtual hasReadObjectMethod {reexecute=0 rethrow=0 return_oop=0}
                      ; - java.io.ObjectInputStream::readSerialData@134
                      ;   {runtime_call UncommonTrapBlob}
  0x000000010df22bbc: f1b0 ac97 

  0x000000010df22bc0: ;   {other}
  0x000000010df22bc0: 1f20 03d5 | 1f56 85f2 | 1fe0 8cf2 | 2101 8012 | fd03 10aa | ee03 00f9 | f10b 00f9 | ef2f 0329 
  0x000000010df22be0: e413 00f9 

  0x000000010df22be4: ; ImmutableOopMap {rfp=Oop [0]=Oop [16]=Oop [32]=Oop [48]=Oop }
                      ;*baload {reexecute=0 rethrow=0 return_oop=0}
                      ; - java.io.ObjectInputStream$HandleTable::lookupException@10
                      ; - java.io.ObjectInputStream::readSerialData@111
                      ;   {runtime_call UncommonTrapBlob}
  0x000000010df22be4: e7b0 ac97 

  0x000000010df22be8: ;   {other}
  0x000000010df22be8: 1f20 03d5 | 1f5b 85f2 | 1f00 8df2 | 2101 8012 | fd03 40f9 

  0x000000010df22bfc: ; ImmutableOopMap {rfp=Oop [72]=Oop }
                      ;*arraylength {reexecute=0 rethrow=0 return_oop=0}
                      ; - java.io.ObjectInputStream::readSerialData@17
                      ;   {runtime_call UncommonTrapBlob}
  0x000000010df22bfc: e1b0 ac97 

  0x000000010df22c00: ;   {other}
  0x000000010df22c00: 1f20 03d5 | 1f5e 85f2 | 1f20 8df2 | 2101 8012 | f003 00f9 | f90f 00f9 

  0x000000010df22c18: ; ImmutableOopMap {[0]=Oop [24]=Oop [48]=Oop [72]=Oop }
                      ;*invokevirtual getBlockDataMode {reexecute=0 rethrow=0 return_oop=0}
                      ; - java.io.ObjectInputStream::skipCustomData@9
                      ; - java.io.ObjectInputStream::readSerialData@342
                      ;   {runtime_call UncommonTrapBlob}
  0x000000010df22c18: dab0 ac97 

  0x000000010df22c1c: ;   {other}
  0x000000010df22c1c: 1f20 03d5 | 9f61 85f2 | 1f40 8df2 | 2101 8012 

  0x000000010df22c2c: ; ImmutableOopMap {rfp=Oop [48]=Oop [72]=Oop [80]=Oop }
                      ;*invokevirtual readByte {reexecute=0 rethrow=0 return_oop=0}
                      ; - java.io.ObjectInputStream::skipCustomData@84
                      ; - java.io.ObjectInputStream::readSerialData@342
                      ;   {runtime_call UncommonTrapBlob}
  0x000000010df22c2c: d5b0 ac97 

  0x000000010df22c30: ;   {other}
  0x000000010df22c30: 1f20 03d5 | 1f64 85f2 | 1f60 8df2 | ea13 40f9 | 2101 8012 | fd03 0baa | ea0b 00f9 

  0x000000010df22c4c: ; ImmutableOopMap {rfp=Oop [16]=Oop [48]=Oop [72]=Oop [88]=Oop [120]=Oop }
                      ;*invokevirtual setBlockDataMode {reexecute=0 rethrow=0 return_oop=0}
                      ; - java.io.ObjectInputStream::readSerialData@175
                      ;   {runtime_call UncommonTrapBlob}
  0x000000010df22c4c: cdb0 ac97 

  0x000000010df22c50: ;   {other}
  0x000000010df22c50: 1f20 03d5 | 1f68 85f2 | 1f80 8df2 | ea27 40f9 | ea03 00f9 | ea1b 40f9 | ea07 00f9 | ea13 40f9 
  0x000000010df22c70: 2101 8012 | fd03 0baa | ea0b 00f9 | ee13 00f9 | e31f 00f9 

  0x000000010df22c84: ; ImmutableOopMap {rfp=Oop [0]=Oop [8]=Oop [16]=Oop [32]=Oop [56]=Oop [120]=Oop }
                      ;*invokeinterface invoke {reexecute=0 rethrow=0 return_oop=0}
                      ; - java.lang.reflect.Method::invoke@102
                      ; - java.io.ObjectStreamClass::invokeReadObject@24
                      ; - java.io.ObjectInputStream::readSerialData@183
                      ;   {runtime_call UncommonTrapBlob}
  0x000000010df22c84: bfb0 ac97 

  0x000000010df22c88: ;   {other}
  0x000000010df22c88: 1f20 03d5 | 1f6f 85f2 | 1fa0 8df2 | ea1b 40f9 | ea07 00f9 | ea13 40f9 | 2114 8012 | fd03 0baa 
  0x000000010df22ca8: ea0b 00f9 | ee13 00f9 | ef1b 00f9 

  0x000000010df22cb4: ; ImmutableOopMap {rfp=Oop [8]=Oop [16]=Oop [32]=Oop [48]=Oop [72]=Oop [120]=Oop }
                      ;*invokevirtual type {reexecute=0 rethrow=0 return_oop=0}
                      ; - java.lang.invoke.Invokers::checkExactType@1
                      ; - java.lang.invoke.Invokers$Holder::invokeExact_MT@10
                      ; - jdk.internal.reflect.DirectMethodHandleAccessor::invokeImpl@55
                      ; - jdk.internal.reflect.DirectMethodHandleAccessor::invoke@23
                      ; - java.lang.reflect.Method::invoke@102
                      ; - java.io.ObjectStreamClass::invokeReadObject@24
                      ; - java.io.ObjectInputStream::readSerialData@183
                      ;   {runtime_call UncommonTrapBlob}
  0x000000010df22cb4: b3b0 ac97 

  0x000000010df22cb8: ;   {other}
  0x000000010df22cb8: 1f20 03d5 | 1f75 85f2 | 1fc0 8df2 | ea1b 40f9 | ea07 00f9 | ea13 40f9 | 2101 8012 | fd03 0baa 
  0x000000010df22cd8: ea0b 00f9 | ee13 00f9 | ef1b 00f9 

  0x000000010df22ce4: ; ImmutableOopMap {rfp=Oop [8]=Oop [16]=Oop [32]=Oop [48]=Oop [72]=Oop [120]=Oop }
                      ;*getfield customized {reexecute=1 rethrow=0 return_oop=0}
                      ; - (reexecute) java.lang.invoke.Invokers::checkCustomized@12
                      ; - java.lang.invoke.Invokers$Holder::invokeExact_MT@14
                      ; - jdk.internal.reflect.DirectMethodHandleAccessor::invokeImpl@55
                      ; - jdk.internal.reflect.DirectMethodHandleAccessor::invoke@23
                      ; - java.lang.reflect.Method::invoke@102
                      ; - java.io.ObjectStreamClass::invokeReadObject@24
                      ; - java.io.ObjectInputStream::readSerialData@183
                      ;   {runtime_call UncommonTrapBlob}
  0x000000010df22ce4: a7b0 ac97 

  0x000000010df22ce8: ;   {other}
  0x000000010df22ce8: 1f20 03d5 | 1f7b 85f2 | 1fe0 8df2 | 2101 8012 | fd03 10aa 

  0x000000010df22cfc: ; ImmutableOopMap {rfp=Oop [48]=Oop [72]=Oop [80]=Oop }
                      ;*invokevirtual read {reexecute=0 rethrow=0 return_oop=0}
                      ; - java.io.ObjectInputStream$BlockDataInputStream::read@58
                      ; - java.io.ObjectInputStream$BlockDataInputStream::readByte@1
                      ; - java.io.ObjectInputStream::skipCustomData@84
                      ; - java.io.ObjectInputStream::readSerialData@342
                      ;   {runtime_call UncommonTrapBlob}
  0x000000010df22cfc: a1b0 ac97 

  0x000000010df22d00: ;   {other}
  0x000000010df22d00: 1f20 03d5 | 1f7e 85f2 | 1f00 8ef2 | 2101 8012 | e81b 40f9 | e867 01a9 | f013 00f9 | eb2b 00b9 
  0x000000010df22d20: ecb3 03a9 

  0x000000010df22d24: ; ImmutableOopMap {[16]=Oop [24]=Oop [32]=Oop [56]=Oop [64]=Oop [72]=Oop }
                      ;*getfield defaultDataEnd {reexecute=1 rethrow=0 return_oop=0}
                      ; - (reexecute) java.io.ObjectInputStream$BlockDataInputStream::readBlockHeader@4
                      ; - java.io.ObjectInputStream$BlockDataInputStream::refill@72
                      ; - java.io.ObjectInputStream$BlockDataInputStream::skipBlockData@25
                      ; - java.io.ObjectInputStream::skipCustomData@19
                      ; - java.io.ObjectInputStream::readSerialData@342
                      ;   {runtime_call UncommonTrapBlob}
  0x000000010df22d24: 97b0 ac97 

  0x000000010df22d28: ;   {other}
  0x000000010df22d28: 1f20 03d5 | 1f83 85f2 | 1f20 8ef2 | ea27 40f9 | ea03 00f9 | ea1b 40f9 | ea07 00f9 | ea13 40f9 
  0x000000010df22d48: ea0b 00f9 | ea47 40b9 | 2101 8012 | fd03 0baa | ea1b 00b9 | ee13 00f9 | ef1b 00f9 | e343 04a9 
  0x000000010df22d68: ; ImmutableOopMap {rfp=Oop [0]=Oop [8]=Oop [16]=Oop [32]=Oop [48]=Oop [64]=Oop [72]=Oop [120]=Oop }
                      ;*invokevirtual isAssignableFrom {reexecute=0 rethrow=0 return_oop=0}
                      ; - jdk.internal.reflect.DirectMethodHandleAccessor::checkReceiver@8
                      ; - jdk.internal.reflect.DirectMethodHandleAccessor::invoke@9
                      ; - java.lang.reflect.Method::invoke@102
                      ; - java.io.ObjectStreamClass::invokeReadObject@24
                      ; - java.io.ObjectInputStream::readSerialData@183
                      ;   {runtime_call UncommonTrapBlob}
  0x000000010df22d68: 86b0 ac97 

  0x000000010df22d6c: ;   {other}
  0x000000010df22d6c: 1f20 03d5 | 9f8b 85f2 | 1f40 8ef2 | ea27 40f9 | ea03 00f9 | ea1b 40f9 | ea07 00f9 | fd03 0baa 
  0x000000010df22d8c: ea13 40f9 | eb47 40b9 | 6101 8012 | ea0b 00f9 | eb1b 00b9 | ee13 00f9 | ef1b 00f9 | e317 04a9 
  0x000000010df22dac: f02b 00f9 

  0x000000010df22db0: ; ImmutableOopMap {rfp=Oop [0]=Oop [8]=Oop [16]=Oop [32]=Oop [48]=Oop [64]=Oop [72]=Oop [80]=Oop [120]=Oop }
                      ;*invokevirtual isAssignableFrom {reexecute=0 rethrow=0 return_oop=0}
                      ; - jdk.internal.reflect.DirectMethodHandleAccessor::checkReceiver@8
                      ; - jdk.internal.reflect.DirectMethodHandleAccessor::invoke@9
                      ; - java.lang.reflect.Method::invoke@102
                      ; - java.io.ObjectStreamClass::invokeReadObject@24
                      ; - java.io.ObjectInputStream::readSerialData@183
                      ;   {runtime_call UncommonTrapBlob}
  0x000000010df22db0: 74b0 ac97 

  0x000000010df22db4: ;   {other}
  0x000000010df22db4: 1f20 03d5 | 9f94 85f2 | 1f60 8ef2 | e103 00aa | 0200 0014 | e103 00aa | 2a08 40b9 | 4a01 5dd2 
  0x000000010df22dd4: 4a29 40f9 

  0x000000010df22dd8: ;   {metadata('java/lang/ClassCastException')}
  0x000000010df22dd8: 0b29 8bd2 | 8b00 a0f2 | 0b01 c0f2 | 5f01 0beb | 4102 0054 | ea03 01aa | ea33 00f9 | e12b 40f9 
  0x000000010df22df8: e203 0aaa 

  0x000000010df22dfc: ; ImmutableOopMap {[0]=Oop [8]=Oop [32]=Oop [48]=Oop [56]=NarrowOop [60]=NarrowOop [64]=NarrowOop [72]=Oop [88]=Oop [96]=Oop [120]=Oop }
                      ;*invokevirtual isIllegalArgument {reexecute=0 rethrow=0 return_oop=0}
                      ; - jdk.internal.reflect.DirectMethodHandleAccessor::invoke@30
                      ; - java.lang.reflect.Method::invoke@102
                      ; - java.io.ObjectStreamClass::invokeReadObject@24
                      ; - java.io.ObjectInputStream::readSerialData@183
                      ;   {optimized virtual_call}
  0x000000010df22dfc: e194 ac97 

  0x000000010df22e00: ;   {other}
  0x000000010df22e00: 1f20 03d5 | 1f9e 85f2 | 1f80 8ef2 | a001 0035 | ea13 40f9 | 010d 8052 | fd03 40f9 | ea0b 00f9 
  0x000000010df22e20: ; ImmutableOopMap {rfp=Oop [16]=Oop [48]=Oop [72]=Oop [88]=Oop [96]=Oop [120]=Oop }
                      ;*new {reexecute=0 rethrow=0 return_oop=0}
                      ; - jdk.internal.reflect.DirectMethodHandleAccessor::invoke@46
                      ; - java.lang.reflect.Method::invoke@102
                      ; - java.io.ObjectStreamClass::invokeReadObject@24
                      ; - java.io.ObjectInputStream::readSerialData@183
                      ;   {runtime_call UncommonTrapBlob}
  0x000000010df22e20: 58b0 ac97 

  0x000000010df22e24: ;   {other}
  0x000000010df22e24: 1f20 03d5 | 9fa2 85f2 | 1fa0 8ef2 

  0x000000010df22e30: ; ImmutableOopMap {[0]=Oop [8]=Oop [32]=Oop [48]=Oop [56]=NarrowOop [60]=NarrowOop [64]=NarrowOop [72]=Oop [80]=Oop [88]=Oop [120]=Oop }
                      ;*invokevirtual invokeImpl {reexecute=0 rethrow=0 return_oop=1}
                      ; - jdk.internal.reflect.DirectMethodHandleAccessor::invoke@23
                      ; - java.lang.reflect.Method::invoke@102
                      ; - java.io.ObjectStreamClass::invokeReadObject@24
                      ; - java.io.ObjectInputStream::readSerialData@183
                      ;   {runtime_call _rethrow_Java}
  0x000000010df22e30: b4ab af97 

  0x000000010df22e34: ;   {other}
  0x000000010df22e34: 1f20 03d5 | 9fa4 85f2 | 1fc0 8ef2 | ea13 40f9 | 210c 8052 | fd03 40f9 | ea0b 00f9 

  0x000000010df22e50: ; ImmutableOopMap {rfp=Oop [16]=Oop [48]=Oop [72]=Oop [88]=Oop [120]=Oop }
                      ;*new {reexecute=0 rethrow=0 return_oop=0}
                      ; - jdk.internal.reflect.DirectMethodHandleAccessor::invoke@36
                      ; - java.lang.reflect.Method::invoke@102
                      ; - java.io.ObjectStreamClass::invokeReadObject@24
                      ; - java.io.ObjectInputStream::readSerialData@183
                      ;   {runtime_call UncommonTrapBlob}
  0x000000010df22e50: 4cb0 ac97 

  0x000000010df22e54: ;   {other}
  0x000000010df22e54: 1f20 03d5 | 9fa8 85f2 | 1fe0 8ef2 | 2101 8012 | fd03 1aaa | f907 00f9 | f85b 0229 

  0x000000010df22e70: ; ImmutableOopMap {rfp=Oop [8]=Oop [48]=Oop }
                      ;*laload {reexecute=0 rethrow=0 return_oop=0}
                      ; - java.io.ObjectStreamClass$FieldReflector::setObjFieldValues@34
                      ; - java.io.ObjectStreamClass$FieldReflector::setObjFieldValues@4
                      ; - java.io.ObjectStreamClass::setObjFieldValues@6
                      ; - java.io.ObjectInputStream$FieldValues::defaultSetFieldValues@35
                      ; - java.io.ObjectInputStream::readSerialData@464
                      ;   {runtime_call UncommonTrapBlob}
  0x000000010df22e70: 44b0 ac97 

  0x000000010df22e74: ;   {other}
  0x000000010df22e74: 1f20 03d5 | 9fac 85f2 | 1f00 8ff2 | 2101 8012 | fd03 1aaa | f907 00f9 | f85b 0229 

  0x000000010df22e90: ; ImmutableOopMap {rfp=Oop [8]=Oop [48]=Oop }
                      ;*caload {reexecute=0 rethrow=0 return_oop=0}
                      ; - java.io.ObjectStreamClass$FieldReflector::setObjFieldValues@55
                      ; - java.io.ObjectStreamClass$FieldReflector::setObjFieldValues@4
                      ; - java.io.ObjectStreamClass::setObjFieldValues@6
                      ; - java.io.ObjectInputStream$FieldValues::defaultSetFieldValues@35
                      ; - java.io.ObjectInputStream::readSerialData@464
                      ;   {runtime_call UncommonTrapBlob}
  0x000000010df22e90: 3cb0 ac97 

  0x000000010df22e94: ;   {other}
  0x000000010df22e94: 1f20 03d5 | 9fb0 85f2 | 1f20 8ff2 | 2101 8012 | fd03 1aaa | f907 00f9 | f85b 0229 

  0x000000010df22eb0: ; ImmutableOopMap {rfp=Oop [8]=Oop [48]=Oop }
                      ;*iaload {reexecute=0 rethrow=0 return_oop=0}
                      ; - java.io.ObjectStreamClass$FieldReflector::setObjFieldValues@91
                      ; - java.io.ObjectStreamClass$FieldReflector::setObjFieldValues@4
                      ; - java.io.ObjectStreamClass::setObjFieldValues@6
                      ; - java.io.ObjectInputStream$FieldValues::defaultSetFieldValues@35
                      ; - java.io.ObjectInputStream::readSerialData@464
                      ;   {runtime_call UncommonTrapBlob}
  0x000000010df22eb0: 34b0 ac97 

  0x000000010df22eb4: ;   {other}
  0x000000010df22eb4: 1f20 03d5 | 9fb4 85f2 | 1f40 8ff2 | 2101 8012 | fd03 1aaa | f907 00f9 | f813 00b9 

  0x000000010df22ed0: ; ImmutableOopMap {rfp=Oop [8]=Oop [48]=Oop }
                      ;*arraylength {reexecute=0 rethrow=0 return_oop=0}
                      ; - java.io.ObjectStreamClass$FieldReflector::setObjFieldValues@24
                      ; - java.io.ObjectStreamClass$FieldReflector::setObjFieldValues@4
                      ; - java.io.ObjectStreamClass::setObjFieldValues@6
                      ; - java.io.ObjectInputStream$FieldValues::defaultSetFieldValues@35
                      ; - java.io.ObjectInputStream::readSerialData@464
                      ;   {runtime_call UncommonTrapBlob}
  0x000000010df22ed0: 2cb0 ac97 

  0x000000010df22ed4: ;   {other}
  0x000000010df22ed4: 1f20 03d5 | 9fb8 85f2 | 1f60 8ff2 | 2101 8012 | fd03 1aaa | f907 00f9 | f82f 0229 

  0x000000010df22ef0: ; ImmutableOopMap {rfp=Oop [8]=Oop [48]=Oop }
                      ;*aaload {reexecute=0 rethrow=0 return_oop=0}
                      ; - java.io.ObjectStreamClass$FieldReflector::setObjFieldValues@111
                      ; - java.io.ObjectStreamClass$FieldReflector::setObjFieldValues@4
                      ; - java.io.ObjectStreamClass::setObjFieldValues@6
                      ; - java.io.ObjectInputStream$FieldValues::defaultSetFieldValues@35
                      ; - java.io.ObjectInputStream::readSerialData@464
                      ;   {runtime_call UncommonTrapBlob}
  0x000000010df22ef0: 24b0 ac97 

  0x000000010df22ef4: ;   {other}
  0x000000010df22ef4: 1f20 03d5 | 9fbc 85f2 | 1f80 8ff2 | 2101 8012 | fd03 1aaa | f907 00f9 | f813 00b9 | f70f 00f9 
  0x000000010df22f14: ; ImmutableOopMap {rfp=Oop [8]=Oop [24]=Oop [48]=Oop }
                      ;*invokevirtual isInstance {reexecute=0 rethrow=0 return_oop=0}
                      ; - java.io.ObjectStreamClass$FieldReflector::setObjFieldValues@114
                      ; - java.io.ObjectStreamClass$FieldReflector::setObjFieldValues@4
                      ; - java.io.ObjectStreamClass::setObjFieldValues@6
                      ; - java.io.ObjectInputStream$FieldValues::defaultSetFieldValues@35
                      ; - java.io.ObjectInputStream::readSerialData@464
                      ;   {runtime_call UncommonTrapBlob}
  0x000000010df22f14: 1bb0 ac97 

  0x000000010df22f18: ;   {other}
  0x000000010df22f18: 1f20 03d5 | 1fc1 85f2 | 1fa0 8ff2 | e81b 40f9 | e803 00f9 | 6101 8012 | f907 00f9 | f85b 0229 
  0x000000010df22f38: f5eb 01a9 | f4ab 02a9 | eb5f 04a9 

  0x000000010df22f44: ; ImmutableOopMap {[0]=Oop [8]=Oop [24]=Oop [32]=Oop [40]=Oop [64]=Oop [72]=Oop }
                      ;*invokevirtual isInstance {reexecute=0 rethrow=0 return_oop=0}
                      ; - java.io.ObjectStreamClass$FieldReflector::setObjFieldValues@114
                      ; - java.io.ObjectStreamClass$FieldReflector::setObjFieldValues@4
                      ; - java.io.ObjectStreamClass::setObjFieldValues@6
                      ; - java.io.ObjectInputStream$FieldValues::defaultSetFieldValues@35
                      ; - java.io.ObjectInputStream::readSerialData@464
                      ;   {runtime_call UncommonTrapBlob}
  0x000000010df22f44: 0fb0 ac97 

  0x000000010df22f48: ;   {other}
  0x000000010df22f48: 1f20 03d5 | 1fc7 85f2 | 1fc0 8ff2 | 2101 8012 | f003 00f9 | f90f 00f9 

  0x000000010df22f60: ; ImmutableOopMap {[0]=Oop [24]=Oop [48]=Oop [72]=Oop }
                      ;*invokevirtual setBlockDataMode {reexecute=0 rethrow=0 return_oop=0}
                      ; - java.io.ObjectInputStream::readSerialData@353
                      ;   {runtime_call UncommonTrapBlob}
  0x000000010df22f60: 08b0 ac97 

  0x000000010df22f64: ;   {other}
  0x000000010df22f64: 1f20 03d5 | 9fca 85f2 | 1fe0 8ff2 | ea1b 40f9 | ea07 00f9 | ea13 40f9 | 4117 8012 | fd03 0baa 
  0x000000010df22f84: ea0b 00f9 | f11b 00f9 

  0x000000010df22f8c: ; ImmutableOopMap {rfp=Oop [8]=Oop [16]=Oop [48]=Oop [72]=Oop [88]=Oop [120]=Oop }
                      ;*ifnull {reexecute=1 rethrow=0 return_oop=0}
                      ; - (reexecute) java.io.ObjectStreamClass::invokeReadObject@8
                      ; - java.io.ObjectInputStream::readSerialData@183
                      ;   {runtime_call UncommonTrapBlob}
  0x000000010df22f8c: fdaf ac97 

  0x000000010df22f90: ;   {other}
  0x000000010df22f90: 1f20 03d5 | 1fd0 85f2 | 1f00 90f2 | eb1b 40f9 | 2101 8012 | fd13 40f9 | eb07 00f9 | ea1b 00f9 
  0x000000010df22fb0: ; ImmutableOopMap {rfp=Oop [8]=Oop [48]=Oop [72]=Oop [80]=Oop [88]=Oop }
                      ;*baload {reexecute=0 rethrow=0 return_oop=0}
                      ; - java.io.ObjectInputStream$BlockDataInputStream::readBlockHeader@102
                      ; - java.io.ObjectInputStream$BlockDataInputStream::refill@72
                      ; - java.io.ObjectInputStream$BlockDataInputStream::skipBlockData@25
                      ; - java.io.ObjectInputStream::skipCustomData@19
                      ; - java.io.ObjectInputStream::readSerialData@342
                      ;   {runtime_call UncommonTrapBlob}
  0x000000010df22fb0: f4af ac97 

  0x000000010df22fb4: ;   {other}
  0x000000010df22fb4: 1f20 03d5 | 9fd4 85f2 | 1f20 90f2 | 2101 8012 | f907 00f9 | f613 00b9 | fabb 01a9 

  0x000000010df22fd0: ; ImmutableOopMap {[8]=Oop [24]=Oop [32]=Oop [48]=Oop }
                      ;*invokevirtual checkObjFieldValueTypes {reexecute=0 rethrow=0 return_oop=0}
                      ; - java.io.ObjectInputStream$FieldValues::defaultCheckFieldValues@16
                      ; - java.io.ObjectInputStream::readSerialData@431
                      ;   {runtime_call UncommonTrapBlob}
  0x000000010df22fd0: ecaf ac97 

  0x000000010df22fd4: ;   {other}
  0x000000010df22fd4: 1f20 03d5 | 9fd8 85f2 | 1f40 90f2 | 2101 8012 | f907 00f9 | f613 00b9 | fabb 01a9 

  0x000000010df22ff0: ; ImmutableOopMap {[8]=Oop [24]=Oop [32]=Oop [48]=Oop }
                      ;*invokevirtual checkObjectFieldValueTypes {reexecute=0 rethrow=0 return_oop=0}
                      ; - java.io.ObjectStreamClass::checkObjFieldValueTypes@6
                      ; - java.io.ObjectInputStream$FieldValues::defaultCheckFieldValues@16
                      ; - java.io.ObjectInputStream::readSerialData@431
                      ;   {runtime_call UncommonTrapBlob}
  0x000000010df22ff0: e4af ac97 

  0x000000010df22ff4: ;   {other}
  0x000000010df22ff4: 1f20 03d5 | 9fdc 85f2 | 1f60 90f2 | 2101 8012 | fd03 1aaa | f907 00f9 | f613 00b9 

  0x000000010df23010: ; ImmutableOopMap {rfp=Oop [8]=Oop [48]=Oop }
                      ;*arraylength {reexecute=0 rethrow=0 return_oop=0}
                      ; - java.io.ObjectStreamClass$FieldReflector::setObjFieldValues@24
                      ; - java.io.ObjectStreamClass$FieldReflector::checkObjectFieldValueTypes@4
                      ; - java.io.ObjectStreamClass::checkObjFieldValueTypes@6
                      ; - java.io.ObjectInputStream$FieldValues::defaultCheckFieldValues@16
                      ; - java.io.ObjectInputStream::readSerialData@431
                      ;   {runtime_call UncommonTrapBlob}
  0x000000010df23010: dcaf ac97 

  0x000000010df23014: ;   {other}
  0x000000010df23014: 1f20 03d5 | 9fe0 85f2 | 1f80 90f2 | 2101 8012 | f907 00f9 | f813 00b9 | fad3 01a9 

  0x000000010df23030: ; ImmutableOopMap {[8]=Oop [24]=Oop [32]=Oop [48]=Oop }
                      ;*invokevirtual setObjFieldValues {reexecute=0 rethrow=0 return_oop=0}
                      ; - java.io.ObjectInputStream$FieldValues::defaultSetFieldValues@35
                      ; - java.io.ObjectInputStream::readSerialData@464
                      ;   {runtime_call UncommonTrapBlob}
  0x000000010df23030: d4af ac97 

  0x000000010df23034: ;   {other}
  0x000000010df23034: 1f20 03d5 | 9fe4 85f2 | 1fa0 90f2 | 2101 8012 | f907 00f9 | f813 00b9 | fad3 01a9 

  0x000000010df23050: ; ImmutableOopMap {[8]=Oop [24]=Oop [32]=Oop [48]=Oop }
                      ;*invokevirtual setObjFieldValues {reexecute=0 rethrow=0 return_oop=0}
                      ; - java.io.ObjectStreamClass::setObjFieldValues@6
                      ; - java.io.ObjectInputStream$FieldValues::defaultSetFieldValues@35
                      ; - java.io.ObjectInputStream::readSerialData@464
                      ;   {runtime_call UncommonTrapBlob}
  0x000000010df23050: ccaf ac97 

  0x000000010df23054: ;   {other}
  0x000000010df23054: 1f20 03d5 | 9fe8 85f2 | 1fc0 90f2 | 2101 8012 | fd03 1aaa | f907 00f9 | f813 00b9 

  0x000000010df23070: ; ImmutableOopMap {rfp=Oop [8]=Oop [48]=Oop }
                      ;*arraylength {reexecute=0 rethrow=0 return_oop=0}
                      ; - java.io.ObjectStreamClass$FieldReflector::setObjFieldValues@24
                      ; - java.io.ObjectStreamClass$FieldReflector::setObjFieldValues@4
                      ; - java.io.ObjectStreamClass::setObjFieldValues@6
                      ; - java.io.ObjectInputStream$FieldValues::defaultSetFieldValues@35
                      ; - java.io.ObjectInputStream::readSerialData@464
                      ;   {runtime_call UncommonTrapBlob}
  0x000000010df23070: c4af ac97 

  0x000000010df23074: ;   {other}
  0x000000010df23074: 1f20 03d5 | 9fec 85f2 | 1fe0 90f2 | ea13 40f9 | 2101 8012 | fd03 0baa | ea0b 00f9 | ee13 00f9 
  0x000000010df23094: ; ImmutableOopMap {rfp=Oop [16]=Oop [32]=Oop [48]=Oop [72]=Oop [120]=Oop }
                      ;*invokevirtual getClassLoader {reexecute=0 rethrow=0 return_oop=0}
                      ; - jdk.internal.reflect.Reflection::isCallerSensitive@4
                      ; - java.lang.reflect.Method::isCallerSensitive@11
                      ; - java.lang.reflect.Method::invoke@1
                      ; - java.io.ObjectStreamClass::invokeReadObject@24
                      ; - java.io.ObjectInputStream::readSerialData@183
                      ;   {runtime_call UncommonTrapBlob}
  0x000000010df23094: bbaf ac97 

  0x000000010df23098: ;   {other}
  0x000000010df23098: 1f20 03d5 | 1ff1 85f2 | 1f00 91f2 | 2101 8012 | f907 00f9 | f813 00b9 | fa8f 01a9 

  0x000000010df230b4: ; ImmutableOopMap {[8]=Oop [24]=Oop [32]=Oop [48]=Oop }
                      ;*invokevirtual setPrimFieldValues {reexecute=0 rethrow=0 return_oop=0}
                      ; - java.io.ObjectInputStream$FieldValues::defaultSetFieldValues@16
                      ; - java.io.ObjectInputStream::readSerialData@464
                      ;   {runtime_call UncommonTrapBlob}
  0x000000010df230b4: b3af ac97 

  0x000000010df230b8: ;   {other}
  0x000000010df230b8: 1f20 03d5 | 1ff5 85f2 | 1f20 91f2 | 2101 8012 | fd03 10aa 

  0x000000010df230cc: ; ImmutableOopMap {rfp=Oop [48]=Oop [72]=Oop [80]=Oop }
                      ;*invokevirtual read {reexecute=0 rethrow=0 return_oop=0}
                      ; - java.io.ObjectInputStream$PeekInputStream::read@23
                      ; - java.io.ObjectInputStream$BlockDataInputStream::read@58
                      ; - java.io.ObjectInputStream$BlockDataInputStream::readByte@1
                      ; - java.io.ObjectInputStream::skipCustomData@84
                      ; - java.io.ObjectInputStream::readSerialData@342
                      ;   {runtime_call UncommonTrapBlob}
  0x000000010df230cc: adaf ac97 

  0x000000010df230d0: ;   {other}
  0x000000010df230d0: 1f20 03d5 | 1ff8 85f2 | 1f40 91f2 | 2101 8012 | fd03 40f9 | f013 00b9 

  0x000000010df230e8: ; ImmutableOopMap {rfp=Oop [48]=Oop [72]=Oop }
                      ;*getfield desc {reexecute=1 rethrow=0 return_oop=0}
                      ; - (reexecute) java.io.ObjectInputStream::readSerialData@25
                      ;   {runtime_call UncommonTrapBlob}
  0x000000010df230e8: a6af ac97 

  0x000000010df230ec: ;   {other}
  0x000000010df230ec: 1f20 03d5 | 9ffb 85f2 | 1f60 91f2 | 2101 8012 | fd03 40f9 | f013 00b9 

  0x000000010df23104: ; ImmutableOopMap {rfp=Oop [48]=Oop [72]=Oop }
                      ;*invokevirtual hasReadObjectMethod {reexecute=0 rethrow=0 return_oop=0}
                      ; - java.io.ObjectInputStream::readSerialData@32
                      ;   {runtime_call UncommonTrapBlob}
  0x000000010df23104: 9faf ac97 

  0x000000010df23108: ;   {other}
  0x000000010df23108: 1f20 03d5 | 1fff 85f2 | 1f80 91f2 | ed1f 00b9 | 2101 8012 | fd03 10aa 

  0x000000010df23120: ; ImmutableOopMap {rfp=Oop [48]=Oop [72]=Oop [80]=Oop }
                      ;*baload {reexecute=0 rethrow=0 return_oop=0}
                      ; - java.io.ObjectInputStream$BlockDataInputStream::read@44
                      ; - java.io.ObjectInputStream$BlockDataInputStream::readByte@1
                      ; - java.io.ObjectInputStream::skipCustomData@84
                      ; - java.io.ObjectInputStream::readSerialData@342
                      ;   {runtime_call UncommonTrapBlob}
  0x000000010df23120: 98af ac97 

  0x000000010df23124: ;   {other}
  0x000000010df23124: 1f20 03d5 | 9f02 86f2 | 1fa0 91f2 | ea27 40f9 | ea03 00f9 | ea1b 40f9 | ea07 00f9 | ea13 40f9 
  0x000000010df23144: ea0b 00f9 | ea47 40b9 | 2101 8012 | fd03 0baa | ea1b 00b9 | ee13 00f9 | e38b 03a9 

  0x000000010df23160: ; ImmutableOopMap {rfp=Oop [0]=Oop [8]=Oop [16]=Oop [32]=Oop [56]=Oop [64]=Oop [120]=Oop }
                      ;*invokeinterface invoke {reexecute=0 rethrow=0 return_oop=0}
                      ; - java.lang.reflect.Method::invoke@90
                      ; - java.io.ObjectStreamClass::invokeReadObject@24
                      ; - java.io.ObjectInputStream::readSerialData@183
                      ;   {runtime_call UncommonTrapBlob}
  0x000000010df23160: 88af ac97 

  0x000000010df23164: ;   {other}
  0x000000010df23164: 1f20 03d5 | 9f0a 86f2 | 1fc0 91f2 | ea13 40f9 | 010d 8052 | fd03 40f9 | ea0b 00f9 | e01f 00f9 
  0x000000010df23184: ; ImmutableOopMap {rfp=Oop [16]=Oop [48]=Oop [56]=Oop [72]=Oop [88]=Oop [120]=Oop }
                      ;*new {reexecute=0 rethrow=0 return_oop=0}
                      ; - jdk.internal.reflect.DirectMethodHandleAccessor::invoke@83
                      ; - java.lang.reflect.Method::invoke@102
                      ; - java.io.ObjectStreamClass::invokeReadObject@24
                      ; - java.io.ObjectInputStream::readSerialData@183
                      ;   {runtime_call UncommonTrapBlob}
  0x000000010df23184: 7faf ac97 

  0x000000010df23188: ;   {other}
  0x000000010df23188: 1f20 03d5 | 1f0f 86f2 | 1fe0 91f2 | ea1b 40f9 | ea07 00f9 | ea13 40f9 | 4109 8012 | fd03 40f9 
  0x000000010df231a8: ea0b 00f9 | e01f 00f9 

  0x000000010df231b0: ; ImmutableOopMap {rfp=Oop [8]=Oop [16]=Oop [56]=Oop [72]=Oop [80]=Oop [88]=Oop [120]=Oop }
                      ;*astore_3 {reexecute=0 rethrow=0 return_oop=0}
                      ; - jdk.internal.reflect.DirectMethodHandleAccessor::invoke@27
                      ; - java.lang.reflect.Method::invoke@102
                      ; - java.io.ObjectStreamClass::invokeReadObject@24
                      ; - java.io.ObjectInputStream::readSerialData@183
                      ;   {runtime_call UncommonTrapBlob}
  0x000000010df231b0: 74af ac97 

  0x000000010df231b4: ;   {other}
  0x000000010df231b4: 1f20 03d5 | 9f14 86f2 | 1f00 92f2 | e033 00f9 | e12b 40f9 | e203 00aa 

  0x000000010df231cc: ; ImmutableOopMap {[0]=Oop [8]=Oop [32]=Oop [48]=Oop [56]=NarrowOop [60]=NarrowOop [64]=NarrowOop [72]=Oop [88]=Oop [96]=Oop [120]=Oop }
                      ;*invokevirtual isIllegalArgument {reexecute=0 rethrow=0 return_oop=0}
                      ; - jdk.internal.reflect.DirectMethodHandleAccessor::invoke@58
                      ; - java.lang.reflect.Method::invoke@102
                      ; - java.io.ObjectStreamClass::invokeReadObject@24
                      ; - java.io.ObjectInputStream::readSerialData@183
                      ;   {optimized virtual_call}
  0x000000010df231cc: ed93 ac97 

  0x000000010df231d0: ;   {other}
  0x000000010df231d0: 1f20 03d5 | 1f18 86f2 | 1f20 92f2 | 2001 0035 | ea13 40f9 | 010d 8052 | fd03 40f9 | ea0b 00f9 
  0x000000010df231f0: ; ImmutableOopMap {rfp=Oop [16]=Oop [48]=Oop [72]=Oop [88]=Oop [96]=Oop [120]=Oop }
                      ;*new {reexecute=0 rethrow=0 return_oop=0}
                      ; - jdk.internal.reflect.DirectMethodHandleAccessor::invoke@73
                      ; - java.lang.reflect.Method::invoke@102
                      ; - java.io.ObjectStreamClass::invokeReadObject@24
                      ; - java.io.ObjectInputStream::readSerialData@183
                      ;   {runtime_call UncommonTrapBlob}
  0x000000010df231f0: 64af ac97 

  0x000000010df231f4: ;   {other}
  0x000000010df231f4: 1f20 03d5 | 9f1c 86f2 | 1f40 92f2 | ea13 40f9 | 210c 8052 | fd03 40f9 | ea0b 00f9 

  0x000000010df23210: ; ImmutableOopMap {rfp=Oop [16]=Oop [48]=Oop [72]=Oop [88]=Oop [96]=Oop [120]=Oop }
                      ;*new {reexecute=0 rethrow=0 return_oop=0}
                      ; - jdk.internal.reflect.DirectMethodHandleAccessor::invoke@64
                      ; - java.lang.reflect.Method::invoke@102
                      ; - java.io.ObjectStreamClass::invokeReadObject@24
                      ; - java.io.ObjectInputStream::readSerialData@183
                      ;   {runtime_call UncommonTrapBlob}
  0x000000010df23210: 5caf ac97 

  0x000000010df23214: ;   {other}
  0x000000010df23214: 1f20 03d5 | 9f20 86f2 | 1f60 92f2 | ea13 40f9 | 2101 8012 | fd03 40f9 | ea0b 00f9 

  0x000000010df23230: ; ImmutableOopMap {rfp=Oop [16]=Oop [48]=Oop [72]=Oop [88]=Oop [104]=Oop [120]=Oop }
                      ;*invokevirtual type {reexecute=0 rethrow=0 return_oop=0}
                      ; - java.lang.invoke.Invokers::checkExactType@1
                      ; - java.lang.invoke.LambdaForm$MH/0x00000008000c2000::invokeExact_MT@11
                      ; - jdk.internal.reflect.DirectMethodHandleAccessor::invokeImpl@136
                      ; - jdk.internal.reflect.DirectMethodHandleAccessor::invoke@24
                      ; - java.lang.reflect.Method::invoke@90
                      ; - java.io.ObjectStreamClass::invokeReadObject@24
                      ; - java.io.ObjectInputStream::readSerialData@183
                      ;   {runtime_call UncommonTrapBlob}
  0x000000010df23230: 54af ac97 

  0x000000010df23234: ;   {other}
  0x000000010df23234: 1f20 03d5 | 9f24 86f2 | 1f80 92f2 | ea13 40f9 | 2101 8012 | fd03 40f9 | ea0b 00f9 

  0x000000010df23250: ; ImmutableOopMap {rfp=Oop [16]=Oop [48]=Oop [72]=Oop [88]=Oop [104]=Oop [120]=Oop }
                      ;*getfield customized {reexecute=1 rethrow=0 return_oop=0}
                      ; - (reexecute) java.lang.invoke.Invokers::checkCustomized@12
                      ; - java.lang.invoke.LambdaForm$MH/0x00000008000c2000::invokeExact_MT@15
                      ; - jdk.internal.reflect.DirectMethodHandleAccessor::invokeImpl@136
                      ; - jdk.internal.reflect.DirectMethodHandleAccessor::invoke@24
                      ; - java.lang.reflect.Method::invoke@90
                      ; - java.io.ObjectStreamClass::invokeReadObject@24
                      ; - java.io.ObjectInputStream::readSerialData@183
                      ;   {runtime_call UncommonTrapBlob}
  0x000000010df23250: 4caf ac97 

  0x000000010df23254: ;   {other}
  0x000000010df23254: 1f20 03d5 | 9f28 86f2 | 1fa0 92f2 | 0500 0014 | 0a08 40b9 | 4a01 5dd2 | e103 00aa | 0800 0014 
  0x000000010df23274: 0b08 40b9 | 6a01 5dd2 | e103 00aa | 0400 0014 | 0b08 40b9 | 6a01 5dd2 | e103 00aa | 4a29 40f9 
  0x000000010df23294: ;   {metadata('java/lang/ClassCastException')}
  0x000000010df23294: 0b29 8bd2 | 8b00 a0f2 | 0b01 c0f2 | 5f01 0beb | 4102 0054 | ea03 01aa | ea2b 00f9 | e137 40f9 
  0x000000010df232b4: e203 0aaa 

  0x000000010df232b8: ; ImmutableOopMap {[0]=Oop [8]=Oop [32]=Oop [48]=Oop [56]=NarrowOop [60]=NarrowOop [64]=NarrowOop [72]=Oop [80]=Oop [88]=Oop [120]=Oop }
                      ;*invokevirtual isIllegalArgument {reexecute=0 rethrow=0 return_oop=0}
                      ; - jdk.internal.reflect.DirectMethodHandleAccessor::invoke@33
                      ; - java.lang.reflect.Method::invoke@90
                      ; - java.io.ObjectStreamClass::invokeReadObject@24
                      ; - java.io.ObjectInputStream::readSerialData@183
                      ;   {optimized virtual_call}
  0x000000010df232b8: b293 ac97 

  0x000000010df232bc: ;   {other}
  0x000000010df232bc: 1f20 03d5 | 9f35 86f2 | 1fc0 92f2 | a001 0035 | ea13 40f9 | 010d 8052 | fd03 40f9 | ea0b 00f9 
  0x000000010df232dc: ; ImmutableOopMap {rfp=Oop [16]=Oop [48]=Oop [72]=Oop [80]=Oop [88]=Oop [120]=Oop }
                      ;*new {reexecute=0 rethrow=0 return_oop=0}
                      ; - jdk.internal.reflect.DirectMethodHandleAccessor::invoke@49
                      ; - java.lang.reflect.Method::invoke@90
                      ; - java.io.ObjectStreamClass::invokeReadObject@24
                      ; - java.io.ObjectInputStream::readSerialData@183
                      ;   {runtime_call UncommonTrapBlob}
  0x000000010df232dc: 29af ac97 

  0x000000010df232e0: ;   {other}
  0x000000010df232e0: 1f20 03d5 | 1f3a 86f2 | 1fe0 92f2 

  0x000000010df232ec: ; ImmutableOopMap {[0]=Oop [8]=Oop [32]=Oop [48]=Oop [56]=NarrowOop [60]=NarrowOop [64]=NarrowOop [72]=Oop [88]=Oop [104]=Oop [120]=Oop }
                      ;*invokevirtual invokeImpl {reexecute=0 rethrow=0 return_oop=1}
                      ; - jdk.internal.reflect.DirectMethodHandleAccessor::invoke@24
                      ; - java.lang.reflect.Method::invoke@90
                      ; - java.io.ObjectStreamClass::invokeReadObject@24
                      ; - java.io.ObjectInputStream::readSerialData@183
                      ;   {runtime_call _rethrow_Java}
  0x000000010df232ec: 85aa af97 

  0x000000010df232f0: ;   {other}
  0x000000010df232f0: 1f20 03d5 | 1f3c 86f2 | 1f00 93f2 | ea13 40f9 | 210c 8052 | fd03 40f9 | ea0b 00f9 

  0x000000010df2330c: ; ImmutableOopMap {rfp=Oop [16]=Oop [48]=Oop [72]=Oop [88]=Oop [120]=Oop }
                      ;*new {reexecute=0 rethrow=0 return_oop=0}
                      ; - jdk.internal.reflect.DirectMethodHandleAccessor::invoke@39
                      ; - java.lang.reflect.Method::invoke@90
                      ; - java.io.ObjectStreamClass::invokeReadObject@24
                      ; - java.io.ObjectInputStream::readSerialData@183
                      ;   {runtime_call UncommonTrapBlob}
  0x000000010df2330c: 1daf ac97 

  0x000000010df23310: ;   {other}
  0x000000010df23310: 1f20 03d5 | 1f40 86f2 | 1f20 93f2 | ea13 40f9 | 010d 8052 | fd03 40f9 | ea0b 00f9 | e01f 00f9 
  0x000000010df23330: ; ImmutableOopMap {rfp=Oop [16]=Oop [48]=Oop [56]=Oop [72]=Oop [88]=Oop [120]=Oop }
                      ;*new {reexecute=0 rethrow=0 return_oop=0}
                      ; - jdk.internal.reflect.DirectMethodHandleAccessor::invoke@92
                      ; - java.lang.reflect.Method::invoke@90
                      ; - java.io.ObjectStreamClass::invokeReadObject@24
                      ; - java.io.ObjectInputStream::readSerialData@183
                      ;   {runtime_call UncommonTrapBlob}
  0x000000010df23330: 14af ac97 

  0x000000010df23334: ;   {other}
  0x000000010df23334: 1f20 03d5 | 9f44 86f2 | 1f40 93f2 | ea13 40f9 | 4109 8012 | fd03 40f9 | ea0b 00f9 | e01f 00f9 
  0x000000010df23354: ; ImmutableOopMap {rfp=Oop [16]=Oop [48]=Oop [56]=Oop [72]=Oop [88]=Oop [104]=Oop [120]=Oop }
                      ;*astore {reexecute=0 rethrow=0 return_oop=0}
                      ; - jdk.internal.reflect.DirectMethodHandleAccessor::invoke@28
                      ; - java.lang.reflect.Method::invoke@90
                      ; - java.io.ObjectStreamClass::invokeReadObject@24
                      ; - java.io.ObjectInputStream::readSerialData@183
                      ;   {runtime_call UncommonTrapBlob}
  0x000000010df23354: 0baf ac97 

  0x000000010df23358: ;   {other}
  0x000000010df23358: 1f20 03d5 | 1f49 86f2 | 1f60 93f2 | e02b 00f9 | e137 40f9 | e203 00aa 

  0x000000010df23370: ; ImmutableOopMap {[0]=Oop [8]=Oop [32]=Oop [48]=Oop [56]=NarrowOop [60]=NarrowOop [64]=NarrowOop [72]=Oop [80]=Oop [88]=Oop [120]=Oop }
                      ;*invokevirtual isIllegalArgument {reexecute=0 rethrow=0 return_oop=0}
                      ; - jdk.internal.reflect.DirectMethodHandleAccessor::invoke@64
                      ; - java.lang.reflect.Method::invoke@90
                      ; - java.io.ObjectStreamClass::invokeReadObject@24
                      ; - java.io.ObjectInputStream::readSerialData@183
                      ;   {optimized virtual_call}
  0x000000010df23370: 8493 ac97 

  0x000000010df23374: ;   {other}
  0x000000010df23374: 1f20 03d5 | 9f4c 86f2 | 1f80 93f2 | 2001 0035 | ea13 40f9 | 010d 8052 | fd03 40f9 | ea0b 00f9 
  0x000000010df23394: ; ImmutableOopMap {rfp=Oop [16]=Oop [48]=Oop [72]=Oop [80]=Oop [88]=Oop [120]=Oop }
                      ;*new {reexecute=0 rethrow=0 return_oop=0}
                      ; - jdk.internal.reflect.DirectMethodHandleAccessor::invoke@80
                      ; - java.lang.reflect.Method::invoke@90
                      ; - java.io.ObjectStreamClass::invokeReadObject@24
                      ; - java.io.ObjectInputStream::readSerialData@183
                      ;   {runtime_call UncommonTrapBlob}
  0x000000010df23394: fbae ac97 

  0x000000010df23398: ;   {other}
  0x000000010df23398: 1f20 03d5 | 1f51 86f2 | 1fa0 93f2 | ea13 40f9 | 210c 8052 | fd03 40f9 | ea0b 00f9 

  0x000000010df233b4: ; ImmutableOopMap {rfp=Oop [16]=Oop [48]=Oop [72]=Oop [80]=Oop [88]=Oop [120]=Oop }
                      ;*new {reexecute=0 rethrow=0 return_oop=0}
                      ; - jdk.internal.reflect.DirectMethodHandleAccessor::invoke@70
                      ; - java.lang.reflect.Method::invoke@90
                      ; - java.io.ObjectStreamClass::invokeReadObject@24
                      ; - java.io.ObjectInputStream::readSerialData@183
                      ;   {runtime_call UncommonTrapBlob}
  0x000000010df233b4: f3ae ac97 

  0x000000010df233b8: ;   {other}
  0x000000010df233b8: 1f20 03d5 | 1f55 86f2 | 1fc0 93f2 | ea03 00aa | 6600 0014 | fd03 00aa | a601 0014 | ea03 00aa 
  0x000000010df233d8: 4500 0014 | ea03 00aa | 6000 0014 | ea03 00aa | 5e00 0014 | e103 1caa | c900 0010 

  0x000000010df233f4: ;   {runtime_call G1BarrierSetRuntime::write_ref_field_pre_entry(oopDesc*, JavaThread*)}
  0x000000010df233f4: 88c9 8ed2 | 482f a0f2 | 2800 c0f2 | ff27 bfa9 | 0001 3fd6 

  0x000000010df23408: ;   {other}
  0x000000010df23408: 1f20 03d5 | 1f00 80f2 | 1f00 80f2 | ff43 0091 | c000 0014 | e103 1caa | c900 0010 

  0x000000010df23424: ;   {runtime_call G1BarrierSetRuntime::write_ref_field_pre_entry(oopDesc*, JavaThread*)}
  0x000000010df23424: 88c9 8ed2 | 482f a0f2 | 2800 c0f2 | ff27 bfa9 | 0001 3fd6 

  0x000000010df23438: ;   {other}
  0x000000010df23438: 1f20 03d5 | 1f00 80f2 | 1f00 80f2 | ff43 0091 | a600 0014 | f303 10aa | e103 1caa | c900 0010 
  0x000000010df23458: ;   {runtime_call G1BarrierSetRuntime::write_ref_field_pre_entry(oopDesc*, JavaThread*)}
  0x000000010df23458: 88c9 8ed2 | 482f a0f2 | 2800 c0f2 | ff27 bfa9 | 0001 3fd6 

  0x000000010df2346c: ;   {other}
  0x000000010df2346c: 1f20 03d5 | 1f00 80f2 | 1f00 80f2 | ff43 0091 | f003 13aa | 7f00 0014 | e103 1caa | c900 0010 
  0x000000010df2348c: ;   {runtime_call G1BarrierSetRuntime::write_ref_field_pre_entry(oopDesc*, JavaThread*)}
  0x000000010df2348c: 88c9 8ed2 | 482f a0f2 | 2800 c0f2 | ff27 bfa9 | 0001 3fd6 

  0x000000010df234a0: ;   {other}
  0x000000010df234a0: 1f20 03d5 | 1f00 80f2 | 1f00 80f2 | ff43 0091 | f003 40f9 | 6500 0014 | ca00 0014 | ea03 00aa 
  0x000000010df234c0: 0b00 0014 | c700 0014 | f403 40f9 | 8b36 40b9 | 6af1 7dd3 | caf7 ffb4 | fd03 00aa | 7e00 0014 
  0x000000010df234e0: ea03 00aa | 1f00 0014 | ea03 00aa | ee03 0aaa | 4a09 40b9 | 4a01 5dd2 | 2f00 0014 | b900 0014 
  0x000000010df23500: 0a08 40b9 

  0x000000010df23504: ;   {metadata('java/lang/ClassNotFoundException')}
  0x000000010df23504: 8c00 a0d2 | 0cf7 89f2 | 5f01 0c6b | 8125 0054 | e303 00aa | ed63 40b9 | 3f00 0014 | 0b08 40b9 
  0x000000010df23524: ;   {metadata('java/lang/reflect/InvocationTargetException')}
  0x000000010df23524: 6d01 a0d2 | 0d4c 81f2 | 7f01 0d6b | ee03 00aa | 6a01 5dd2 | 202a 0054 

  0x000000010df2353c: ;   {metadata('java/lang/IllegalAccessException')}
  0x000000010df2353c: 6d01 a0d2 | 0d19 80f2 | 7f01 0d6b | 0105 0054 | fd03 00aa | 2b01 0014 | ea03 00aa | 0200 0014 
  0x000000010df2355c: ea03 00aa | 4b09 40b9 | ee03 0aaa | 6a01 5dd2 | 1200 0014 | 9c00 0014 | 9b00 0014 | 9a00 0014 
  0x000000010df2357c: 9900 0014 | 9800 0014 | 0a08 40b9 | ee03 00aa | 4a01 5dd2 | 0900 0014 | 9300 0014 | 0a08 40b9 
  0x000000010df2359c: ee03 00aa | 4a01 5dd2 | 0400 0014 | 0b08 40b9 | ee03 00aa | 6a01 5dd2 | 4a29 40f9 

  0x000000010df235b8: ;   {metadata('java/lang/reflect/InvocationTargetException')}
  0x000000010df235b8: 0b4c 81d2 | 6b01 a0f2 | 0b01 c0f2 | cc09 40b9 | 5f01 0beb | 4020 0054 

  0x000000010df235d0: ;   {metadata('java/lang/IllegalAccessException')}
  0x000000010df235d0: 0b19 80d2 | 6b01 a0f2 | 0b01 c0f2 | 5f01 0beb | c020 0054 | 8a01 5dd2 | 4a29 40f9 

  0x000000010df235ec: ;   {metadata('java/lang/ClassNotFoundException')}
  0x000000010df235ec: 0bf7 89d2 | 8b00 a0f2 | 0b01 c0f2 | 5f01 0beb | 4106 0054 | ea03 40f9 | 4d31 40b9 | 4b0d 40b9 
  0x000000010df2360c: 8d21 0034 | e303 0eaa | eb53 00b9 | a1f1 7dd3 | e253 40b9 

  0x000000010df23620: ; ImmutableOopMap {[0]=Oop [8]=Oop [32]=Oop [48]=Oop [56]=NarrowOop [60]=NarrowOop [64]=NarrowOop [72]=Oop [88]=Oop [120]=Oop }
                      ;*invokevirtual markException {reexecute=0 rethrow=0 return_oop=0}
                      ; - java.io.ObjectInputStream::readSerialData@224
                      ;   {optimized virtual_call}
  0x000000010df23620: d892 ac97 

  0x000000010df23624: ;   {other}
  0x000000010df23624: 1f20 03d5 | 9fa2 86f2 | 1fe0 93f2 | f003 40f9 | 0b36 40b9 | 74f1 7dd3 | 141f 00b4 | 8a03 c139 
  0x000000010df23644: 2a10 0035 | ea3f 40f9 | 9f16 00b9 | 8a0f 00b4 | fd03 10aa | e13f 40f9 

  0x000000010df2365c: ; ImmutableOopMap {rfp=Oop [8]=Oop [32]=Oop [48]=Oop [56]=NarrowOop [60]=NarrowOop [64]=NarrowOop [72]=Oop [88]=Oop [120]=Oop }
                      ;*invokevirtual check {reexecute=0 rethrow=0 return_oop=0}
                      ; - java.io.ObjectInputStream::readSerialData@241
                      ;   {optimized virtual_call}
  0x000000010df2365c: c992 ac97 

  0x000000010df23660: ;   {other}
  0x000000010df23660: 1f20 03d5 | 1faa 86f2 | 1f00 94f2 | f43f 40f9 | f003 1daa | 8a03 c139 | ea0f 0035 | ea03 10aa 
  0x000000010df23680: eb03 14aa | 6b01 0aca | 8cfe 43d3 | 6bfd 55d3 | 0c36 00b9 | 4b01 00b4 | 3401 00b4 | 4afd 49d3 
  0x000000010df236a0: 0b00 90d2 | ab19 a2f2 | 2b00 c0f2 | 6001 0a8b | 0a00 c039 | 5f09 0071 | 410f 0054 | ed07 40f9 
  0x000000010df236c0: faf6 ff17 | f403 40f9 | 8b36 40b9 | cb1c 0034 | fd03 0eaa | 73f1 7dd3 | 8b03 c139 | 6b11 0035 
  0x000000010df236e0: ea3f 40f9 | 7f16 00b9 | 4a01 00b4 | f403 00f9 | e13f 40f9 

  0x000000010df236f4: ; ImmutableOopMap {rfp=Oop [0]=Oop [120]=Oop }
                      ;*invokevirtual check {reexecute=0 rethrow=0 return_oop=0}
                      ; - java.io.ObjectInputStream::readSerialData@269
                      ;   {optimized virtual_call}
  0x000000010df236f4: a392 ac97 

  0x000000010df236f8: ;   {other}
  0x000000010df236f8: 1f20 03d5 | 1fbd 86f2 | 1f20 94f2 | ea3f 40f9 | ea0f 00f9 | f403 40f9 | 8b03 c139 | 0b11 0035 
  0x000000010df23718: ec0f 40f9 | ea03 14aa | eb03 0caa | 6b01 0aca | 8dfd 43d3 | 6bfd 55d3 | 8d36 00b9 | 4b01 00b4 
  0x000000010df23738: 2c01 00b4 | 4afd 49d3 | 0b00 90d2 | ab19 a2f2 | 2b00 c0f2 | 6001 0a8b | 0b00 c039 | 7f09 0071 
  0x000000010df23758: 4110 0054 | e003 1daa | 2000 0014 | 1f00 0014 | 1e00 0014 | 1d00 0014 | 0a08 40b9 | 4a01 5dd2 
  0x000000010df23778: 4a25 40f9 

  0x000000010df2377c: ;   {metadata('java/io/IOException')}
  0x000000010df2377c: 0b7a 85d2 | 2b01 a0f2 | 0b01 c0f2 | 5f01 0beb | a102 0054 | 2400 0014 | 1300 0014 | 0a08 40b9 
  0x000000010df2379c: 4a01 5dd2 | 4b29 40f9 

  0x000000010df237a4: ;   {metadata('java/io/EOFException')}
  0x000000010df237a4: 0c74 8fd2 | 4c01 a0f2 | 0c01 c0f2 | 7f01 0ceb | a102 0054 | ea1b 40f9 | ea07 00f9 | ea2f 40f9 
  0x000000010df237c4: a10b 8052 | fd13 40f9 | ea1b 00f9 

  0x000000010df237d0: ; ImmutableOopMap {rfp=Oop [8]=Oop [48]=Oop [72]=Oop [80]=Oop [88]=Oop }
                      ;*new {reexecute=0 rethrow=0 return_oop=0}
                      ; - java.io.ObjectInputStream$BlockDataInputStream::readBlockHeader@239
                      ; - java.io.ObjectInputStream$BlockDataInputStream::refill@72
                      ; - java.io.ObjectInputStream$BlockDataInputStream::skipBlockData@25
                      ; - java.io.ObjectInputStream::skipCustomData@19
                      ; - java.io.ObjectInputStream::readSerialData@342
                      ;   {runtime_call UncommonTrapBlob}
  0x000000010df237d0: ecad ac97 

  0x000000010df237d4: ;   {other}
  0x000000010df237d4: 1f20 03d5 | 9fd8 86f2 | 1f40 94f2 | e103 00aa | 1400 0014 | 0a08 40b9 | 4a01 5dd2 | 4b29 40f9 
  0x000000010df237f4: ;   {metadata('java/io/EOFException')}
  0x000000010df237f4: 0c74 8fd2 | 4c01 a0f2 | 0c01 c0f2 | 7f01 0ceb | a0fd ff54 | 4a25 40f9 

  0x000000010df2380c: ;   {metadata('java/io/IOException')}
  0x000000010df2380c: 0b7a 85d2 | 2b01 a0f2 | 0b01 c0f2 | 5f01 0beb | 21fe ff54 | 0c00 a012 | ea2f 40f9 | 4c7d 0229 
  0x000000010df2382c: 5f0d 00b9 | e103 00aa | fd7b 49a9 | ff83 0291 

  0x000000010df2383c: ;   {runtime_call _rethrow_Java}
  0x000000010df2383c: 31a9 af17 | f403 1faa | 8cff ff17 | 8b16 40b9 | 60f1 7dd3 | c0ef ffb4 | 8a17 40f9 | 6ae1 ffb4 
  0x000000010df2385c: 8b1f 40f9 | 4c21 00d1 | 6a01 0a8b | 4081 1ff8 | 8c17 00f9 | 76ff ff17 | 0b36 40b9 | 60f1 7dd3 
  0x000000010df2387c: 00f0 ffb4 | 8a17 40f9 | 4ade ffb4 | 8b1f 40f9 | 4c21 00d1 | 6a01 0a8b | 4081 1ff8 | 8c17 00f9 
  0x000000010df2389c: 78ff ff17 | 8a2f 40f9 | 8b27 40f9 | bf3b 03d5 | 0c00 c039 | 6cf0 ff34 | 1f00 0039 | eb01 00b5 
  0x000000010df238bc: f303 10aa | e103 1caa | c900 0010 

  0x000000010df238c8: ;   {runtime_call G1BarrierSetRuntime::write_ref_field_post_entry(unsigned char volatile*, JavaThread*)}
  0x000000010df238c8: 88ce 8ed2 | 482f a0f2 | 2800 c0f2 | ff27 bfa9 | 0001 3fd6 

  0x000000010df238dc: ;   {other}
  0x000000010df238dc: 1f20 03d5 | 1f00 80f2 | 1f00 80f2 | ff43 0091 | f003 13aa | 73ff ff17 | 6c21 00d1 | 4a01 0b8b 
  0x000000010df238fc: 4081 1ff8 | 8c27 00f9 | 6eff ff17 | 6a16 40b9 | 40f1 7dd3 | 80ee ffb4 | 8a17 40f9 | 2ad8 ffb4 
  0x000000010df2391c: 8b1f 40f9 | 4c21 00d1 | 6a01 0a8b | 4081 1ff8 | 8c17 00f9 | 6cff ff17 | 8a36 40b9 | 40f1 7dd3 
  0x000000010df2393c: e0ee ffb4 | 8a17 40f9 | 4ad5 ffb4 | 8b1f 40f9 | 4c21 00d1 | 6a01 0a8b | 4081 1ff8 | 8c17 00f9 
  0x000000010df2395c: 6fff ff17 | 8a27 40f9 | 8b2f 40f9 | bf3b 03d5 | 0d00 c039 | 6def ff34 | 1f00 0039 | aa01 00b5 
  0x000000010df2397c: e103 1caa | c900 0010 

  0x000000010df23984: ;   {runtime_call G1BarrierSetRuntime::write_ref_field_post_entry(unsigned char volatile*, JavaThread*)}
  0x000000010df23984: 88ce 8ed2 | 482f a0f2 | 2800 c0f2 | ff27 bfa9 | 0001 3fd6 

  0x000000010df23998: ;   {other}
  0x000000010df23998: 1f20 03d5 | 1f00 80f2 | 1f00 80f2 | ff43 0091 | 6dff ff17 | 4c21 00d1 | 6a01 0a8b | 4081 1ff8 
  0x000000010df239b8: 8c27 00f9 | 68ff ff17 | 3d06 00b4 | fd03 00aa | f403 40f9 | eb67 40b9 | 41ff ff17 | fd03 0eaa 
  0x000000010df239d8: ea13 40f9 | 410a 8012 | e81b 40f9 | e82b 01a9 

  0x000000010df239e8: ; ImmutableOopMap {rfp=Oop [0]=Oop [16]=Oop [24]=Oop [72]=Oop [88]=Oop [120]=Oop }
                      ;*invokevirtual getCause {reexecute=0 rethrow=0 return_oop=0}
                      ; - java.io.ObjectStreamClass::invokeReadObject@33
                      ; - java.io.ObjectInputStream::readSerialData@183
                      ;   {runtime_call UncommonTrapBlob}
  0x000000010df239e8: 66ad ac97 

  0x000000010df239ec: ;   {other}
  0x000000010df239ec: 1f20 03d5 | 9f1b 87f2 | 1f60 94f2 | fd03 0eaa | ea13 40f9 | c117 8052 | e81b 40f9 | e82b 01a9 
  0x000000010df23a0c: ; ImmutableOopMap {rfp=Oop [0]=Oop [16]=Oop [24]=Oop [72]=Oop [88]=Oop [120]=Oop }
                      ;*new {reexecute=0 rethrow=0 return_oop=0}
                      ; - java.io.ObjectStreamClass::invokeReadObject@75
                      ; - java.io.ObjectInputStream::readSerialData@183
                      ;   {runtime_call UncommonTrapBlob}
  0x000000010df23a0c: 5dad ac97 

  0x000000010df23a10: ;   {other}
  0x000000010df23a10: 1f20 03d5 | 1f20 87f2 | 1f80 94f2 | ea13 40f9 | 2101 8012 | fd03 40f9 | ea0b 00f9 

  0x000000010df23a2c: ; ImmutableOopMap {rfp=Oop [16]=Oop [48]=Oop [72]=Oop [88]=Oop [120]=Oop }
                      ;*invokevirtual setUsed {reexecute=0 rethrow=0 return_oop=0}
                      ; - java.io.ObjectInputStream::readSerialData@231
                      ;   {runtime_call UncommonTrapBlob}
  0x000000010df23a2c: 55ad ac97 

  0x000000010df23a30: ;   {other}
  0x000000010df23a30: 1f20 03d5 | 1f24 87f2 | 1fa0 94f2 | ea13 40f9 | 2101 8012 | fd03 40f9 | ea0b 00f9 | eb1f 00b9 
  0x000000010df23a50: ee1f 00f9 

  0x000000010df23a54: ; ImmutableOopMap {rfp=Oop [16]=Oop [48]=Oop [56]=Oop [72]=Oop [88]=Oop [120]=Oop }
                      ;*invokevirtual markException {reexecute=0 rethrow=0 return_oop=0}
                      ; - java.io.ObjectInputStream::readSerialData@224
                      ;   {runtime_call UncommonTrapBlob}
  0x000000010df23a54: 4bad ac97 

  0x000000010df23a58: ;   {other}
  0x000000010df23a58: 1f20 03d5 | 1f29 87f2 | 1fc0 94f2 | fd03 0eaa | 2101 8012 

  0x000000010df23a6c: ; ImmutableOopMap {rfp=Oop [0]=Oop [120]=Oop }
                      ;*invokevirtual setUsed {reexecute=0 rethrow=0 return_oop=0}
                      ; - java.io.ObjectInputStream::readSerialData@259
                      ;   {runtime_call UncommonTrapBlob}
  0x000000010df23a6c: 45ad ac97 

  0x000000010df23a70: ;   {other}
  0x000000010df23a70: 1f20 03d5 | 1f2c 87f2 | 1fe0 94f2 | fd03 00aa | d6ff ff17 | fd03 00aa | f8ff ff17 

  0x000000010df23a8c: ;   {internal_word}
  0x000000010df23a8c: 489a fe10 | 8833 02f9 

  0x000000010df23a94: ;   {runtime_call SafepointBlob}
  0x000000010df23a94: 9bab ac17 | 08c0 92d2 | 6894 a1f2 | 2800 c0f2 | 0001 3fd6 | 53f3 ff17 

  0x000000010df23aac: ;   {other}
  0x000000010df23aac: 9300 0000 
[Stub Code]
  0x000000010df23ab0: ;   {no_reloc}
  0x000000010df23ab0: 4800 0058 | 0001 1fd6 | 1044 b40d | 0100 0000 

  0x000000010df23ac0: ;   {trampoline_stub}
  0x000000010df23ac0: 4800 0058 | 0001 1fd6 | 50bb 690e | 0100 0000 

  0x000000010df23ad0: ;   {static_stub}
  0x000000010df23ad0: df3f 03d5 

  0x000000010df23ad4: ;   {metadata(nullptr)}
  0x000000010df23ad4: 0c00 80d2 | 0c00 a0f2 | 0c00 c0f2 | 0800 80d2 | 0800 a0f2 | 0800 c0f2 | 0001 1fd6 

  0x000000010df23af0: ;   {trampoline_stub}
  0x000000010df23af0: 4800 0058 | 0001 1fd6 | 10ea 520d | 0100 0000 

  0x000000010df23b00: ;   {trampoline_stub}
  0x000000010df23b00: 4800 0058 | 0001 1fd6 | 10f9 ac0d | 0100 0000 

  0x000000010df23b10: ;   {trampoline_stub}
  0x000000010df23b10: 4800 0058 | 0001 1fd6 | 8046 0806 | 0100 0000 

  0x000000010df23b20: ;   {static_stub}
  0x000000010df23b20: df3f 03d5 

  0x000000010df23b24: ;   {metadata(nullptr)}
  0x000000010df23b24: 0c00 80d2 | 0c00 a0f2 | 0c00 c0f2 | 0800 80d2 | 0800 a0f2 | 0800 c0f2 | 0001 1fd6 

  0x000000010df23b40: ;   {trampoline_stub}
  0x000000010df23b40: 4800 0058 | 0001 1fd6 | 00fb fa0c | 0100 0000 

  0x000000010df23b50: ;   {trampoline_stub}
  0x000000010df23b50: 4800 0058 | 0001 1fd6 | 8081 a40c | 0100 0000 

  0x000000010df23b60: ;   {static_stub}
  0x000000010df23b60: df3f 03d5 

  0x000000010df23b64: ;   {metadata(nullptr)}
  0x000000010df23b64: 0c00 80d2 | 0c00 a0f2 | 0c00 c0f2 | 0800 80d2 | 0800 a0f2 | 0800 c0f2 | 0001 1fd6 

  0x000000010df23b80: ;   {trampoline_stub}
  0x000000010df23b80: 4800 0058 | 0001 1fd6 | d0b7 690e | 0100 0000 

  0x000000010df23b90: ;   {static_stub}
  0x000000010df23b90: df3f 03d5 

  0x000000010df23b94: ;   {metadata(nullptr)}
  0x000000010df23b94: 0c00 80d2 | 0c00 a0f2 | 0c00 c0f2 | 0800 80d2 | 0800 a0f2 | 0800 c0f2 | 0001 1fd6 

  0x000000010df23bb0: ;   {trampoline_stub}
  0x000000010df23bb0: 4800 0058 | 0001 1fd6 | 8081 a40c | 0100 0000 

  0x000000010df23bc0: ;   {static_stub}
  0x000000010df23bc0: df3f 03d5 

  0x000000010df23bc4: ;   {metadata(nullptr)}
  0x000000010df23bc4: 0c00 80d2 | 0c00 a0f2 | 0c00 c0f2 | 0800 80d2 | 0800 a0f2 | 0800 c0f2 | 0001 1fd6 

  0x000000010df23be0: ;   {trampoline_stub}
  0x000000010df23be0: 4800 0058 | 0001 1fd6 | 8081 a40c | 0100 0000 

  0x000000010df23bf0: ;   {static_stub}
  0x000000010df23bf0: df3f 03d5 

  0x000000010df23bf4: ;   {metadata(nullptr)}
  0x000000010df23bf4: 0c00 80d2 | 0c00 a0f2 | 0c00 c0f2 | 0800 80d2 | 0800 a0f2 | 0800 c0f2 | 0001 1fd6 

  0x000000010df23c10: ;   {trampoline_stub}
  0x000000010df23c10: 4800 0058 | 0001 1fd6 | 8081 a40c | 0100 0000 

  0x000000010df23c20: ;   {trampoline_stub}
  0x000000010df23c20: 4800 0058 | 0001 1fd6 | 4027 240d | 0100 0000 

  0x000000010df23c30: ;   {trampoline_stub}
  0x000000010df23c30: 4800 0058 | 0001 1fd6 | 1040 190d | 0100 0000 

  0x000000010df23c40: ;   {trampoline_stub}
  0x000000010df23c40: 4800 0058 | 0001 1fd6 | 503f f20d | 0100 0000 

  0x000000010df23c50: ;   {trampoline_stub}
  0x000000010df23c50: 4800 0058 | 0001 1fd6 | 8081 a40c | 0100 0000 

  0x000000010df23c60: ;   {static_stub}
  0x000000010df23c60: df3f 03d5 

  0x000000010df23c64: ;   {metadata(nullptr)}
  0x000000010df23c64: 0c00 80d2 | 0c00 a0f2 | 0c00 c0f2 | 0800 80d2 | 0800 a0f2 | 0800 c0f2 | 0001 1fd6 

  0x000000010df23c80: ;   {trampoline_stub}
  0x000000010df23c80: 4800 0058 | 0001 1fd6 | 80f1 d707 | 0100 0000 

  0x000000010df23c90: ;   {trampoline_stub}
  0x000000010df23c90: 4800 0058 | 0001 1fd6 | 10a9 c60e | 0100 0000 

  0x000000010df23ca0: ;   {trampoline_stub}
  0x000000010df23ca0: 4800 0058 | 0001 1fd6 | 8081 a40c | 0100 0000 

  0x000000010df23cb0: ;   {trampoline_stub}
  0x000000010df23cb0: 4800 0058 | 0001 1fd6 | 8081 a40c | 0100 0000 

  0x000000010df23cc0: ;   {trampoline_stub}
  0x000000010df23cc0: 4800 0058 | 0001 1fd6 | 8087 a40c | 0100 0000 

  0x000000010df23cd0: ;   {trampoline_stub}
  0x000000010df23cd0: 4800 0058 | 0001 1fd6 | 8081 a40c | 0100 0000 

  0x000000010df23ce0: ;   {trampoline_stub}
  0x000000010df23ce0: 4800 0058 | 0001 1fd6 | 8081 a40c | 0100 0000 

  0x000000010df23cf0: ;   {trampoline_stub}
  0x000000010df23cf0: 4800 0058 | 0001 1fd6 | 8081 a40c | 0100 0000 

  0x000000010df23d00: ;   {static_stub}
  0x000000010df23d00: df3f 03d5 

  0x000000010df23d04: ;   {metadata(nullptr)}
  0x000000010df23d04: 0c00 80d2 | 0c00 a0f2 | 0c00 c0f2 | 0800 80d2 | 0800 a0f2 | 0800 c0f2 | 0001 1fd6 

  0x000000010df23d20: ;   {trampoline_stub}
  0x000000010df23d20: 4800 0058 | 0001 1fd6 | 8081 a40c | 0100 0000 

  0x000000010df23d30: ;   {trampoline_stub}
  0x000000010df23d30: 4800 0058 | 0001 1fd6 | 8087 a40c | 0100 0000 

  0x000000010df23d40: ;   {trampoline_stub}
  0x000000010df23d40: 4800 0058 | 0001 1fd6 | 8081 a40c | 0100 0000 

  0x000000010df23d50: ;   {trampoline_stub}
  0x000000010df23d50: 4800 0058 | 0001 1fd6 | 8081 a40c | 0100 0000 

  0x000000010df23d60: ;   {trampoline_stub}
  0x000000010df23d60: 4800 0058 | 0001 1fd6 | 8081 a40c | 0100 0000 

  0x000000010df23d70: ;   {trampoline_stub}
  0x000000010df23d70: 4800 0058 | 0001 1fd6 | 8081 a40c | 0100 0000 

  0x000000010df23d80: ;   {trampoline_stub}
  0x000000010df23d80: 4800 0058 | 0001 1fd6 | 8081 a40c | 0100 0000 

  0x000000010df23d90: ;   {trampoline_stub}
  0x000000010df23d90: 4800 0058 | 0001 1fd6 | 8081 a40c | 0100 0000 

  0x000000010df23da0: ;   {trampoline_stub}
  0x000000010df23da0: 4800 0058 | 0001 1fd6 | 8081 a40c | 0100 0000 

  0x000000010df23db0: ;   {static_stub}
  0x000000010df23db0: df3f 03d5 

  0x000000010df23db4: ;   {metadata(nullptr)}
  0x000000010df23db4: 0c00 80d2 | 0c00 a0f2 | 0c00 c0f2 | 0800 80d2 | 0800 a0f2 | 0800 c0f2 | 0001 1fd6 

  0x000000010df23dd0: ;   {static_stub}
  0x000000010df23dd0: df3f 03d5 

  0x000000010df23dd4: ;   {metadata(nullptr)}
  0x000000010df23dd4: 0c00 80d2 | 0c00 a0f2 | 0c00 c0f2 | 0800 80d2 | 0800 a0f2 | 0800 c0f2 | 0001 1fd6 

  0x000000010df23df0: ;   {static_stub}
  0x000000010df23df0: df3f 03d5 

  0x000000010df23df4: ;   {metadata(nullptr)}
  0x000000010df23df4: 0c00 80d2 | 0c00 a0f2 | 0c00 c0f2 | 0800 80d2 | 0800 a0f2 | 0800 c0f2 | 0001 1fd6 

  0x000000010df23e10: ;   {static_stub}
  0x000000010df23e10: df3f 03d5 

  0x000000010df23e14: ;   {metadata(nullptr)}
  0x000000010df23e14: 0c00 80d2 | 0c00 a0f2 | 0c00 c0f2 | 0800 80d2 | 0800 a0f2 | 0800 c0f2 | 0001 1fd6 

  0x000000010df23e30: ;   {static_stub}
  0x000000010df23e30: df3f 03d5 

  0x000000010df23e34: ;   {metadata(nullptr)}
  0x000000010df23e34: 0c00 80d2 | 0c00 a0f2 | 0c00 c0f2 | 0800 80d2 | 0800 a0f2 | 0800 c0f2 | 0001 1fd6 

  0x000000010df23e50: ;   {static_stub}
  0x000000010df23e50: df3f 03d5 

  0x000000010df23e54: ;   {metadata(nullptr)}
  0x000000010df23e54: 0c00 80d2 | 0c00 a0f2 | 0c00 c0f2 | 0800 80d2 | 0800 a0f2 | 0800 c0f2 | 0001 1fd6 

  0x000000010df23e70: ;   {static_stub}
  0x000000010df23e70: df3f 03d5 

  0x000000010df23e74: ;   {metadata(nullptr)}
  0x000000010df23e74: 0c00 80d2 | 0c00 a0f2 | 0c00 c0f2 | 0800 80d2 | 0800 a0f2 | 0800 c0f2 | 0001 1fd6 

  0x000000010df23e90: ;   {static_stub}
  0x000000010df23e90: df3f 03d5 

  0x000000010df23e94: ;   {metadata(nullptr)}
  0x000000010df23e94: 0c00 80d2 | 0c00 a0f2 | 0c00 c0f2 | 0800 80d2 | 0800 a0f2 | 0800 c0f2 | 0001 1fd6 

  0x000000010df23eb0: ;   {static_stub}
  0x000000010df23eb0: df3f 03d5 

  0x000000010df23eb4: ;   {metadata(nullptr)}
  0x000000010df23eb4: 0c00 80d2 | 0c00 a0f2 | 0c00 c0f2 | 0800 80d2 | 0800 a0f2 | 0800 c0f2 | 0001 1fd6 

  0x000000010df23ed0: ;   {static_stub}
  0x000000010df23ed0: df3f 03d5 

  0x000000010df23ed4: ;   {metadata(nullptr)}
  0x000000010df23ed4: 0c00 80d2 | 0c00 a0f2 | 0c00 c0f2 | 0800 80d2 | 0800 a0f2 | 0800 c0f2 | 0001 1fd6 

  0x000000010df23ef0: ;   {static_stub}
  0x000000010df23ef0: df3f 03d5 

  0x000000010df23ef4: ;   {metadata({method} {0x000000011ebcc830} 'setPrimFieldValues' '(Ljava/lang/Object;[B)V' in 'java/io/ObjectStreamClass$FieldReflector')}
  0x000000010df23ef4: 0c06 99d2 | 8cd7 a3f2 | 2c00 c0f2 | 082b 89d2 | 8894 a1f2 | 2800 c0f2 | 0001 1fd6 

  0x000000010df23f10: ;   {static_stub}
  0x000000010df23f10: df3f 03d5 

  0x000000010df23f14: ;   {metadata(nullptr)}
  0x000000010df23f14: 0c00 80d2 | 0c00 a0f2 | 0c00 c0f2 | 0800 80d2 | 0800 a0f2 | 0800 c0f2 | 0001 1fd6 

  0x000000010df23f30: ;   {static_stub}
  0x000000010df23f30: df3f 03d5 

  0x000000010df23f34: ;   {metadata(nullptr)}
  0x000000010df23f34: 0c00 80d2 | 0c00 a0f2 | 0c00 c0f2 | 0800 80d2 | 0800 a0f2 | 0800 c0f2 | 0001 1fd6 

  0x000000010df23f50: ;   {static_stub}
  0x000000010df23f50: df3f 03d5 

  0x000000010df23f54: ;   {metadata({method} {0x000000011b079bf8} 'acquireMethodAccessor' '()Ljdk/internal/reflect/MethodAccessor;' in 'java/lang/reflect/Method')}
  0x000000010df23f54: 0c7f 93d2 | ec60 a3f2 | 2c00 c0f2 | 886a 99d2 | 8894 a1f2 | 2800 c0f2 | 0001 1fd6 

  0x000000010df23f70: ;   {static_stub}
  0x000000010df23f70: df3f 03d5 

  0x000000010df23f74: ;   {metadata(nullptr)}
  0x000000010df23f74: 0c00 80d2 | 0c00 a0f2 | 0c00 c0f2 | 0800 80d2 | 0800 a0f2 | 0800 c0f2 | 0001 1fd6 

  0x000000010df23f90: ;   {static_stub}
  0x000000010df23f90: df3f 03d5 

  0x000000010df23f94: ;   {metadata(nullptr)}
  0x000000010df23f94: 0c00 80d2 | 0c00 a0f2 | 0c00 c0f2 | 0800 80d2 | 0800 a0f2 | 0800 c0f2 | 0001 1fd6 

  0x000000010df23fb0: ;   {static_stub}
  0x000000010df23fb0: df3f 03d5 

  0x000000010df23fb4: ;   {metadata(nullptr)}
  0x000000010df23fb4: 0c00 80d2 | 0c00 a0f2 | 0c00 c0f2 | 0800 80d2 | 0800 a0f2 | 0800 c0f2 | 0001 1fd6 

  0x000000010df23fd0: ;   {static_stub}
  0x000000010df23fd0: df3f 03d5 

  0x000000010df23fd4: ;   {metadata(nullptr)}
  0x000000010df23fd4: 0c00 80d2 | 0c00 a0f2 | 0c00 c0f2 | 0800 80d2 | 0800 a0f2 | 0800 c0f2 | 0001 1fd6 

  0x000000010df23ff0: ;   {static_stub}
  0x000000010df23ff0: df3f 03d5 

  0x000000010df23ff4: ;   {metadata(nullptr)}
  0x000000010df23ff4: 0c00 80d2 | 0c00 a0f2 | 0c00 c0f2 | 0800 80d2 | 0800 a0f2 | 0800 c0f2 | 0001 1fd6 
[Exception Handler]
  0x000000010df24010: ;   {runtime_call ExceptionBlob}
  0x000000010df24010: 5c8e af17 
[Deopt Handler Code]
  0x000000010df24014: 1e00 0010 

  0x000000010df24018: ;   {runtime_call DeoptimizationBlob}
  0x000000010df24018: 0aab ac17 
[Deopt MH Handler Code]
  0x000000010df2401c: 1e00 0010 

  0x000000010df24020: ;   {runtime_call DeoptimizationBlob}
  0x000000010df24020: 08ab ac17 | 0000 0000 
[/MachCode]


Compiled method (c2) 47909467 37020   !   4       java.io.ObjectInputStream::readOrdinaryObject (373 bytes)
 total in heap  [0x000000010d783490,0x000000010d785448] = 8120
 relocation     [0x000000010d7835e0,0x000000010d7837e8] = 520
 main code      [0x000000010d783800,0x000000010d784540] = 3392
 stub code      [0x000000010d784540,0x000000010d784770] = 560
 oops           [0x000000010d784770,0x000000010d784788] = 24
 metadata       [0x000000010d784788,0x000000010d7848d8] = 336
 scopes data    [0x000000010d7848d8,0x000000010d784e58] = 1408
 scopes pcs     [0x000000010d784e58,0x000000010d785248] = 1008
 dependencies   [0x000000010d785248,0x000000010d785288] = 64
 handler table  [0x000000010d785288,0x000000010d7853c0] = 312
 nul chk table  [0x000000010d7853c0,0x000000010d785448] = 136

[Constant Pool (empty)]

[MachCode]
[Entry Point]
  # {method} {0x000000011c5c5d30} 'readOrdinaryObject' '(Z)Ljava/lang/Object;' in 'java/io/ObjectInputStream'
  # this:     c_rarg1:c_rarg1 
                        = 'java/io/ObjectInputStream'
  # parm0:    c_rarg2   = boolean
  #           [sp+0x50]  (sp of caller)
  0x000000010d783800: 2808 40b9 | 3f01 086b | 4000 0054 

  0x000000010d78380c: ;   {runtime_call ic_miss_stub}
  0x000000010d78380c: 9d11 cb17 
[Verified Entry Point]
  0x000000010d783810: 1f20 03d5 | e953 40d1 | 3f01 00f9 | ff43 01d1 | fd7b 04a9 | c868 0018 | 8923 40b9 | 1f01 09eb 
  0x000000010d783830: c167 0054 | 2a28 40b9 | e203 00b9 | 4cf1 7dd3 

  0x000000010d783840: ; implicit exception: dispatches to 0x000000010d784274
  0x000000010d783840: 8b61 4039 | cb2b 0035 | 8a29 40b9 | 5df1 7dd3 

  0x000000010d783850: ; implicit exception: dispatches to 0x000000010d784340
  0x000000010d783850: a00f 40b9 | e01e f837 | 0b00 a012 | ab0f 00b9 | 1d1c 0013 | a03d f837 | bfcf 0171 | 413e 0054 
  0x000000010d783870: e107 00f9 | e203 1f2a 

  0x000000010d783878: ; ImmutableOopMap {[8]=Oop }
                      ;*invokevirtual readClassDesc {reexecute=0 rethrow=0 return_oop=1}
                      ; - java.io.ObjectInputStream::readOrdinaryObject@22
                      ;   {optimized virtual_call}
  0x000000010d783878: 26ef 0d94 

  0x000000010d78387c: ;   {other}
  0x000000010d78387c: 1f20 03d5 | 9f7d 80f2 | 1f00 80f2 | ef03 00aa 

  0x000000010d78388c: ; implicit exception: dispatches to 0x000000010d78428c
  0x000000010d78388c: 1d68 4039 | 0b54 40b9 | 0a2c 40b9 | 0d1c 40b9 | 0c44 40b9 | 5d3d 0034 | 5df1 7dd3 | dd3d 00b5 
  0x000000010d7838ac: bdf1 7dd3 | 5d3e 00b4 

  0x000000010d7838b4: ;   {oop(a 'java/lang/Class'{0x00000007006412a0} = 'java/lang/String')}
  0x000000010d7838b4: 8e01 bcd2 | 8e4a 90f2 | bf01 0e6b | 803e 0054 

  0x000000010d7838c4: ;   {oop(a 'java/lang/Class'{0x00000007006415c0} = 'java/lang/Class')}
  0x000000010d7838c4: 8e01 bcd2 | 0e57 90f2 | bf01 0e6b | a03e 0054 

  0x000000010d7838d4: ;   {oop(a 'java/lang/Class'{0x0000000702ff19a0} = 'java/io/ObjectStreamClass')}
  0x000000010d7838d4: ee0b bcd2 | 8e66 9cf2 | bf01 0e6b | c03e 0054 | 8cf1 7dd3 

  0x000000010d7838e8: ; implicit exception: dispatches to 0x000000010d784374
  0x000000010d7838e8: 8d31 4039 | 7df1 7dd3 | fd3e 00b5 | 80df 40f9 | 8ae7 40f9 | 0b40 0091 | 7f01 0aeb | a22d 0054 
  0x000000010d783908: ea03 40b2 | 8bdf 00f9 | 0a00 00f9 

  0x000000010d783914: ;   {metadata('java/lang/Object'[])}
  0x000000010d783914: aa00 a0d2 | 0a55 97f2 | 70c1 80f9 | 0a08 00b9 | 7001 81f9 | 1f0c 00b9 | 7041 81f9 | bf3a 03d5 
  0x000000010d783934: ea03 00aa | ad02 0035 | 8b25 40b9 | bf01 0071 | ea0f 00f9 

  0x000000010d783948: ;   {oop(a 'java/lang/Class'{0x0000000702ff19a0} = 'java/io/ObjectStreamClass')}
  0x000000010d783948: 0a34 83d2 | ea5f a0f2 | ea00 c0f2 | 63f1 7dd3 | ef0b 00f9 | 8521 40b9 | fd03 0caa | e213 8a9a 
  0x000000010d783968: e103 0caa | e403 03aa 

  0x000000010d783970: ; ImmutableOopMap {rfp=Oop [8]=Oop [16]=Oop [24]=Oop }
                      ;*invokevirtual checkAccess {reexecute=0 rethrow=0 return_oop=0}
                      ; - java.lang.reflect.Constructor::newInstanceWithCaller@18
                      ; - java.lang.reflect.Constructor::newInstance@30
                      ; - java.io.ObjectStreamClass::newInstance@34
                      ; - java.io.ObjectInputStream::readOrdinaryObject@72
                      ;   {optimized virtual_call}
  0x000000010d783970: 0412 cb97 

  0x000000010d783974: ;   {other}
  0x000000010d783974: 1f20 03d5 | 9f9c 80f2 | 1f20 80f2 | ef0b 40f9 | ec03 1daa | ea0f 40f9 | 8b41 40b9 | 61f1 7dd3 
  0x000000010d783994: 811e 00b4 | ef0b 00f9 | e203 0aaa | 0934 9cd2 | 4905 a0f2 | 0900 ccf2 

  0x000000010d7839ac: ; ImmutableOopMap {[8]=Oop [16]=Oop }
                      ;*invokeinterface newInstance {reexecute=0 rethrow=0 return_oop=1}
                      ; - java.lang.reflect.Constructor::newInstanceWithCaller@41
                      ; - java.lang.reflect.Constructor::newInstance@30
                      ; - java.io.ObjectStreamClass::newInstance@34
                      ; - java.io.ObjectInputStream::readOrdinaryObject@72
                      ;   {virtual_call}
  0x000000010d7839ac: f72c ce97 

  0x000000010d7839b0: ;   {other}
  0x000000010d7839b0: 1f20 03d5 | 1fa4 80f2 | 1f40 80f2 | f307 40f9 | 6a32 40b9 | 55f1 7dd3 | ea03 40b9 | e00f 00f9 
  0x000000010d7839d0: aa38 0035 

  0x000000010d7839d4: ; implicit exception: dispatches to 0x000000010d7842a0
  0x000000010d7839d4: ab1a 40b9 | 6af1 7dd3 

  0x000000010d7839dc: ; implicit exception: dispatches to 0x000000010d7842b8
  0x000000010d7839dc: 4a0d 40b9 | b412 40b9 | 9f02 0a6b | ca14 0054 | aa16 40b9 | 4df1 7dd3 | ac1a 40b9 | 8a7e 4093 
  0x000000010d7839fc: ; implicit exception: dispatches to 0x000000010d7842d0
  0x000000010d7839fc: ab0d 40b9 | 9df1 7dd3 | ac6b 2a8b | 9f02 0b6b | 6228 0054 | eb03 1f32 | aa01 0a8b | 4b41 0039 
  0x000000010d783a1c: ; implicit exception: dispatches to 0x000000010d7842ec
  0x000000010d783a1c: ab0f 40b9 | aa0b 40b9 | 9641 0091 | 9f02 0b6b | 8228 0054 

  0x000000010d783a30: ;   {metadata('java/lang/Object'[])}
  0x000000010d783a30: ab00 a0d2 | 0b55 97f2 | 5f01 0b6b | a12b 0054 | 8a03 c139 | ca1d 0035 | f70f 40f9 | ea03 16aa 
  0x000000010d783a50: eb03 17aa | 6b01 0aca | ecfe 43d3 | 6bfd 55d3 | cc02 00b9 | 4b01 00b4 | 3701 00b4 | 4afd 49d3 
  0x000000010d783a70: 0b00 90d2 | ab19 a2f2 | 2b00 c0f2 | 6001 0a8b | 0a00 c039 | 5f09 0071 | 011d 0054 | ec0b 40f9 
  0x000000010d783a90: 8b29 40b9 | 8a06 0011 | 7df1 7dd3 | 740e 00b9 | aa12 00b9 | fd32 00b5 | 9d69 4039 | 7d33 0034 
  0x000000010d783ab0: 9d51 4039 | fd33 0035 | 9d59 4039 | 7d34 0035 | fd03 13aa | e103 13aa | e203 17aa | e303 0caa 
  0x000000010d783ad0: ; ImmutableOopMap {rfp=Oop [16]=Oop [24]=Oop }
                      ;*invokevirtual readSerialData {reexecute=0 rethrow=0 return_oop=0}
                      ; - java.io.ObjectInputStream::readOrdinaryObject@234
                      ;   {optimized virtual_call}
  0x000000010d783ad0: 4073 1e94 

  0x000000010d783ad4: ;   {other}
  0x000000010d783ad4: 1f20 03d5 | 9fc8 80f2 | 1f60 80f2 | ed03 1daa | ab31 40b9 | b80d 40b9 | 6ef1 7dd3 | 1707 0011 
  0x000000010d783af4: ; implicit exception: dispatches to 0x000000010d784308
  0x000000010d783af4: dd0d 40b9 | 5d33 f836 | 1f03 176b | 2a06 0054 | cb15 40b9 | 73f1 7dd3 

  0x000000010d783b0c: ; implicit exception: dispatches to 0x000000010d783fcc
  0x000000010d783b0c: 6a0e 40b9 | cc1d 40b9 | 94f1 7dd3 | 0c00 8092 | 4b7d 4093 | 8cc1 378b | 1f03 0a6b | 2225 0054 
  0x000000010d783b2c: 9f01 0beb | e224 0054 

  0x000000010d783b34: ; implicit exception: dispatches to 0x000000010d783fcc
  0x000000010d783b34: 8a0e 40b9 | 4b7d 4093 | 1f03 0a6b | 6224 0054 | 9f01 0beb | 2224 0054 | 167d 8052 | f503 0032 
  0x000000010d783b54: fa03 182a | 0b03 1a4b | ff02 1a6b | 6a05 0011 | eab3 8a1a | 5fa1 0f71 | ca82 8a1a | 5901 1a0b 
  0x000000010d783b74: 1f20 03d5 | 1f20 03d5 | 1f20 03d5 | 4a7f 4093 | 7b02 0a8b | 9d6a 2a8b | 6a43 c039 | 5f09 0071 
  0x000000010d783b94: 011b 0054 | 8a03 c139 | aa0f 0035 | 7543 0039 | 5a07 0011 | bf13 00b9 | 5f03 196b | 8bfe ff54 
  0x000000010d783bb4: ; ImmutableOopMap {r13=Oop r14=Oop r19=Oop resp=Oop [16]=Oop [24]=Oop }
                      ;*goto {reexecute=1 rethrow=0 return_oop=0}
                      ; - (reexecute) java.io.ObjectInputStream$HandleTable::finish@107
                      ; - java.io.ObjectInputStream::readOrdinaryObject@245
  0x000000010d783bb4: 8c2b 42f9 

  0x000000010d783bb8: ;   {poll}
  0x000000010d783bb8: 9f01 40b9 | 5f03 176b | cbfc ff54 | aa31 40b9 | e00f 40f9 | ae0d 40b9 | 802d 00b4 | 4cf1 7dd3 
  0x000000010d783bd8: ; implicit exception: dispatches to 0x000000010d784324
  0x000000010d783bd8: 8b15 40b9 | df05 0031 | 2001 0054 | 7df1 7dd3 

  0x000000010d783be8: ; implicit exception: dispatches to 0x000000010d784358
  0x000000010d783be8: ab0f 40b9 | aac3 2e8b | df01 0b6b | 221b 0054 | 5d41 c039 | bf0f 0071 | 602d 0054 | e10b 40f9 
  0x000000010d783c08: 3d68 4039 | 5d2c 0034 | 2b68 40b9 | cb04 0035 | fd7b 44a9 | ff43 0191 

  0x000000010d783c20: ;   {poll_return}
  0x000000010d783c20: 8827 42f9 | ff63 28eb | a847 0054 | c003 5fd6 | ab1b 40b9 | 6bf1 7dd3 

  0x000000010d783c38: ; implicit exception: dispatches to 0x000000010d784390
  0x000000010d783c38: 6a09 40b9 

  0x000000010d783c3c: ;   {metadata('java/io/ByteArrayInputStream')}
  0x000000010d783c3c: ac00 a0d2 | 0c6c 87f2 | 5f01 0c6b | 8107 0054 | e107 00f9 | e103 0baa 

  0x000000010d783c54: ; ImmutableOopMap {rfp=Oop [8]=Oop }
                      ;*invokevirtual read {reexecute=0 rethrow=0 return_oop=0}
                      ; - java.io.ObjectInputStream$PeekInputStream::read@23
                      ; - java.io.ObjectInputStream$BlockDataInputStream::read@58
                      ; - java.io.ObjectInputStream$BlockDataInputStream::readByte@1
                      ; - java.io.ObjectInputStream::readOrdinaryObject@4
                      ;   {optimized virtual_call}
  0x000000010d783c54: 4b11 cb97 

  0x000000010d783c58: ;   {other}
  0x000000010d783c58: 1f20 03d5 | 1ff9 80f2 | 1fa0 80f2 | eb03 1daa | bd0b 40f9 | 002b f837 | aa07 0091 | 6a09 00f9 
  0x000000010d783c78: e107 40f9 | f9fe ff17 | f503 00f9 | fd03 13aa | e103 15aa 

  0x000000010d783c8c: ; ImmutableOopMap {rfp=Oop [0]=Oop [16]=Oop [24]=Oop }
                      ;*invokevirtual grow {reexecute=0 rethrow=0 return_oop=0}
                      ; - java.io.ObjectInputStream$HandleTable::assign@13
                      ; - java.io.ObjectInputStream::readOrdinaryObject@123
                      ;   {optimized virtual_call}
  0x000000010d783c8c: 4126 4894 

  0x000000010d783c90: ;   {other}
  0x000000010d783c90: 1f20 03d5 | 1f00 81f2 | 1fc0 80f2 | f503 40f9 | b412 40b9 | f303 1daa | 51ff ff17 | ed03 00f9 
  0x000000010d783cb0: e20f 40f9 

  0x000000010d783cb4: ; ImmutableOopMap {[0]=Oop [24]=Oop }
                      ;*invokevirtual invokeReadResolve {reexecute=0 rethrow=0 return_oop=1}
                      ; - java.io.ObjectInputStream::readOrdinaryObject@277
                      ;   {optimized virtual_call}
  0x000000010d783cb4: a3b9 3496 

  0x000000010d783cb8: ;   {other}
  0x000000010d783cb8: 1f20 03d5 | 1f05 81f2 | 1fe0 80f2 | ea0f 40f9 | 1f00 0aeb | a02b 0054 

  0x000000010d783cd0: ; implicit exception: dispatches to 0x000000010d7843a8
  0x000000010d783cd0: 0b08 40b9 | 6a01 5dd2 | 4b39 40f9 | 4a09 40b9 | 0a29 f837 | fd03 00aa | 6201 40f9 | e103 40f9 
  0x000000010d783cf0: 0300 a012 

  0x000000010d783cf4: ; ImmutableOopMap {rfp=Oop [0]=Oop }
                      ;*invokevirtual filterCheck {reexecute=0 rethrow=0 return_oop=0}
                      ; - java.io.ObjectInputStream::readOrdinaryObject@351
                      ;   {optimized virtual_call}
  0x000000010d783cf4: 676c ef97 

  0x000000010d783cf8: ;   {other}
  0x000000010d783cf8: 1f20 03d5 | 1f0d 81f2 | 1f00 81f2 | ea03 40f9 | 4b31 40b9 | 61f1 7dd3 | 4a0d 40b9 | a126 00b4 
  0x000000010d783d18: e203 0a2a | e303 1daa 

  0x000000010d783d20: ; ImmutableOopMap {rfp=Oop }
                      ;*invokevirtual setObject {reexecute=0 rethrow=0 return_oop=0}
                      ; - java.io.ObjectInputStream::readOrdinaryObject@367
                      ;   {optimized virtual_call}
  0x000000010d783d20: 2c6f eb97 

  0x000000010d783d24: ;   {other}
  0x000000010d783d24: 1f20 03d5 | 9f12 81f2 | 1f20 81f2 | e003 1daa | b9ff ff17 

  0x000000010d783d38: ;   {metadata('java/io/BufferedInputStream')}
  0x000000010d783d38: cc00 a0d2 | 0c6d 9af2 | 5f01 0c6b | e126 0054 | e107 00f9 | e103 0baa 

  0x000000010d783d50: ; ImmutableOopMap {rfp=Oop [8]=Oop }
                      ;*invokevirtual read {reexecute=0 rethrow=0 return_oop=0}
                      ; - java.io.ObjectInputStream$PeekInputStream::read@23
                      ; - java.io.ObjectInputStream$BlockDataInputStream::read@58
                      ; - java.io.ObjectInputStream$BlockDataInputStream::readByte@1
                      ; - java.io.ObjectInputStream::readOrdinaryObject@4
                      ;   {optimized virtual_call}
  0x000000010d783d50: 0c11 cb97 

  0x000000010d783d54: ;   {other}
  0x000000010d783d54: 1f20 03d5 | 9f18 81f2 | 1f40 81f2 | c1ff ff17 | fd03 0aaa | ef0b 00f9 | e103 0caa 

  0x000000010d783d70: ; ImmutableOopMap {rfp=Oop [8]=Oop [16]=Oop }
                      ;*invokevirtual acquireConstructorAccessor {reexecute=0 rethrow=0 return_oop=1}
                      ; - java.lang.reflect.Constructor::newInstanceWithCaller@33
                      ; - java.lang.reflect.Constructor::newInstance@30
                      ; - java.io.ObjectStreamClass::newInstance@34
                      ; - java.io.ObjectInputStream::readOrdinaryObject@72
                      ;   {optimized virtual_call}
  0x000000010d783d70: 0411 cb97 

  0x000000010d783d74: ;   {other}
  0x000000010d783d74: 1f20 03d5 | 9f1c 81f2 | 1f60 81f2 | e103 00aa | ef0b 40f9 | ea03 1daa | 03ff ff17 | ab13 40b9 
  0x000000010d783d94: 60f1 7dd3 | 40f0 ffb4 | 8a17 40f9 | ca0e 00b4 | 8b1f 40f9 | 4c21 00d1 | 6a01 0a8b | 4081 1ff8 
  0x000000010d783db4: 8c17 00f9 | 7aff ff17 | 8ead 4129 | df01 0b6b | 4006 0054 | 6b01 f837 | 8b1d 40b9 | ca05 0011 
  0x000000010d783dd4: 7df1 7dd3 | 8a0d 00b9 

  0x000000010d783ddc: ; implicit exception: dispatches to 0x000000010d784500
  0x000000010d783ddc: ab0f 40b9 | df01 0b6b | a223 0054 | aac3 2e8b | 4041 4039 | 9cfe ff17 | 0000 a012 | 9afe ff17 
  0x000000010d783dfc: cb02 40b9 | 60f1 7dd3 | 20e2 ffb4 | 8a17 40f9 | ea0e 00b4 | 8b1f 40f9 | 4c21 00d1 | 6a01 0a8b 
  0x000000010d783e1c: 4081 1ff8 | 8c17 00f9 | 09ff ff17 | 8a27 40f9 | 8b2f 40f9 | bf3b 03d5 | 0c00 c039 | 6c02 0034 
  0x000000010d783e3c: 1f00 0039 | ca00 00b4 | 4c21 00d1 | 6a01 0a8b | 4081 1ff8 | 8c27 00f9 | 0c00 0014 | e103 1caa 
  0x000000010d783e5c: c900 0010 

  0x000000010d783e60: ;   {runtime_call G1BarrierSetRuntime::write_ref_field_post_entry(unsigned char volatile*, JavaThread*)}
  0x000000010d783e60: 88ce 8ed2 | 482f a0f2 | 2800 c0f2 | ff27 bfa9 | 0001 3fd6 

  0x000000010d783e74: ;   {other}
  0x000000010d783e74: 1f20 03d5 | 1f00 80f2 | 1f00 80f2 | ff43 0091 | b412 40b9 | 01ff ff17 | fd03 01aa | ec07 00f9 
  0x000000010d783e94: e103 0caa 

  0x000000010d783e98: ; ImmutableOopMap {rfp=Oop [8]=Oop }
                      ;*invokevirtual refill {reexecute=0 rethrow=0 return_oop=0}
                      ; - java.io.ObjectInputStream$BlockDataInputStream::read@19
                      ; - java.io.ObjectInputStream$BlockDataInputStream::readByte@1
                      ; - java.io.ObjectInputStream::readOrdinaryObject@4
                      ;   {optimized virtual_call}
  0x000000010d783e98: ba10 cb97 

  0x000000010d783e9c: ;   {other}
  0x000000010d783e9c: 1f20 03d5 | 9f41 81f2 | 1f80 81f2 | ec07 40f9 | 8ead 4129 | e103 1daa | c5ff ff17 | ed07 00b9 
  0x000000010d783ebc: fd03 0caa | ef0b 00f9 

  0x000000010d783ec4: ;   {metadata('java/lang/Object'[])}
  0x000000010d783ec4: 0155 97d2 | a100 a0f2 | 0101 c0f2 | e203 1f2a 

  0x000000010d783ed4: ; ImmutableOopMap {rfp=Oop [8]=Oop [16]=Oop }
                      ;*anewarray {reexecute=0 rethrow=0 return_oop=1}
                      ; - java.io.ObjectStreamClass::newInstance@31
                      ; - java.io.ObjectInputStream::readOrdinaryObject@72
                      ;   {runtime_call _new_array_Java}
  0x000000010d783ed4: 0b1d ce97 

  0x000000010d783ed8: ;   {other}
  0x000000010d783ed8: 1f20 03d5 | 1f49 81f2 | 1fa0 81f2 | ec03 1daa | ed07 40b9 | ef0b 40f9 | 90fe ff17 | 4117 8012 
  0x000000010d783ef8: fd03 172a | fa2b 0029 | ed07 00f9 | ee13 00f9 

  0x000000010d783f08: ; ImmutableOopMap {[8]=Oop [16]=Oop [24]=Oop [32]=Oop }
                      ;*tableswitch {reexecute=1 rethrow=0 return_oop=0}
                      ; - (reexecute) java.io.ObjectInputStream$HandleTable::finish@49
                      ; - java.io.ObjectInputStream::readOrdinaryObject@245
                      ;   {runtime_call UncommonTrapBlob}
  0x000000010d783f08: 1e2c cb97 

  0x000000010d783f0c: ;   {other}
  0x000000010d783f0c: 1f20 03d5 | 9f4f 81f2 | 1fc0 81f2 | f503 00f9 | f40b 00b9 | ed13 00f9 | fd03 13aa | 6103 8012 
  0x000000010d783f2c: ; ImmutableOopMap {rfp=Oop [0]=Oop [16]=Oop [24]=Oop [32]=Oop }
                      ;*bastore {reexecute=0 rethrow=0 return_oop=0}
                      ; - java.io.ObjectInputStream$HandleTable::assign@25
                      ; - java.io.ObjectInputStream::readOrdinaryObject@123
                      ;   {runtime_call UncommonTrapBlob}
  0x000000010d783f2c: 152c cb97 

  0x000000010d783f30: ;   {other}
  0x000000010d783f30: 1f20 03d5 | 1f54 81f2 | 1fe0 81f2 | f357 00a9 | f423 00b9 | 6103 8012 

  0x000000010d783f48: ; ImmutableOopMap {rfp=Oop [0]=Oop [8]=Oop [16]=Oop [24]=Oop }
                      ;*aastore {reexecute=1 rethrow=0 return_oop=0}
                      ; - (reexecute) java.io.ObjectInputStream$HandleTable::assign@35
                      ; - java.io.ObjectInputStream::readOrdinaryObject@123
                      ;   {runtime_call UncommonTrapBlob}
  0x000000010d783f48: 0e2c cb97 

  0x000000010d783f4c: ;   {other}
  0x000000010d783f4c: 1f20 03d5 | 9f57 81f2 | 1f00 82f2 | ed03 00a9 | ee1b 00b9 | ec13 00f9 | 6103 8012 

  0x000000010d783f68: ; ImmutableOopMap {rfp=Oop [0]=Oop [8]=Oop [16]=Oop [32]=Oop }
                      ;*baload {reexecute=0 rethrow=0 return_oop=0}
                      ; - java.io.ObjectInputStream$HandleTable::lookupException@10
                      ; - java.io.ObjectInputStream::readOrdinaryObject@261
                      ;   {runtime_call UncommonTrapBlob}
  0x000000010d783f68: 062c cb97 

  0x000000010d783f6c: ;   {other}
  0x000000010d783f6c: 1f20 03d5 | 9f5b 81f2 | 1f20 82f2 | ed3b 00a9 | e103 1caa | c900 0010 

  0x000000010d783f84: ;   {runtime_call G1BarrierSetRuntime::write_ref_field_pre_entry(oopDesc*, JavaThread*)}
  0x000000010d783f84: 88c9 8ed2 | 482f a0f2 | 2800 c0f2 | ff27 bfa9 | 0001 3fd6 

  0x000000010d783f98: ;   {other}
  0x000000010d783f98: 1f20 03d5 | 1f00 80f2 | 1f00 80f2 | ff43 0091 | ed3b 40a9 | fdfe ff17 | f357 00a9 | f423 00b9 
  0x000000010d783fb8: 2105 8012 

  0x000000010d783fbc: ; ImmutableOopMap {rfp=Oop [0]=Oop [8]=Oop [16]=Oop [24]=Oop }
                      ;*aastore {reexecute=1 rethrow=0 return_oop=0}
                      ; - (reexecute) java.io.ObjectInputStream$HandleTable::assign@35
                      ; - java.io.ObjectInputStream::readOrdinaryObject@123
                      ;   {runtime_call UncommonTrapBlob}
  0x000000010d783fbc: f12b cb97 

  0x000000010d783fc0: ;   {other}
  0x000000010d783fc0: 1f20 03d5 | 1f66 81f2 | 1f40 82f2 | 2111 8012 | f8df 0029 | ed3b 02a9 

  0x000000010d783fd8: ; ImmutableOopMap {[16]=Oop [24]=Oop [32]=Oop [40]=Oop }
                      ;*if_icmpge {reexecute=1 rethrow=0 return_oop=0}
                      ; - (reexecute) java.io.ObjectInputStream$HandleTable::finish@40
                      ; - java.io.ObjectInputStream::readOrdinaryObject@245
                      ;   {runtime_call UncommonTrapBlob}
  0x000000010d783fd8: ea2b cb97 

  0x000000010d783fdc: ;   {other}
  0x000000010d783fdc: 1f20 03d5 | 9f69 81f2 | 1f60 82f2 | e103 1caa | c900 0010 

  0x000000010d783ff0: ;   {runtime_call G1BarrierSetRuntime::write_ref_field_pre_entry(oopDesc*, JavaThread*)}
  0x000000010d783ff0: 88c9 8ed2 | 482f a0f2 | 2800 c0f2 | ff27 bfa9 | 0001 3fd6 

  0x000000010d784004: ;   {other}
  0x000000010d784004: 1f20 03d5 | 1f00 80f2 | 1f00 80f2 | ff43 0091 | 8dfe ff17 | fd03 01aa | e007 00b9 | 4117 8012 
  0x000000010d784024: ; ImmutableOopMap {rfp=Oop }
                      ;*ifge {reexecute=1 rethrow=0 return_oop=0}
                      ; - (reexecute) java.io.ObjectInputStream$BlockDataInputStream::readByte@6
                      ; - java.io.ObjectInputStream::readOrdinaryObject@4
                      ;   {runtime_call UncommonTrapBlob}
  0x000000010d784024: d72b cb97 

  0x000000010d784028: ;   {other}
  0x000000010d784028: 1f20 03d5 | 1f73 81f2 | 1f80 82f2 | 4117 8012 

  0x000000010d784038: ; ImmutableOopMap {}
                      ;*if_icmpeq {reexecute=1 rethrow=0 return_oop=0}
                      ; - (reexecute) java.io.ObjectInputStream::readOrdinaryObject@9
                      ;   {runtime_call UncommonTrapBlob}
  0x000000010d784038: d22b cb97 

  0x000000010d78403c: ;   {other}
  0x000000010d78403c: 1f20 03d5 | 9f75 81f2 | 1fa0 82f2 | e00b 00f9 | 4117 8012 

  0x000000010d784050: ; ImmutableOopMap {[8]=Oop [16]=Oop }
                      ;*ifne {reexecute=1 rethrow=0 return_oop=0}
                      ; - (reexecute) java.io.ObjectStreamClass::requireInitialized@4
                      ; - java.io.ObjectStreamClass::checkDeserialize@1
                      ; - java.io.ObjectInputStream::readOrdinaryObject@27
                      ;   {runtime_call UncommonTrapBlob}
  0x000000010d784050: cc2b cb97 

  0x000000010d784054: ;   {other}
  0x000000010d784054: 1f20 03d5 | 9f78 81f2 | 1fc0 82f2 | e00b 00f9 | 4117 8012 

  0x000000010d784068: ; ImmutableOopMap {rfp=Oop [8]=Oop [16]=Oop }
                      ;*ifnull {reexecute=1 rethrow=0 return_oop=0}
                      ; - (reexecute) java.io.ObjectStreamClass::checkDeserialize@8
                      ; - java.io.ObjectInputStream::readOrdinaryObject@27
                      ;   {runtime_call UncommonTrapBlob}
  0x000000010d784068: c62b cb97 

  0x000000010d78406c: ;   {other}
  0x000000010d78406c: 1f20 03d5 | 9f7b 81f2 | 1fe0 82f2 | e00b 00f9 | 4117 8012 

  0x000000010d784080: ; ImmutableOopMap {rfp=Oop [8]=Oop [16]=Oop }
                      ;*ifnonnull {reexecute=1 rethrow=0 return_oop=0}
                      ; - (reexecute) java.io.ObjectStreamClass::forClass@4
                      ; - java.io.ObjectInputStream::readOrdinaryObject@31
                      ;   {runtime_call UncommonTrapBlob}
  0x000000010d784080: c02b cb97 

  0x000000010d784084: ;   {other}
  0x000000010d784084: 1f20 03d5 | 9f7e 81f2 | 1f00 83f2 | 4117 8012 

  0x000000010d784094: ; ImmutableOopMap {rfp=Oop }
                      ;*if_acmpeq {reexecute=1 rethrow=0 return_oop=0}
                      ; - (reexecute) java.io.ObjectInputStream::readOrdinaryObject@38
                      ;   {runtime_call UncommonTrapBlob}
  0x000000010d784094: bb2b cb97 

  0x000000010d784098: ;   {other}
  0x000000010d784098: 1f20 03d5 | 1f81 81f2 | 1f20 83f2 | 4117 8012 

  0x000000010d7840a8: ; ImmutableOopMap {rfp=Oop }
                      ;*if_acmpeq {reexecute=1 rethrow=0 return_oop=0}
                      ; - (reexecute) java.io.ObjectInputStream::readOrdinaryObject@44
                      ;   {runtime_call UncommonTrapBlob}
  0x000000010d7840a8: b62b cb97 

  0x000000010d7840ac: ;   {other}
  0x000000010d7840ac: 1f20 03d5 | 9f83 81f2 | 1f40 83f2 | 4117 8012 

  0x000000010d7840bc: ; ImmutableOopMap {rfp=Oop }
                      ;*if_acmpne {reexecute=1 rethrow=0 return_oop=0}
                      ; - (reexecute) java.io.ObjectInputStream::readOrdinaryObject@50
                      ;   {runtime_call UncommonTrapBlob}
  0x000000010d7840bc: b12b cb97 

  0x000000010d7840c0: ;   {other}
  0x000000010d7840c0: 1f20 03d5 | 1f86 81f2 | 1f60 83f2 | e00b 00f9 | 4117 8012 

  0x000000010d7840d4: ; ImmutableOopMap {rfp=Oop [8]=Oop [16]=Oop }
                      ;*ifnull {reexecute=1 rethrow=0 return_oop=0}
                      ; - (reexecute) java.io.ObjectStreamClass::newInstance@15
                      ; - java.io.ObjectInputStream::readOrdinaryObject@72
                      ;   {runtime_call UncommonTrapBlob}
  0x000000010d7840d4: ab2b cb97 

  0x000000010d7840d8: ;   {other}
  0x000000010d7840d8: 1f20 03d5 | 1f89 81f2 | 1f80 83f2 | f507 00f9 | fd03 13aa | 4117 8012 

  0x000000010d7840f0: ; ImmutableOopMap {rfp=Oop [8]=Oop [16]=Oop [24]=Oop }
                      ;*ifeq {reexecute=1 rethrow=0 return_oop=0}
                      ; - (reexecute) java.io.ObjectInputStream::readOrdinaryObject@112
                      ;   {runtime_call UncommonTrapBlob}
  0x000000010d7840f0: a42b cb97 

  0x000000010d7840f4: ;   {other}
  0x000000010d7840f4: 1f20 03d5 | 9f8c 81f2 | 1fa0 83f2 | f333 00a9 | 4117 8012 

  0x000000010d784108: ; ImmutableOopMap {rfp=Oop [0]=Oop [8]=Oop [24]=Oop }
                      ;*ifnull {reexecute=1 rethrow=0 return_oop=0}
                      ; - (reexecute) java.io.ObjectInputStream::readOrdinaryObject@137
                      ;   {runtime_call UncommonTrapBlob}
  0x000000010d784108: 9e2b cb97 

  0x000000010d78410c: ;   {other}
  0x000000010d78410c: 1f20 03d5 | 9f8f 81f2 | 1fc0 83f2 | f333 00a9 | 4117 8012 

  0x000000010d784120: ; ImmutableOopMap {[0]=Oop [8]=Oop [24]=Oop }
                      ;*ifne {reexecute=1 rethrow=0 return_oop=0}
                      ; - (reexecute) java.io.ObjectStreamClass::requireInitialized@4
                      ; - java.io.ObjectStreamClass::isRecord@1
                      ; - java.io.ObjectInputStream::readOrdinaryObject@154
                      ;   {runtime_call UncommonTrapBlob}
  0x000000010d784120: 982b cb97 

  0x000000010d784124: ;   {other}
  0x000000010d784124: 1f20 03d5 | 9f92 81f2 | 1fe0 83f2 | f333 00a9 | 4117 8012 

  0x000000010d784138: ; ImmutableOopMap {[0]=Oop [8]=Oop [24]=Oop }
                      ;*ifeq {reexecute=1 rethrow=0 return_oop=0}
                      ; - (reexecute) java.io.ObjectInputStream::readOrdinaryObject@161
                      ;   {runtime_call UncommonTrapBlob}
  0x000000010d784138: 922b cb97 

  0x000000010d78413c: ;   {other}
  0x000000010d78413c: 1f20 03d5 | 9f95 81f2 | 1f00 84f2 | f333 00a9 | 4117 8012 

  0x000000010d784150: ; ImmutableOopMap {[0]=Oop [8]=Oop [24]=Oop }
                      ;*ifeq {reexecute=1 rethrow=0 return_oop=0}
                      ; - (reexecute) java.io.ObjectInputStream::readOrdinaryObject@214
                      ;   {runtime_call UncommonTrapBlob}
  0x000000010d784150: 8c2b cb97 

  0x000000010d784154: ;   {other}
  0x000000010d784154: 1f20 03d5 | 9f98 81f2 | 1f20 84f2 | 4117 8012 | f803 00b9 | ed07 00f9 | ee13 00f9 

  0x000000010d784170: ; ImmutableOopMap {[8]=Oop [16]=Oop [24]=Oop [32]=Oop }
                      ;*ifge {reexecute=1 rethrow=0 return_oop=0}
                      ; - (reexecute) java.io.ObjectInputStream$HandleTable::finish@4
                      ; - java.io.ObjectInputStream::readOrdinaryObject@245
                      ;   {runtime_call UncommonTrapBlob}
  0x000000010d784170: 842b cb97 

  0x000000010d784174: ;   {other}
  0x000000010d784174: 1f20 03d5 | 9f9c 81f2 | 1f40 84f2 | 4117 8012 

  0x000000010d784184: ; ImmutableOopMap {[24]=Oop }
                      ;*ifnull {reexecute=1 rethrow=0 return_oop=0}
                      ; - (reexecute) java.io.ObjectInputStream::readOrdinaryObject@250
                      ;   {runtime_call UncommonTrapBlob}
  0x000000010d784184: 7f2b cb97 

  0x000000010d784188: ;   {other}
  0x000000010d784188: 1f20 03d5 | 1f9f 81f2 | 1f60 84f2 | ed07 00a9 | 4117 8012 

  0x000000010d78419c: ; ImmutableOopMap {[0]=Oop [8]=Oop [24]=Oop }
                      ;*ifne {reexecute=1 rethrow=0 return_oop=0}
                      ; - (reexecute) java.io.ObjectStreamClass::requireInitialized@4
                      ; - java.io.ObjectStreamClass::hasReadResolveMethod@1
                      ; - java.io.ObjectInputStream::readOrdinaryObject@268
                      ;   {runtime_call UncommonTrapBlob}
  0x000000010d78419c: 792b cb97 

  0x000000010d7841a0: ;   {other}
  0x000000010d7841a0: 1f20 03d5 | 1fa2 81f2 | 1f80 84f2 | ed03 00a9 | ee1b 00b9 | ec13 00f9 | 4117 8012 

  0x000000010d7841bc: ; ImmutableOopMap {[0]=Oop [8]=Oop [16]=Oop [32]=Oop }
                      ;*if_icmpne {reexecute=1 rethrow=0 return_oop=0}
                      ; - (reexecute) java.io.ObjectInputStream$HandleTable::lookupException@12
                      ; - java.io.ObjectInputStream::readOrdinaryObject@261
                      ;   {runtime_call UncommonTrapBlob}
  0x000000010d7841bc: 712b cb97 

  0x000000010d7841c0: ;   {other}
  0x000000010d7841c0: 1f20 03d5 | 1fa6 81f2 | 1fa0 84f2 | e007 00b9 | eb0b 00f9 | 4117 8012 

  0x000000010d7841d8: ; ImmutableOopMap {[8]=Oop [16]=Oop }
                      ;*iflt {reexecute=1 rethrow=0 return_oop=0}
                      ; - (reexecute) java.io.ObjectInputStream$PeekInputStream::read@33
                      ; - java.io.ObjectInputStream$BlockDataInputStream::read@58
                      ; - java.io.ObjectInputStream$BlockDataInputStream::readByte@1
                      ; - java.io.ObjectInputStream::readOrdinaryObject@4
                      ;   {runtime_call UncommonTrapBlob}
  0x000000010d7841d8: 6a2b cb97 

  0x000000010d7841dc: ;   {other}
  0x000000010d7841dc: 1f20 03d5 | 9fa9 81f2 | 1fc0 84f2 | ea03 00b9 | 2101 8012 

  0x000000010d7841f0: ; ImmutableOopMap {rfp=Oop }
                      ;*invokevirtual setObject {reexecute=0 rethrow=0 return_oop=0}
                      ; - java.io.ObjectInputStream::readOrdinaryObject@367
                      ;   {runtime_call UncommonTrapBlob}
  0x000000010d7841f0: 642b cb97 

  0x000000010d7841f4: ;   {other}
  0x000000010d7841f4: 1f20 03d5 | 9fac 81f2 | 1fe0 84f2 | 5f01 0071 | e007 00f9 | fda7 9f1a | 4117 8012 

  0x000000010d784210: ; ImmutableOopMap {[0]=Oop [8]=Oop }
                      ;*ifeq {reexecute=1 rethrow=0 return_oop=0}
                      ; - (reexecute) java.io.ObjectInputStream::readOrdinaryObject@324
                      ;   {runtime_call UncommonTrapBlob}
  0x000000010d784210: 5c2b cb97 

  0x000000010d784214: ;   {other}
  0x000000010d784214: 1f20 03d5 | 9fb0 81f2 | 1f00 85f2 | fd07 00f9 | fd03 01aa | eb0b 00f9 | 2107 8012 

  0x000000010d784230: ; ImmutableOopMap {rfp=Oop [8]=Oop [16]=Oop }
                      ;*invokevirtual read {reexecute=0 rethrow=0 return_oop=0}
                      ; - java.io.ObjectInputStream$PeekInputStream::read@23
                      ; - java.io.ObjectInputStream$BlockDataInputStream::read@58
                      ; - java.io.ObjectInputStream$BlockDataInputStream::readByte@1
                      ; - java.io.ObjectInputStream::readOrdinaryObject@4
                      ;   {runtime_call UncommonTrapBlob}
  0x000000010d784230: 542b cb97 

  0x000000010d784234: ;   {other}
  0x000000010d784234: 1f20 03d5 | 9fb4 81f2 | 1f20 85f2 | e003 00f9 | 4117 8012 

  0x000000010d784248: ; ImmutableOopMap {[0]=Oop [24]=Oop }
                      ;*if_acmpeq {reexecute=1 rethrow=0 return_oop=0}
                      ; - (reexecute) java.io.ObjectInputStream::readOrdinaryObject@308
                      ;   {runtime_call UncommonTrapBlob}
  0x000000010d784248: 4e2b cb97 

  0x000000010d78424c: ;   {other}
  0x000000010d78424c: 1f20 03d5 | 9fb7 81f2 | 1f40 85f2 | ee07 00b9 | e107 00f9 | 6103 8012 

  0x000000010d784264: ; ImmutableOopMap {rfp=Oop [8]=Oop }
                      ;*baload {reexecute=0 rethrow=0 return_oop=0}
                      ; - java.io.ObjectInputStream$BlockDataInputStream::read@44
                      ; - java.io.ObjectInputStream$BlockDataInputStream::readByte@1
                      ; - java.io.ObjectInputStream::readOrdinaryObject@4
                      ;   {runtime_call UncommonTrapBlob}
  0x000000010d784264: 472b cb97 

  0x000000010d784268: ;   {other}
  0x000000010d784268: 1f20 03d5 | 1fbb 81f2 | 1f60 85f2 | fd03 01aa | 2101 8012 

  0x000000010d78427c: ; ImmutableOopMap {rfp=Oop }
                      ;*invokevirtual readByte {reexecute=0 rethrow=0 return_oop=0}
                      ; - java.io.ObjectInputStream::readOrdinaryObject@4
                      ;   {runtime_call UncommonTrapBlob}
  0x000000010d78427c: 412b cb97 

  0x000000010d784280: ;   {other}
  0x000000010d784280: 1f20 03d5 | 1fbe 81f2 | 1f80 85f2 | 2101 8012 

  0x000000010d784290: ; ImmutableOopMap {[8]=Oop }
                      ;*invokevirtual checkDeserialize {reexecute=0 rethrow=0 return_oop=0}
                      ; - java.io.ObjectInputStream::readOrdinaryObject@27
                      ;   {runtime_call UncommonTrapBlob}
  0x000000010d784290: 3c2b cb97 

  0x000000010d784294: ;   {other}
  0x000000010d784294: 1f20 03d5 | 9fc0 81f2 | 1fa0 85f2 | fd03 13aa | 2101 8012 

  0x000000010d7842a8: ; ImmutableOopMap {rfp=Oop [16]=Oop [24]=Oop }
                      ;*invokevirtual assign {reexecute=0 rethrow=0 return_oop=0}
                      ; - java.io.ObjectInputStream::readOrdinaryObject@123
                      ;   {runtime_call UncommonTrapBlob}
  0x000000010d7842a8: 362b cb97 

  0x000000010d7842ac: ;   {other}
  0x000000010d7842ac: 1f20 03d5 | 9fc3 81f2 | 1fc0 85f2 | fd03 13aa | 2101 8012 

  0x000000010d7842c0: ; ImmutableOopMap {rfp=Oop [16]=Oop [24]=Oop }
                      ;*arraylength {reexecute=0 rethrow=0 return_oop=0}
                      ; - java.io.ObjectInputStream$HandleTable::assign@8
                      ; - java.io.ObjectInputStream::readOrdinaryObject@123
                      ;   {runtime_call UncommonTrapBlob}
  0x000000010d7842c0: 302b cb97 

  0x000000010d7842c4: ;   {other}
  0x000000010d7842c4: 1f20 03d5 | 9fc6 81f2 | 1fe0 85f2 | f403 00b9 | fd03 13aa | 2101 8012 

  0x000000010d7842dc: ; ImmutableOopMap {rfp=Oop [16]=Oop [24]=Oop }
                      ;*bastore {reexecute=0 rethrow=0 return_oop=0}
                      ; - java.io.ObjectInputStream$HandleTable::assign@25
                      ; - java.io.ObjectInputStream::readOrdinaryObject@123
                      ;   {runtime_call UncommonTrapBlob}
  0x000000010d7842dc: 292b cb97 

  0x000000010d7842e0: ;   {other}
  0x000000010d7842e0: 1f20 03d5 | 1fca 81f2 | 1f00 86f2 | f403 00b9 | fd03 13aa | 2101 8012 

  0x000000010d7842f8: ; ImmutableOopMap {rfp=Oop [16]=Oop [24]=Oop }
                      ;*aastore {reexecute=1 rethrow=0 return_oop=0}
                      ; - (reexecute) java.io.ObjectInputStream$HandleTable::assign@35
                      ; - java.io.ObjectInputStream::readOrdinaryObject@123
                      ;   {runtime_call UncommonTrapBlob}
  0x000000010d7842f8: 222b cb97 

  0x000000010d7842fc: ;   {other}
  0x000000010d7842fc: 1f20 03d5 | 9fcd 81f2 | 1f20 86f2 | ed03 00f9 | 2101 8012 | fd03 182a 

  0x000000010d784314: ; ImmutableOopMap {[0]=Oop [16]=Oop [24]=Oop }
                      ;*invokevirtual finish {reexecute=0 rethrow=0 return_oop=0}
                      ; - java.io.ObjectInputStream::readOrdinaryObject@245
                      ;   {runtime_call UncommonTrapBlob}
  0x000000010d784314: 1b2b cb97 

  0x000000010d784318: ;   {other}
  0x000000010d784318: 1f20 03d5 | 1fd1 81f2 | 1f40 86f2 | ee0b 00b9 | fd03 0daa | 2101 8012 

  0x000000010d784330: ; ImmutableOopMap {rfp=Oop [16]=Oop [24]=Oop }
                      ;*invokevirtual lookupException {reexecute=0 rethrow=0 return_oop=0}
                      ; - java.io.ObjectInputStream::readOrdinaryObject@261
                      ;   {runtime_call UncommonTrapBlob}
  0x000000010d784330: 142b cb97 

  0x000000010d784334: ;   {other}
  0x000000010d784334: 1f20 03d5 | 9fd4 81f2 | 1f60 86f2 | fd03 01aa | 2101 8012 

  0x000000010d784348: ; ImmutableOopMap {rfp=Oop }
                      ;*invokevirtual read {reexecute=0 rethrow=0 return_oop=0}
                      ; - java.io.ObjectInputStream$BlockDataInputStream::read@58
                      ; - java.io.ObjectInputStream$BlockDataInputStream::readByte@1
                      ; - java.io.ObjectInputStream::readOrdinaryObject@4
                      ;   {runtime_call UncommonTrapBlob}
  0x000000010d784348: 0e2b cb97 

  0x000000010d78434c: ;   {other}
  0x000000010d78434c: 1f20 03d5 | 9fd7 81f2 | 1f80 86f2 | ee0b 00b9 | fd03 0daa | 2101 8012 

  0x000000010d784364: ; ImmutableOopMap {rfp=Oop [16]=Oop [24]=Oop }
                      ;*baload {reexecute=0 rethrow=0 return_oop=0}
                      ; - java.io.ObjectInputStream$HandleTable::lookupException@10
                      ; - java.io.ObjectInputStream::readOrdinaryObject@261
                      ;   {runtime_call UncommonTrapBlob}
  0x000000010d784364: 072b cb97 

  0x000000010d784368: ;   {other}
  0x000000010d784368: 1f20 03d5 | 1fdb 81f2 | 1fa0 86f2 | ec0b 00f9 | fd03 00aa | 4117 8012 

  0x000000010d784380: ; ImmutableOopMap {rfp=Oop [8]=Oop [16]=Oop }
                      ;*ifnull {reexecute=1 rethrow=0 return_oop=0}
                      ; - (reexecute) java.io.ObjectStreamClass::isInstantiable@8
                      ; - java.io.ObjectInputStream::readOrdinaryObject@65
                      ;   {runtime_call UncommonTrapBlob}
  0x000000010d784380: 002b cb97 

  0x000000010d784384: ;   {other}
  0x000000010d784384: 1f20 03d5 | 9fde 81f2 | 1fc0 86f2 | fd03 01aa | 2101 8012 

  0x000000010d784398: ; ImmutableOopMap {rfp=Oop }
                      ;*invokevirtual read {reexecute=0 rethrow=0 return_oop=0}
                      ; - java.io.ObjectInputStream$PeekInputStream::read@23
                      ; - java.io.ObjectInputStream$BlockDataInputStream::read@58
                      ; - java.io.ObjectInputStream$BlockDataInputStream::readByte@1
                      ; - java.io.ObjectInputStream::readOrdinaryObject@4
                      ;   {runtime_call UncommonTrapBlob}
  0x000000010d784398: fa2a cb97 

  0x000000010d78439c: ;   {other}
  0x000000010d78439c: 1f20 03d5 | 9fe1 81f2 | 1fe0 86f2 | fd03 00aa | 4117 8012 

  0x000000010d7843b0: ; ImmutableOopMap {rfp=Oop [0]=Oop }
                      ;*ifnull {reexecute=1 rethrow=0 return_oop=0}
                      ; - (reexecute) java.io.ObjectInputStream::readOrdinaryObject@313
                      ;   {runtime_call UncommonTrapBlob}
  0x000000010d7843b0: f42a cb97 

  0x000000010d7843b4: ;   {other}
  0x000000010d7843b4: 1f20 03d5 | 9fe4 81f2 | 1f00 87f2 | 0b08 40b9 

  0x000000010d7843c4: ;   {metadata('java/lang/IllegalAccessException')}
  0x000000010d7843c4: 6d01 a0d2 | 0d19 80f2 | 7f01 0d6b | 6a01 5dd2 | 2009 0054 

  0x000000010d7843d8: ;   {metadata('java/lang/InstantiationError')}
  0x000000010d7843d8: ec0f a0d2 | 0c9b 9cf2 | 7f01 0c6b | a104 0054 | fd03 00aa | 3e00 0014 | 0d00 0014 | 0a08 40b9 
  0x000000010d7843f8: 4a01 5dd2 | 1100 0014 | 0900 0014 | e103 00aa | 2700 0014 | e103 00aa | 2500 0014 | e103 00aa 
  0x000000010d784418: 2300 0014 | e103 00aa | 2100 0014 | e103 00aa | 1f00 0014 | 0b08 40b9 | 6a01 5dd2 | 0300 0014 
  0x000000010d784438: 0a08 40b9 | 4a01 5dd2 | 4b29 40f9 | 0c08 40b9 

  0x000000010d784448: ;   {metadata('java/lang/IllegalAccessException')}
  0x000000010d784448: 0d19 80d2 | 6d01 a0f2 | 0d01 c0f2 | 4a2d 40f9 | 7f01 0deb | 6003 0054 

  0x000000010d784460: ;   {metadata('java/lang/InstantiationError')}
  0x000000010d784460: 0b9b 9cd2 | eb0f a0f2 | 0b01 c0f2 | 5f01 0beb | 8003 0054 | 8a01 5dd2 | 4a21 40f9 

  0x000000010d78447c: ;   {metadata('java/lang/Exception')}
  0x000000010d78447c: 0b75 87d2 | 8b00 a0f2 | 0b01 c0f2 | 5f01 0beb | 2001 0054 | e103 00aa | 0400 0014 | e103 00aa 
  0x000000010d78449c: 0200 0014 | e103 00aa | fd7b 44a9 | ff43 0191 

  0x000000010d7844ac: ;   {runtime_call _rethrow_Java}
  0x000000010d7844ac: 1526 ce17 | fd03 00aa | c13a 8052 

  0x000000010d7844b8: ; ImmutableOopMap {rfp=Oop [16]=Oop }
                      ;*new {reexecute=0 rethrow=0 return_oop=0}
                      ; - java.io.ObjectInputStream::readOrdinaryObject@86
                      ;   {runtime_call UncommonTrapBlob}
  0x000000010d7844b8: b22a cb97 

  0x000000010d7844bc: ;   {other}
  0x000000010d7844bc: 1f20 03d5 | 9f05 82f2 | 1f20 87f2 | fd03 00aa | c117 8052 

  0x000000010d7844d0: ; ImmutableOopMap {rfp=Oop [8]=Oop [16]=Oop }
                      ;*new {reexecute=0 rethrow=0 return_oop=0}
                      ; - java.io.ObjectStreamClass::newInstance@123
                      ; - java.io.ObjectInputStream::readOrdinaryObject@72
                      ;   {runtime_call UncommonTrapBlob}
  0x000000010d7844d0: ac2a cb97 

  0x000000010d7844d4: ;   {other}
  0x000000010d7844d4: 1f20 03d5 | 9f08 82f2 | 1f40 87f2 | fd03 00aa | e113 1c32 

  0x000000010d7844e8: ; ImmutableOopMap {rfp=Oop [8]=Oop [16]=Oop }
                      ;*new {reexecute=0 rethrow=0 return_oop=0}
                      ; - java.io.ObjectStreamClass::newInstance@133
                      ; - java.io.ObjectInputStream::readOrdinaryObject@72
                      ;   {runtime_call UncommonTrapBlob}
  0x000000010d7844e8: a62a cb97 

  0x000000010d7844ec: ;   {other}
  0x000000010d7844ec: 1f20 03d5 | 9f0b 82f2 | 1f60 87f2 | fd03 00aa | f4ff ff17 | fd03 01aa | ee07 00b9 | 2101 8012 
  0x000000010d78450c: ; ImmutableOopMap {rfp=Oop }
                      ;*baload {reexecute=0 rethrow=0 return_oop=0}
                      ; - java.io.ObjectInputStream$BlockDataInputStream::read@44
                      ; - java.io.ObjectInputStream$BlockDataInputStream::readByte@1
                      ; - java.io.ObjectInputStream::readOrdinaryObject@4
                      ;   {runtime_call UncommonTrapBlob}
  0x000000010d78450c: 9d2a cb97 

  0x000000010d784510: ;   {other}
  0x000000010d784510: 1f20 03d5 | 1f10 82f2 | 1f80 87f2 

  0x000000010d78451c: ;   {internal_word}
  0x000000010d78451c: 28b8 ff10 | 8833 02f9 

  0x000000010d784524: ;   {runtime_call SafepointBlob}
  0x000000010d784524: f728 cb17 | 08c0 92d2 | 6894 a1f2 | 2800 c0f2 | 0001 3fd6 | bffc ff17 

  0x000000010d78453c: ;   {other}
  0x000000010d78453c: 9300 0000 
[Stub Code]
  0x000000010d784540: ;   {no_reloc}
  0x000000010d784540: 4800 0058 | 0001 1fd6 | 10f5 af0d | 0100 0000 

  0x000000010d784550: ;   {trampoline_stub}
  0x000000010d784550: 4800 0058 | 0001 1fd6 | 8081 a40c | 0100 0000 

  0x000000010d784560: ;   {trampoline_stub}
  0x000000010d784560: 4800 0058 | 0001 1fd6 | 88ed b00c | 0100 0000 

  0x000000010d784570: ;   {trampoline_stub}
  0x000000010d784570: 4800 0058 | 0001 1fd6 | d007 f20d | 0100 0000 

  0x000000010d784580: ;   {trampoline_stub}
  0x000000010d784580: 4800 0058 | 0001 1fd6 | 8081 a40c | 0100 0000 

  0x000000010d784590: ;   {static_stub}
  0x000000010d784590: df3f 03d5 

  0x000000010d784594: ;   {metadata(nullptr)}
  0x000000010d784594: 0c00 80d2 | 0c00 a0f2 | 0c00 c0f2 | 0800 80d2 | 0800 a0f2 | 0800 c0f2 | 0001 1fd6 

  0x000000010d7845b0: ;   {trampoline_stub}
  0x000000010d7845b0: 4800 0058 | 0001 1fd6 | 90d5 980e | 0100 0000 

  0x000000010d7845c0: ;   {trampoline_stub}
  0x000000010d7845c0: 4800 0058 | 0001 1fd6 | 4023 4b06 | 0100 0000 

  0x000000010d7845d0: ;   {trampoline_stub}
  0x000000010d7845d0: 4800 0058 | 0001 1fd6 | 90ee 350d | 0100 0000 

  0x000000010d7845e0: ;   {trampoline_stub}
  0x000000010d7845e0: 4800 0058 | 0001 1fd6 | d0f9 250d | 0100 0000 

  0x000000010d7845f0: ;   {trampoline_stub}
  0x000000010d7845f0: 4800 0058 | 0001 1fd6 | 8081 a40c | 0100 0000 

  0x000000010d784600: ;   {static_stub}
  0x000000010d784600: df3f 03d5 

  0x000000010d784604: ;   {metadata(nullptr)}
  0x000000010d784604: 0c00 80d2 | 0c00 a0f2 | 0c00 c0f2 | 0800 80d2 | 0800 a0f2 | 0800 c0f2 | 0001 1fd6 

  0x000000010d784620: ;   {trampoline_stub}
  0x000000010d784620: 4800 0058 | 0001 1fd6 | 8081 a40c | 0100 0000 

  0x000000010d784630: ;   {trampoline_stub}
  0x000000010d784630: 4800 0058 | 0001 1fd6 | 8081 a40c | 0100 0000 

  0x000000010d784640: ;   {static_stub}
  0x000000010d784640: df3f 03d5 

  0x000000010d784644: ;   {metadata(nullptr)}
  0x000000010d784644: 0c00 80d2 | 0c00 a0f2 | 0c00 c0f2 | 0800 80d2 | 0800 a0f2 | 0800 c0f2 | 0001 1fd6 

  0x000000010d784660: ;   {static_stub}
  0x000000010d784660: df3f 03d5 

  0x000000010d784664: ;   {metadata(nullptr)}
  0x000000010d784664: 0c00 80d2 | 0c00 a0f2 | 0c00 c0f2 | 0800 80d2 | 0800 a0f2 | 0800 c0f2 | 0001 1fd6 

  0x000000010d784680: ;   {static_stub}
  0x000000010d784680: df3f 03d5 

  0x000000010d784684: ;   {metadata(nullptr)}
  0x000000010d784684: 0c00 80d2 | 0c00 a0f2 | 0c00 c0f2 | 0800 80d2 | 0800 a0f2 | 0800 c0f2 | 0001 1fd6 

  0x000000010d7846a0: ;   {static_stub}
  0x000000010d7846a0: df3f 03d5 

  0x000000010d7846a4: ;   {metadata(nullptr)}
  0x000000010d7846a4: 0c00 80d2 | 0c00 a0f2 | 0c00 c0f2 | 0800 80d2 | 0800 a0f2 | 0800 c0f2 | 0001 1fd6 

  0x000000010d7846c0: ;   {static_stub}
  0x000000010d7846c0: df3f 03d5 

  0x000000010d7846c4: ;   {metadata(nullptr)}
  0x000000010d7846c4: 0c00 80d2 | 0c00 a0f2 | 0c00 c0f2 | 0800 80d2 | 0800 a0f2 | 0800 c0f2 | 0001 1fd6 

  0x000000010d7846e0: ;   {static_stub}
  0x000000010d7846e0: df3f 03d5 

  0x000000010d7846e4: ;   {metadata(nullptr)}
  0x000000010d7846e4: 0c00 80d2 | 0c00 a0f2 | 0c00 c0f2 | 0800 80d2 | 0800 a0f2 | 0800 c0f2 | 0001 1fd6 

  0x000000010d784700: ;   {static_stub}
  0x000000010d784700: df3f 03d5 

  0x000000010d784704: ;   {metadata({method} {0x000000011ebc2988} 'invokeReadResolve' '(Ljava/lang/Object;)Ljava/lang/Object;' in 'java/io/ObjectStreamClass')}
  0x000000010d784704: 0c31 85d2 | 8cd7 a3f2 | 2c00 c0f2 | 88ba 9ad2 | 8894 a1f2 | 2800 c0f2 | 0001 1fd6 

  0x000000010d784720: ;   {static_stub}
  0x000000010d784720: df3f 03d5 

  0x000000010d784724: ;   {metadata(nullptr)}
  0x000000010d784724: 0c00 80d2 | 0c00 a0f2 | 0c00 c0f2 | 0800 80d2 | 0800 a0f2 | 0800 c0f2 | 0001 1fd6 

  0x000000010d784740: ;   {static_stub}
  0x000000010d784740: df3f 03d5 

  0x000000010d784744: ;   {metadata(nullptr)}
  0x000000010d784744: 0c00 80d2 | 0c00 a0f2 | 0c00 c0f2 | 0800 80d2 | 0800 a0f2 | 0800 c0f2 | 0001 1fd6 
[Exception Handler]
  0x000000010d784760: ;   {runtime_call ExceptionBlob}
  0x000000010d784760: 880c ce17 
[Deopt Handler Code]
  0x000000010d784764: 1e00 0010 

  0x000000010d784768: ;   {runtime_call DeoptimizationBlob}
  0x000000010d784768: 3629 cb17 | 0000 0000 
[/MachCode]


Compiled method (c2) 47909502 28064   !   4       java.io.ObjectInputStream::readObject0 (681 bytes)
 total in heap  [0x000000010d8e6c10,0x000000010d8eb2d0] = 18112
 relocation     [0x000000010d8e6d60,0x000000010d8e7170] = 1040
 main code      [0x000000010d8e7180,0x000000010d8e9450] = 8912
 stub code      [0x000000010d8e9450,0x000000010d8e9930] = 1248
 oops           [0x000000010d8e9930,0x000000010d8e9950] = 32
 metadata       [0x000000010d8e9950,0x000000010d8e9bf8] = 680
 scopes data    [0x000000010d8e9bf8,0x000000010d8ea700] = 2824
 scopes pcs     [0x000000010d8ea700,0x000000010d8eae40] = 1856
 dependencies   [0x000000010d8eae40,0x000000010d8eaed8] = 152
 handler table  [0x000000010d8eaed8,0x000000010d8eb208] = 816
 nul chk table  [0x000000010d8eb208,0x000000010d8eb2d0] = 200

[Constant Pool (empty)]

[MachCode]
[Entry Point]
  # {method} {0x000000011c5c46c0} 'readObject0' '(Ljava/lang/Class;Z)Ljava/lang/Object;' in 'java/io/ObjectInputStream'
  # this:     c_rarg1:c_rarg1 
                        = 'java/io/ObjectInputStream'
  # parm0:    c_rarg2:c_rarg2 
                        = 'java/lang/Class'
  # parm1:    c_rarg3   = boolean
  #           [sp+0x70]  (sp of caller)
  0x000000010d8e7180: 2808 40b9 | 3f01 086b | 4000 0054 

  0x000000010d8e718c: ;   {runtime_call ic_miss_stub}
  0x000000010d8e718c: 3d83 c517 
[Verified Entry Point]
  0x000000010d8e7190: 1f20 03d5 | e953 40d1 | 3f01 00f9 | ffc3 01d1 | fd7b 06a9 | 2815 0118 | 8923 40b9 | 1f01 09eb 
  0x000000010d8e71b0: 2114 0154 | 2a28 40b9 | ec03 01aa | e203 00f9 | e323 00b9 | 41f1 7dd3 

  0x000000010d8e71c8: ; implicit exception: dispatches to 0x000000010d8e8f74
  0x000000010d8e71c8: 2b60 4039 | cb01 0034 | 2ebc 4129 | 2a14 40b9 | ed01 0e4b | bd01 0a0b | cfad f837 | bf03 0071 
  0x000000010d8e71e8: ccb2 0054 | 9d91 4039 | 3db3 0035 | df01 0f6b | 8bb3 0054 | 3f60 0039 | 0200 0014 | eb03 1f2a 
  0x000000010d8e7208: eb0f 00b9 | ec0b 00f9 

  0x000000010d8e7210: ; ImmutableOopMap {[0]=Oop [16]=Oop }
                      ;*invokevirtual peek {reexecute=0 rethrow=0 return_oop=0}
                      ; - java.io.ObjectInputStream$BlockDataInputStream::peekByte@1
                      ; - java.io.ObjectInputStream::readObject0@65
                      ;   {optimized virtual_call}
  0x000000010d8e7210: 50d2 3694 

  0x000000010d8e7214: ;   {other}
  0x000000010d8e7214: 1f20 03d5 | 9fc0 80f2 | 1f00 80f2 | ea0b 40f9 | 4a29 40b9 | eb0b 40f9 | 6b09 40f9 | ec0b 40f9 
  0x000000010d8e7234: 4df1 7dd3 | 8c0d 40f9 | 0a1c 0013 | e09b f837 | 5fe5 0171 | 809c 0054 | 8c05 0091 | 6b05 0091 
  0x000000010d8e7254: ee0b 40f9 | cb31 01a9 | 5fd1 0171 | 212d 0054 

  0x000000010d8e7264: ; implicit exception: dispatches to 0x000000010d8e8f8c
  0x000000010d8e7264: aa61 4039 | 6a67 0035 | ab29 40b9 | 6df1 7dd3 

  0x000000010d8e7274: ; implicit exception: dispatches to 0x000000010d8e90c4
  0x000000010d8e7274: ac0d 40b9 | 8c4c f837 | 0b00 a012 | ab0d 00b9 | ea0b 40f9 | 4a29 40b9 | 54f1 7dd3 | 9d1d 0013 
  0x000000010d8e7294: acaf f837 | bfd3 0171 | 01a3 0054 

  0x000000010d8e72a0: ; implicit exception: dispatches to 0x000000010d8e8fac
  0x000000010d8e72a0: 8a62 4039 | 8c1e 40b9 | 6a73 0035 | 8a2a 40b9 | 5df1 7dd3 | 9f0e 00b9 | 8af1 7dd3 | 7d9d 00b4 
  0x000000010d8e72c0: ec03 1f2a | e403 1f32 | eb03 1f2a | ec27 00b9 | ea03 00f9 | eb0b 00b9 | f40f 00f9 | e103 1daa 
  0x000000010d8e72e0: e203 0aaa | e303 0b2a 

  0x000000010d8e72e8: ; ImmutableOopMap {rfp=Oop [0]=Oop [16]=Oop [24]=Oop }
                      ;*invokevirtual read {reexecute=0 rethrow=0 return_oop=0}
                      ; - java.io.ObjectInputStream$PeekInputStream::readFully@19
                      ; - java.io.ObjectInputStream$BlockDataInputStream::readUnsignedShort@22
                      ; - java.io.ObjectInputStream$BlockDataInputStream::readUTF@2
                      ; - java.io.ObjectInputStream::readString@40
                      ; - java.io.ObjectInputStream::readObject0@344
                      ;   {optimized virtual_call}
  0x000000010d8e72e8: aa77 e097 

  0x000000010d8e72ec: ;   {other}
  0x000000010d8e72ec: 1f20 03d5 | 9fdb 80f2 | 1f20 80f2 | c0a3 f837 | 8a2b 42f9 | eb0b 40b9 

  0x000000010d8e7304: ; ImmutableOopMap {rfp=Oop [0]=Oop [16]=Oop [24]=Oop }
                      ;*goto {reexecute=1 rethrow=0 return_oop=0}
                      ; - (reexecute) java.io.ObjectInputStream$PeekInputStream::readFully@44
                      ; - java.io.ObjectInputStream$BlockDataInputStream::readUnsignedShort@22
                      ; - java.io.ObjectInputStream$BlockDataInputStream::readUTF@2
                      ; - java.io.ObjectInputStream::readString@40
                      ; - java.io.ObjectInputStream::readObject0@344
  0x000000010d8e7304: 6b01 000b 

  0x000000010d8e7308: ;   {poll}
  0x000000010d8e7308: 5f01 40b9 | 7f09 0071 | ca00 0054 | ec03 1f32 | 8401 0b4b | ea03 40f9 | f40f 40f9 | ebff ff17 
  0x000000010d8e7328: f40f 40f9 | 8c1e 40b9 | f627 40b9 | 8bf1 7dd3 

  0x000000010d8e7338: ; implicit exception: dispatches to 0x000000010d8e90a4
  0x000000010d8e7338: 6a0d 40b9 | 5d05 0051 | 8d0e 40b9 | dd9f f837 | bf01 1d6b | 4297 0054 | ea03 0d2a | 6ac1 2a8b 
  0x000000010d8e7358: 4b21 c079 | ac09 0011 | 6a05 c05a | 4a3d 0013 | 553d 0012 | 8c0e 00b9 

  0x000000010d8e7370: ;   {metadata('java/lang/StringBuilder')}
  0x000000010d8e7370: aa00 a0d2 | 0a2d 85f2 | b37e 4093 | bf02 0071 | ed6e 0054 | e87b 0032 | bf02 086b | eaab 0054 
  0x000000010d8e7390: 97df 40f9 | ee3f 0032 | bf02 0e6b | 8be7 40f9 | ec62 0091 | bdb2 8e1a | 9f01 0beb | 827f 0054 
  0x000000010d8e73b0: eb03 40b2 | 8cdf 00f9 | eb02 00f9 | ea7e 0129 | 90c1 80f9 | ff0a 00f9 | bf3a 03d5 | aa7f 4093 
  0x000000010d8e73d0: bf03 4471 | 2800 0054 | bf03 4471 | 6880 0054 | 80df 40f9 | 4a5d 0091 | 4bf1 7d92 | 8ce7 40f9 
  0x000000010d8e73f0: 0b00 0b8b | 7f01 0ceb | 827f 0054 | 8bdf 00f9 | ec03 40b2 | 70c1 80f9 | 0c00 00f9 

  0x000000010d8e740c: ;   {metadata({type array byte})}
  0x000000010d8e740c: 8c00 a0d2 | 0c4a 81f2 | 7001 81f9 | 0c08 00b9 | 4cfd 43d3 | 7041 81f9 | 0a40 0091 | 1d0c 00b9 
  0x000000010d8e742c: 8b09 00d1 | 6821 00f1 | 4300 0054 

  0x000000010d8e7438: ;   {runtime_call StubRoutines (final stubs)}
  0x000000010d8e7438: a23f c597 | 6b00 1036 | 5f7d 81a8 | 5f7d 81a8 | 4b00 0836 | 5f7d 81a8 | 4b00 0036 | 5f01 00f9 
  0x000000010d8e7458: bf3a 03d5 | ea03 17aa | eb03 00aa | 6b01 0aca | 0cfc 43d3 | 6bfd 55d3 | ec16 00b9 | 2b01 00b4 
  0x000000010d8e7478: 4afd 49d3 | 0b00 90d2 | ab19 a2f2 | 2b00 c0f2 | 6001 0a8b | 0b00 c039 | 7f09 0071 | 0161 0054 
  0x000000010d8e7498: ff42 0039 | f723 00f9 | 8b62 4039 | 4b00 0035 | 9ffe 0129 | bf02 0071 | 8c2e 0054 | 97df 40f9 
  0x000000010d8e74b8: 8ae7 40f9 | eb62 0091 | 7f01 0aeb | 6275 0054 | ea03 40b2 | 8bdf 00f9 

  0x000000010d8e74d0: ;   {metadata('java/lang/String')}
  0x000000010d8e74d0: 8c00 a0d2 | 0ce5 83f2 | ea02 00f9 | ec7e 0129 | 70c1 80f9 | ff0a 00f9 | ed23 40f9 | aa15 40b9 
  0x000000010d8e74f0: ab41 c039 | ac0d 40b9 | 4ef1 7dd3 | 2b6f 0035 

  0x000000010d8e7500: ; implicit exception: dispatches to 0x000000010d8e9088
  0x000000010d8e7500: c20d 40b9 | c041 0091 | 9f01 026b | 8132 0054 | 5d7c 4093 | 5f00 4471 | 0879 0054 | 93df 40f9 
  0x000000010d8e7520: aa5f 0091 | 4af1 7d92 | 8be7 40f9 | 6a02 0a8b | 5f01 0beb | 2278 0054 | eb03 40b2 | 8adf 00f9 
  0x000000010d8e7540: 6b02 00f9 

  0x000000010d8e7544: ;   {metadata({type array byte})}
  0x000000010d8e7544: 8c00 a0d2 | 0c4a 81f2 | 50c1 80f9 | 6c0a 00b9 | 5001 81f9 | 620e 00b9 | 5041 81f9 | aa1f 0091 
  0x000000010d8e7564: 42fd 43d3 | 6142 0091 

  0x000000010d8e756c: ;   {runtime_call StubRoutines (final stubs)}
  0x000000010d8e756c: 7543 c597 

  0x000000010d8e7570: ;   {other}
  0x000000010d8e7570: 1f20 03d5 | 1f00 80f2 | 1f00 80f2 | bf3a 03d5 | 8b03 c139 | 0b52 0035 | ea03 17aa | eb03 13aa 
  0x000000010d8e7590: 6b01 0aca | 6dfe 43d3 | 6bfd 55d3 | ed16 00b9 | 2b01 00b4 | 4afd 49d3 | 0b00 90d2 | ab19 a2f2 
  0x000000010d8e75b0: 2b00 c0f2 | 6001 0a8b | 0a00 c039 | 5f09 0071 | a154 0054 | bf3b 03d5 | ea0b 40f9 | 4a31 40b9 
  0x000000010d8e75d0: eb23 40b9 | 53f1 7dd3 | ab96 0035 

  0x000000010d8e75dc: ; implicit exception: dispatches to 0x000000010d8e8fcc
  0x000000010d8e75dc: 6b1a 40b9 | 6af1 7dd3 

  0x000000010d8e75e4: ; implicit exception: dispatches to 0x000000010d8e8ff4
  0x000000010d8e75e4: 4a0d 40b9 | 7812 40b9 | 1f03 0a6b | ca3e 0054 | 6a16 40b9 | 4df1 7dd3 | 6c1a 40b9 | 0a7f 4093 
  0x000000010d8e7604: ; implicit exception: dispatches to 0x000000010d8e9010
  0x000000010d8e7604: ab0d 40b9 | 9df1 7dd3 | ac6b 2a8b | 1f03 0b6b | 027f 0054 | eb03 1f32 | aa01 0a8b | 4b41 0039 
  0x000000010d8e7624: ; implicit exception: dispatches to 0x000000010d8e902c
  0x000000010d8e7624: aa0f 40b9 | ad0b 40b9 | 9441 0091 | 1f03 0a6b | 227f 0054 

  0x000000010d8e7638: ;   {metadata('java/lang/Object'[])}
  0x000000010d8e7638: ab00 a0d2 | 0b55 97f2 | bf01 0b6b | e186 0054 | 8b03 c139 | 6b4a 0035 | ea03 14aa | eb03 17aa 
  0x000000010d8e7658: 6b01 0aca | edfe 43d3 | 6bfd 55d3 | 8d02 00b9 | 2b01 00b4 | 4afd 49d3 | 0b00 90d2 | ab19 a2f2 
  0x000000010d8e7678: 2b00 c0f2 | 6001 0a8b | 0a00 c039 | 5f09 0071 | 414b 0054 | ea0b 40f9 | 4b31 40b9 | 6ef1 7dd3 
  0x000000010d8e7698: 0a07 0011 | eb0b 40f9 | 780d 00b9 | 6a12 00b9 

  0x000000010d8e76a8: ; implicit exception: dispatches to 0x000000010d8e9054
  0x000000010d8e76a8: dd0d 40b9 | 3d91 f836 | 1f03 0a6b | 2a06 0054 | cc15 40b9 | 95f1 7dd3 

  0x000000010d8e76c0: ; implicit exception: dispatches to 0x000000010d8e87b4
  0x000000010d8e76c0: ab0e 40b9 | cd1d 40b9 | b9f1 7dd3 | 0d00 8092 | 6c7d 4093 | adc1 2a8b | 1f03 0b6b | c286 0054 
  0x000000010d8e76e0: bf01 0ceb | 8286 0054 

  0x000000010d8e76e8: ; implicit exception: dispatches to 0x000000010d8e87b4
  0x000000010d8e76e8: 2b0f 40b9 | 6c7d 4093 | 1f03 0b6b | 0286 0054 | bf01 0ceb | c285 0054 | 147d 8052 | f303 182a 
  0x000000010d8e7708: 0c03 134b | 5f01 136b | 8b05 0011 | ebb3 8b1a | 7fa1 0f71 | 8b82 8b1a | 7d01 130b | 1f20 03d5 
  0x000000010d8e7728: 1f20 03d5 | 1f20 03d5 | 6b7e 4093 | ba02 0b8b | 4c43 c039 | 3b6b 2b8b | 9f09 0071 | 2172 0054 
  0x000000010d8e7748: 8b03 c139 | eb3e 0035 | ec03 0032 | 4c43 0039 | 7306 0011 | 7f13 00b9 | 7f02 1d6b | 6bfe ff54 
  0x000000010d8e7768: ; ImmutableOopMap {r14=Oop rdispatch=Oop r23=Oop r25=Oop [16]=Oop }
                      ;*goto {reexecute=1 rethrow=0 return_oop=0}
                      ; - (reexecute) java.io.ObjectInputStream$HandleTable::finish@107
                      ; - java.io.ObjectInputStream::readString@112
                      ; - java.io.ObjectInputStream::readObject0@344
  0x000000010d8e7768: 8d2b 42f9 

  0x000000010d8e776c: ;   {poll}
  0x000000010d8e776c: bf01 40b9 | 7f02 0a6b | abfc ff54 | ea0b 40f9 | 4b29 40b9 | ec0b 40f9 | 9d85 4039 | 4a0d 40f9 
  0x000000010d8e778c: 6bf1 7dd3 | 1d8b 0035 | 4a05 00d1 | 8a0d 00f9 

  0x000000010d8e779c: ; implicit exception: dispatches to 0x000000010d8e9070
  0x000000010d8e779c: 6a61 4039 | ec0f 40b9 | 5f01 0c6b | 0002 0054 | 6c01 0035 | 7db1 4129 | bf03 0c6b | 6a01 0054 
  0x000000010d8e77bc: 4117 8012 | f703 00f9 | ec0b 00b9 

  0x000000010d8e77c8: ; ImmutableOopMap {[0]=Oop }
                      ;*if_icmpge {reexecute=1 rethrow=0 return_oop=0}
                      ; - (reexecute) java.io.ObjectInputStream$BlockDataInputStream::setBlockDataMode@43
                      ; - java.io.ObjectInputStream::readObject0@367
                      ;   {runtime_call UncommonTrapBlob}
  0x000000010d8e77c8: ee9d c597 

  0x000000010d8e77cc: ;   {other}
  0x000000010d8e77cc: 1f20 03d5 | 9f77 81f2 | 1f80 80f2 | 7f7d 0229 | 7f0d 00b9 | f603 0c2a | 7661 0039 | e003 17aa 
  0x000000010d8e77ec: fd7b 46a9 | ffc3 0191 

  0x000000010d8e77f4: ;   {poll_return}
  0x000000010d8e77f4: 8827 42f9 | ff63 28eb | 68e1 0054 | c003 5fd6 | 4ccd 0151 

  0x000000010d8e7808: ;   {oop(a 'java/lang/Class'{0x00000007006412a0} = 'java/lang/String')}
  0x000000010d8e7808: 0b54 82d2 | 8b0c a0f2 | eb00 c0f2 | 9f05 0071 | 0804 0054 | ea03 40f9 | 5f01 0beb | c08e 0054 
  0x000000010d8e7828: e103 0eaa | e223 40b9 

  0x000000010d8e7830: ; ImmutableOopMap {[16]=Oop }
                      ;*invokevirtual readOrdinaryObject {reexecute=0 rethrow=0 return_oop=1}
                      ; - java.io.ObjectInputStream::readObject0@494
                      ;   {optimized virtual_call}
  0x000000010d8e7830: f86f fa97 

  0x000000010d8e7834: ;   {other}
  0x000000010d8e7834: 1f20 03d5 | 9f84 81f2 | 1fa0 80f2 | ec0b 40f9 | 8b29 40b9 | 8a0d 40f9 | 9d85 4039 | 6bf1 7dd3 
  0x000000010d8e7854: 4a05 00d1 | 5d8e 0035 | 8a0d 00f9 

  0x000000010d8e7860: ; implicit exception: dispatches to 0x000000010d8e90e4
  0x000000010d8e7860: 6a61 4039 | ec0f 40b9 | 5f01 0c6b | 00fc ff54 | cc00 0035 | 6af5 4129 | 5f01 1d6b | eb9a 0054 
  0x000000010d8e7880: ec03 1f2a | 0300 0014 | 7f7d 0229 | 7f0d 00b9 | 6c61 0039 | d6ff ff17 | 5fc5 0171 | 6104 0054 
  0x000000010d8e78a0: e103 0eaa | e223 40b9 

  0x000000010d8e78a8: ; ImmutableOopMap {[0]=Oop [16]=Oop }
                      ;*invokevirtual readHandle {reexecute=0 rethrow=0 return_oop=1}
                      ; - java.io.ObjectInputStream::readObject0@219
                      ;   {optimized virtual_call}
  0x000000010d8e78a8: 3a58 0894 

  0x000000010d8e78ac: ;   {other}
  0x000000010d8e78ac: 1f20 03d5 | 9f93 81f2 | 1fc0 80f2 | ea0b 40f9 | 4a0d 40f9 | eb0b 40f9 | 6c29 40b9 | e00f 00f9 
  0x000000010d8e78cc: 4a05 00d1 | 81f1 7dd3 | ee03 40f9 

  0x000000010d8e78d8: ; implicit exception: dispatches to 0x000000010d8e90fc
  0x000000010d8e78d8: c009 40f9 

  0x000000010d8e78dc: ; implicit exception: dispatches to 0x000000010d8e7d44
  0x000000010d8e78dc: 0b14 40b9 | ef0f 40f9 | ef4b 00b4 | ed09 40b9 | a401 5dd2 | 8cc8 6bf8 | 1f00 0ceb | 2120 0054 
  0x000000010d8e78fc: fd03 0faa | eb0b 40f9 | 6a0d 00f9 | 218a 00b4 | e20f 40b9 

  0x000000010d8e7910: ; ImmutableOopMap {rfp=Oop }
                      ;*invokevirtual setBlockDataMode {reexecute=0 rethrow=0 return_oop=0}
                      ; - java.io.ObjectInputStream::readObject0@242
                      ;   {optimized virtual_call}
  0x000000010d8e7910: c0e6 ec97 

  0x000000010d8e7914: ;   {other}
  0x000000010d8e7914: 1f20 03d5 | 9fa0 81f2 | 1fe0 80f2 | e003 1daa | b2ff ff17 | 5fc5 0171 | 2a04 0054 | 5fc1 0171 
  0x000000010d8e7934: 218a 0054 

  0x000000010d8e7938: ; implicit exception: dispatches to 0x000000010d8e9114
  0x000000010d8e7938: aa61 4039 | 2a47 0035 | ab29 40b9 | 6cf1 7dd3 

  0x000000010d8e7948: ; implicit exception: dispatches to 0x000000010d8e912c
  0x000000010d8e7948: 8d0d 40b9 | ed20 f837 | 0a00 a012 | 8a0d 00b9 | ea0b 40f9 | 4a0d 40f9 | eb0b 40f9 | 6b29 40b9 
  0x000000010d8e7968: 4a05 00d1 | bd1d 0013 | 4d8d f837 | bfc3 0171 | e18d 0054 | ec0b 40f9 | 8a0d 00f9 | 0a00 a012 
  0x000000010d8e7988: 61f1 7dd3 | 8a0d 00b9 | 8186 00b4 | e20f 40b9 

  0x000000010d8e7998: ; ImmutableOopMap {}
                      ;*invokevirtual setBlockDataMode {reexecute=0 rethrow=0 return_oop=0}
                      ; - java.io.ObjectInputStream::readObject0@209
                      ;   {optimized virtual_call}
  0x000000010d8e7998: 9ee6 ec97 

  0x000000010d8e799c: ;   {other}
  0x000000010d8e799c: 1f20 03d5 | 9fb1 81f2 | 1f00 81f2 | e003 1faa | 90ff ff17 | 5ff9 0171 | 8115 0054 | ea03 40f9 
  0x000000010d8e79bc: 5f01 0beb | a089 0054 | e103 0eaa | e223 40b9 | fd03 01aa 

  0x000000010d8e79d0: ; ImmutableOopMap {rfp=Oop [16]=Oop }
                      ;*invokevirtual readEnum {reexecute=0 rethrow=0 return_oop=1}
                      ; - java.io.ObjectInputStream::readObject0@444
                      ;   {optimized virtual_call}
  0x000000010d8e79d0: 00ab 5f94 

  0x000000010d8e79d4: ;   {other}
  0x000000010d8e79d4: 1f20 03d5 | 9fb8 81f2 | 1f20 81f2 | e103 1daa | e203 00aa 

  0x000000010d8e79e8: ; ImmutableOopMap {rfp=Oop [16]=Oop }
                      ;*invokevirtual checkResolve {reexecute=0 rethrow=0 return_oop=1}
                      ; - java.io.ObjectInputStream::readObject0@447
                      ;   {optimized virtual_call}
  0x000000010d8e79e8: caa7 f197 

  0x000000010d8e79ec: ;   {other}
  0x000000010d8e79ec: 1f20 03d5 | 9fbb 81f2 | 1f40 81f2 | ea0b 40f9 | 4a0d 40f9 | eb0b 40f9 | 6c29 40b9 | 4a05 00d1 
  0x000000010d8e7a0c: 81f1 7dd3 | fd03 00aa | 6a0d 00f9 | 0181 00b4 | e20f 40b9 

  0x000000010d8e7a20: ; ImmutableOopMap {rfp=Oop }
                      ;*invokevirtual setBlockDataMode {reexecute=0 rethrow=0 return_oop=0}
                      ; - java.io.ObjectInputStream::readObject0@467
                      ;   {optimized virtual_call}
  0x000000010d8e7a20: 7ce6 ec97 

  0x000000010d8e7a24: ;   {other}
  0x000000010d8e7a24: 1f20 03d5 | 9fc2 81f2 | 1f60 81f2 | e003 1daa | 6eff ff17 | fd03 13aa | f603 00b9 | f40f 00f9 
  0x000000010d8e7a44: e103 14aa | e223 40f9 | e303 13aa 

  0x000000010d8e7a50: ; ImmutableOopMap {[16]=Oop [24]=Oop [64]=Oop }
                      ;*invokevirtual readUTFSpan {reexecute=0 rethrow=0 return_oop=0}
                      ; - java.io.ObjectInputStream$BlockDataInputStream::readUTFBody@96
                      ; - java.io.ObjectInputStream$BlockDataInputStream::readUTF@6
                      ; - java.io.ObjectInputStream::readString@40
                      ; - java.io.ObjectInputStream::readObject0@344
                      ;   {optimized virtual_call}
  0x000000010d8e7a50: 10aa e497 

  0x000000010d8e7a54: ;   {other}
  0x000000010d8e7a54: 1f20 03d5 | 9fc8 81f2 | 1f80 81f2 | b303 00cb | f603 40b9 | f40f 40f9 

  0x000000010d8e7a6c: ; ImmutableOopMap {resp=Oop [16]=Oop [64]=Oop }
                      ;*goto {reexecute=1 rethrow=0 return_oop=0}
                      ; - (reexecute) java.io.ObjectInputStream$BlockDataInputStream::readUTFBody@184
                      ; - java.io.ObjectInputStream$BlockDataInputStream::readUTF@6
                      ; - java.io.ObjectInputStream::readString@40
                      ; - java.io.ObjectInputStream::readObject0@344
  0x000000010d8e7a6c: 8c2b 42f9 

  0x000000010d8e7a70: ;   {poll}
  0x000000010d8e7a70: 9f01 40b9 | 7f02 00f1 | edd1 ff54 | 8b62 4039 | 8ab2 4129 | 9501 0a4b | bf0e 0071 | 6afd ff54 
  0x000000010d8e7a90: a27e 4093 | 5f00 13eb | 00fd ff54 | 4b75 0035 | bf02 0071 | 4c1c 0054 | 8b2a 40b9 | 8a1e 40b9 
  0x000000010d8e7ab0: 7f02 10f1 | 4a0d 0054 | ec03 132a | 6bf1 7dd3 | 8c12 00b9 | 8d01 154b | 9f0e 00b9 | 4af1 7dd3 
  0x000000010d8e7ad0: eb5d 00b4 | bf01 0071 | adfc ff54 | e403 0d2a | e303 152a | fd03 1f2a | f60b 00b9 | f537 0029 
  0x000000010d8e7af0: f40f 00f9 | f3ab 02a9 | eb1f 00f9 | e103 0baa | e203 0aaa 

  0x000000010d8e7b04: ; ImmutableOopMap {[16]=Oop [24]=Oop [48]=Oop [56]=Oop [64]=Oop }
                      ;*invokevirtual read {reexecute=0 rethrow=0 return_oop=0}
                      ; - java.io.ObjectInputStream$PeekInputStream::readFully@19
                      ; - java.io.ObjectInputStream$BlockDataInputStream::readUTFBody@181
                      ; - java.io.ObjectInputStream$BlockDataInputStream::readUTF@6
                      ; - java.io.ObjectInputStream::readString@40
                      ; - java.io.ObjectInputStream::readObject0@344
                      ;   {optimized virtual_call}
  0x000000010d8e7b04: a375 e097 

  0x000000010d8e7b08: ;   {other}
  0x000000010d8e7b08: 1f20 03d5 | 1fdf 81f2 | 1fc0 81f2 | c072 f837 | 8a2b 42f9 

  0x000000010d8e7b1c: ; ImmutableOopMap {[16]=Oop [24]=Oop [48]=Oop [56]=Oop [64]=Oop }
                      ;*goto {reexecute=1 rethrow=0 return_oop=0}
                      ; - (reexecute) java.io.ObjectInputStream$PeekInputStream::readFully@44
                      ; - java.io.ObjectInputStream$BlockDataInputStream::readUTFBody@181
                      ; - java.io.ObjectInputStream$BlockDataInputStream::readUTF@6
                      ; - java.io.ObjectInputStream::readString@40
                      ; - java.io.ObjectInputStream::readObject0@344
  0x000000010d8e7b1c: bd03 000b 

  0x000000010d8e7b20: ;   {poll}
  0x000000010d8e7b20: 5f01 40b9 | ed07 40b9 | bf03 0d6b | 0a01 0054 | f503 40b9 | a401 1d4b | a303 150b | f40f 40f9 
  0x000000010d8e7b40: f3ab 42a9 | eb1f 40f9 | e9ff ff17 | f60b 40b9 | f40f 40f9 | f317 40f9 | c5ff ff17 | 5f00 0c6b 
  0x000000010d8e7b60: 5db0 8c1a | ac85 f837 | 8a7d 4093 | 9f01 4471 | 2800 0054 | 4d5d 0091 | 5f00 1d6b | 637a 0054 
  0x000000010d8e7b80: 9f01 1d6b | 237a 0054 | aff1 7d92 | 9f01 4471 | a848 0054 | 93df 40f9 | 8be7 40f9 | 6a02 0f8b 
  0x000000010d8e7ba0: 5f01 0beb | 0248 0054 | eb03 40b2 | 8adf 00f9 | 6b02 00f9 

  0x000000010d8e7bb4: ;   {metadata({type array byte})}
  0x000000010d8e7bb4: 8b00 a0d2 | 0b4a 81f2 | 50c1 80f9 | 6b0a 00b9 | 5001 81f9 | 6c0e 00b9 | 5041 81f9 | abfd 43d3 
  0x000000010d8e7bd4: 6d42 0091 | fd75 0034 | bf03 0c6b | 4b34 0054 | ea41 00d1 | 42fd 43d3 | e103 0daa 

  0x000000010d8e7bf0: ;   {runtime_call StubRoutines (final stubs)}
  0x000000010d8e7bf0: d441 c597 

  0x000000010d8e7bf4: ;   {other}
  0x000000010d8e7bf4: 1f20 03d5 | 1f00 80f2 | 1f00 80f2 | bf3a 03d5 | 5ffe ff17 | aa19 40b9 | 4cf1 7dd3 

  0x000000010d8e7c10: ; implicit exception: dispatches to 0x000000010d8e9144
  0x000000010d8e7c10: 8b09 40b9 

  0x000000010d8e7c14: ;   {metadata('java/io/ByteArrayInputStream')}
  0x000000010d8e7c14: aa00 a0d2 | 0a6c 87f2 | 7f01 0a6b | e10e 0054 | fd03 0daa | e103 0caa 

  0x000000010d8e7c2c: ; ImmutableOopMap {rfp=Oop [16]=Oop }
                      ;*invokevirtual read {reexecute=0 rethrow=0 return_oop=0}
                      ; - java.io.ObjectInputStream$PeekInputStream::read@23
                      ; - java.io.ObjectInputStream$BlockDataInputStream::read@58
                      ; - java.io.ObjectInputStream$BlockDataInputStream::readByte@1
                      ; - java.io.ObjectInputStream::readString@4
                      ; - java.io.ObjectInputStream::readObject0@344
                      ;   {optimized virtual_call}
  0x000000010d8e7c2c: 5581 c597 

  0x000000010d8e7c30: ;   {other}
  0x000000010d8e7c30: 1f20 03d5 | 1f04 82f2 | 1f00 82f2 | ea03 002a | eb03 1daa | bd0b 40f9 | ec03 0a2a | 4a7d f837 
  0x000000010d8e7c50: aa07 0091 | 6a09 00f9 | 8bfd ff17 | ec03 1632 | 97ff ff17 | 5ff9 0171 | 4a83 0054 | 5fd5 0171 
  0x000000010d8e7c70: 4110 0054 | ea03 40f9 | 5f01 0beb | e089 0054 | e103 0eaa | e223 40b9 | e103 00f9 

  0x000000010d8e7c8c: ; ImmutableOopMap {[0]=Oop [16]=Oop }
                      ;*invokevirtual readArray {reexecute=0 rethrow=0 return_oop=1}
                      ; - java.io.ObjectInputStream::readObject0@394
                      ;   {optimized virtual_call}
  0x000000010d8e7c8c: 0da5 1596 

  0x000000010d8e7c90: ;   {other}
  0x000000010d8e7c90: 1f20 03d5 | 1f10 82f2 | 1f20 82f2 | e103 40f9 | e203 00aa | fd03 01aa 

  0x000000010d8e7ca8: ; ImmutableOopMap {rfp=Oop [0]=Oop }
                      ;*invokevirtual checkResolve {reexecute=0 rethrow=0 return_oop=1}
                      ; - java.io.ObjectInputStream::readObject0@397
                      ;   {optimized virtual_call}
  0x000000010d8e7ca8: 1aa7 f197 

  0x000000010d8e7cac: ;   {other}
  0x000000010d8e7cac: 1f20 03d5 | 9f13 82f2 | 1f40 82f2 | eb03 40f9 | 6b29 40b9 | ea03 40f9 | 4a0d 40f9 | 61f1 7dd3 
  0x000000010d8e7ccc: 4a05 00d1 | eb03 40f9 | fd03 00aa | 6a0d 00f9 | 8180 00b4 | e20f 40b9 

  0x000000010d8e7ce4: ; ImmutableOopMap {rfp=Oop }
                      ;*invokevirtual setBlockDataMode {reexecute=0 rethrow=0 return_oop=0}
                      ; - java.io.ObjectInputStream::readObject0@417
                      ;   {optimized virtual_call}
  0x000000010d8e7ce4: cbe5 ec97 

  0x000000010d8e7ce8: ;   {other}
  0x000000010d8e7ce8: 1f20 03d5 | 1f1b 82f2 | 1f60 82f2 | e003 1daa | bdfe ff17 | 7f81 0071 | 2102 0054 | 9f00 00eb 
  0x000000010d8e7d08: a0df ff54 | 8514 40f9 | a200 40b9 | a520 0091 | ff63 3feb | c200 00b4 | a884 40f8 | 1f00 08eb 
  0x000000010d8e7d28: 6000 0054 | 4204 00d1 | 82ff ffb5 | 6100 0054 | 8010 00f9 | e503 1faa | e5dd ffb4 | eb0f 40b9 
  0x000000010d8e7d48: 2106 8012 | fd0b 40f9 | eb03 00b9 | ee07 00f9 

  0x000000010d8e7d58: ; ImmutableOopMap {rfp=Oop [8]=Oop [24]=Oop }
                      ;*invokevirtual cast {reexecute=0 rethrow=0 return_oop=0}
                      ; - java.io.ObjectInputStream::readObject0@222
                      ;   {runtime_call UncommonTrapBlob}
  0x000000010d8e7d58: 8a9c c597 

  0x000000010d8e7d5c: ;   {other}
  0x000000010d8e7d5c: 1f20 03d5 | 9f29 82f2 | 1f80 82f2 | 8a19 40b9 | 4df1 7dd3 

  0x000000010d8e7d70: ; implicit exception: dispatches to 0x000000010d8e9164
  0x000000010d8e7d70: ab09 40b9 

  0x000000010d8e7d74: ;   {metadata('java/io/ByteArrayInputStream')}
  0x000000010d8e7d74: aa00 a0d2 | 0a6c 87f2 | 7f01 0a6b | a10b 0054 | fd03 0caa | ee03 00f9 | e103 0daa 

  0x000000010d8e7d90: ; ImmutableOopMap {rfp=Oop [0]=Oop }
                      ;*invokevirtual read {reexecute=0 rethrow=0 return_oop=0}
                      ; - java.io.ObjectInputStream$PeekInputStream::read@23
                      ; - java.io.ObjectInputStream$BlockDataInputStream::read@58
                      ; - java.io.ObjectInputStream$BlockDataInputStream::readByte@1
                      ; - java.io.ObjectInputStream::readNull@4
                      ; - java.io.ObjectInputStream::readObject0@189
                      ;   {optimized virtual_call}
  0x000000010d8e7d90: fc80 c597 

  0x000000010d8e7d94: ;   {other}
  0x000000010d8e7d94: 1f20 03d5 | 9f30 82f2 | 1fa0 82f2 | ea03 002a | eb03 1daa | bd0b 40f9 | ed03 0a2a | 6a81 f837 
  0x000000010d8e7db4: aa07 0091 | 6a09 00f9 | e803 40f9 | e80b 00f9 | e5fe ff17 | f703 00f9 | f30f 00f9 | fd03 162a 
  0x000000010d8e7dd4: e103 13aa 

  0x000000010d8e7dd8: ; ImmutableOopMap {[0]=Oop [16]=Oop [24]=Oop }
                      ;*invokevirtual grow {reexecute=0 rethrow=0 return_oop=0}
                      ; - java.io.ObjectInputStream$HandleTable::assign@13
                      ; - java.io.ObjectInputStream::readString@98
                      ; - java.io.ObjectInputStream::readObject0@344
                      ;   {optimized virtual_call}
  0x000000010d8e7dd8: ee95 4294 

  0x000000010d8e7ddc: ;   {other}
  0x000000010d8e7ddc: 1f20 03d5 | 9f39 82f2 | 1fc0 82f2 | f30f 40f9 | 7812 40b9 | f603 1d2a | f703 40f9 | fffd ff17 
  0x000000010d8e7dfc: ;   {metadata('java/io/BufferedInputStream')}
  0x000000010d8e7dfc: ca00 a0d2 | 0a6d 9af2 | 7f01 0a6b | 417c 0054 | fd03 0daa | e103 0caa 

  0x000000010d8e7e14: ; ImmutableOopMap {rfp=Oop [16]=Oop }
                      ;*invokevirtual read {reexecute=0 rethrow=0 return_oop=0}
                      ; - java.io.ObjectInputStream$PeekInputStream::read@23
                      ; - java.io.ObjectInputStream$BlockDataInputStream::read@58
                      ; - java.io.ObjectInputStream$BlockDataInputStream::readByte@1
                      ; - java.io.ObjectInputStream::readString@4
                      ; - java.io.ObjectInputStream::readObject0@344
                      ;   {optimized virtual_call}
  0x000000010d8e7e14: db80 c597 

  0x000000010d8e7e18: ;   {other}
  0x000000010d8e7e18: 1f20 03d5 | 1f41 82f2 | 1fe0 82f2 | ea03 002a | 86ff ff17 | 8b1e 40b9 | 7df1 7dd3 

  0x000000010d8e7e34: ; implicit exception: dispatches to 0x000000010d8e917c
  0x000000010d8e7e34: ad0f 40b9 | 0a7e f837 | bf01 0c6b | c37d 0054 | bf01 156b | 837d 0054 | 757d f837 | 9f01 0a6b 
  0x000000010d8e7e54: a0e2 ff54 | aac3 2a8b | a143 0091 | 4041 0091 

  0x000000010d8e7e64: ;   {runtime_call StubRoutines (final stubs)}
  0x000000010d8e7e64: a53d c597 

  0x000000010d8e7e68: ;   {other}
  0x000000010d8e7e68: 1f20 03d5 | 1f00 80f2 | 1f00 80f2 | 0dff ff17 | 5fd5 0171 | eb7e 0054 | 5fd9 0171 | 817f 0054 
  0x000000010d8e7e88: ea03 40f9 | 5f01 0beb | e07c 0054 | e103 0eaa | e223 40b9 | fd03 01aa 

  0x000000010d8e7ea0: ; ImmutableOopMap {rfp=Oop [16]=Oop }
                      ;*invokevirtual readClass {reexecute=0 rethrow=0 return_oop=1}
                      ; - java.io.ObjectInputStream::readObject0@268
                      ;   {optimized virtual_call}
  0x000000010d8e7ea0: e821 5896 

  0x000000010d8e7ea4: ;   {other}
  0x000000010d8e7ea4: 1f20 03d5 | 9f52 82f2 | 1f00 83f2 | eb0b 40f9 | 6b29 40b9 | ea0b 40f9 | 4a0d 40f9 | 61f1 7dd3 
  0x000000010d8e7ec4: 4a05 00d1 | eb0b 40f9 | fd03 00aa | 6a0d 00f9 | 817b 00b4 | e20f 40b9 

  0x000000010d8e7edc: ; ImmutableOopMap {rfp=Oop }
                      ;*invokevirtual setBlockDataMode {reexecute=0 rethrow=0 return_oop=0}
                      ; - java.io.ObjectInputStream::readObject0@288
                      ;   {optimized virtual_call}
  0x000000010d8e7edc: 4de5 ec97 

  0x000000010d8e7ee0: ;   {other}
  0x000000010d8e7ee0: 1f20 03d5 | 1f5a 82f2 | 1f20 83f2 | e003 1daa | 3ffe ff17 

  0x000000010d8e7ef4: ;   {metadata('java/io/BufferedInputStream')}
  0x000000010d8e7ef4: ca00 a0d2 | 0a6d 9af2 | 7f01 0a6b | 817c 0054 | fd03 0caa | ee03 00f9 | e103 0daa 

  0x000000010d8e7f10: ; ImmutableOopMap {rfp=Oop [0]=Oop }
                      ;*invokevirtual read {reexecute=0 rethrow=0 return_oop=0}
                      ; - java.io.ObjectInputStream$PeekInputStream::read@23
                      ; - java.io.ObjectInputStream$BlockDataInputStream::read@58
                      ; - java.io.ObjectInputStream$BlockDataInputStream::readByte@1
                      ; - java.io.ObjectInputStream::readNull@4
                      ; - java.io.ObjectInputStream::readObject0@189
                      ;   {optimized virtual_call}
  0x000000010d8e7f10: 9c80 c597 

  0x000000010d8e7f14: ;   {other}
  0x000000010d8e7f14: 1f20 03d5 | 9f60 82f2 | 1f40 83f2 | ea03 002a | a0ff ff17 | 6c13 40b9 | 80f1 7dd3 | 00c1 ffb4 
  0x000000010d8e7f34: 8b17 40f9 | cb3b 00b4 | 8c1f 40f9 | 6d21 00d1 | 8b01 0b8b | 6081 1ff8 | 8d17 00f9 | 00fe ff17 
  0x000000010d8e7f54: aea9 4129 | df01 0a6b | 001b 0054 | 8a00 f836 | 0a00 a012 | ec03 0a2a | c6fc ff17 | aa1d 40b9 
  0x000000010d8e7f74: cb05 0011 | 5df1 7dd3 | ab0d 00b9 

  0x000000010d8e7f80: ; implicit exception: dispatches to 0x000000010d8e91c4
  0x000000010d8e7f80: aa0f 40b9 | abc3 2e8b | df01 0a6b | 4279 0054 | 6a41 4039 | f5ff ff17 | 8a02 40b9 | 40f1 7dd3 
  0x000000010d8e7fa0: 80b5 ffb4 | 8a17 40f9 | ca41 00b4 | 8b1f 40f9 | 4c21 00d1 | 6a01 0a8b | 4081 1ff8 | 8c17 00f9 
  0x000000010d8e7fc0: a4fd ff17 | ea16 40b9 | 40f1 7dd3 | e0ad ffb4 | 8a17 40f9 | ea41 00b4 | 8b1f 40f9 | 4c21 00d1 
  0x000000010d8e7fe0: 6a01 0a8b | 4081 1ff8 | 8c17 00f9 | 67fd ff17 | 8a27 40f9 | 8b2f 40f9 | bf3b 03d5 | 0c00 c039 
  0x000000010d8e8000: 6c02 0034 | 1f00 0039 | ca00 00b4 | 4c21 00d1 | 6a01 0a8b | 4081 1ff8 | 8c27 00f9 | 0c00 0014 
  0x000000010d8e8020: e103 1caa | c900 0010 

  0x000000010d8e8028: ;   {runtime_call G1BarrierSetRuntime::write_ref_field_post_entry(unsigned char volatile*, JavaThread*)}
  0x000000010d8e8028: 88ce 8ed2 | 482f a0f2 | 2800 c0f2 | ff27 bfa9 | 0001 3fd6 

  0x000000010d8e803c: ;   {other}
  0x000000010d8e803c: 1f20 03d5 | 1f00 80f2 | 1f00 80f2 | ff43 0091 | 7812 40b9 | 8ffd ff17 | 8a2f 40f9 | 8b27 40f9 
  0x000000010d8e805c: bf3b 03d5 | 0c00 c039 | 0cab ff34 | 1f00 0039 | ab01 00b5 | e103 1caa | c900 0010 

  0x000000010d8e8078: ;   {runtime_call G1BarrierSetRuntime::write_ref_field_post_entry(unsigned char volatile*, JavaThread*)}
  0x000000010d8e8078: 88ce 8ed2 | 482f a0f2 | 2800 c0f2 | ff27 bfa9 | 0001 3fd6 

  0x000000010d8e808c: ;   {other}
  0x000000010d8e808c: 1f20 03d5 | 1f00 80f2 | 1f00 80f2 | ff43 0091 | 4afd ff17 | 6c21 00d1 | 4a01 0b8b | 4081 1ff8 
  0x000000010d8e80ac: 8c27 00f9 | 45fd ff17 | 8a2f 40f9 | 8b27 40f9 | bf3b 03d5 | 0d00 c039 | ad9e ff34 | 1f00 0039 
  0x000000010d8e80cc: ab01 00b5 | e103 1caa | c900 0010 

  0x000000010d8e80d8: ;   {runtime_call G1BarrierSetRuntime::write_ref_field_post_entry(unsigned char volatile*, JavaThread*)}
  0x000000010d8e80d8: 88ce 8ed2 | 482f a0f2 | 2800 c0f2 | ff27 bfa9 | 0001 3fd6 

  0x000000010d8e80ec: ;   {other}
  0x000000010d8e80ec: 1f20 03d5 | 1f00 80f2 | 1f00 80f2 | ff43 0091 | e7fc ff17 | 6c21 00d1 | 4a01 0b8b | 4081 1ff8 
  0x000000010d8e810c: 8c27 00f9 | e2fc ff17 | 8baa 4129 | 4b01 0b4b | 7f09 0071 | aa01 0054 | 8b2e 40b9 | 61f1 7dd3 
  0x000000010d8e812c: 816d 00b4 | fd03 14aa 

  0x000000010d8e8134: ; ImmutableOopMap {rfp=Oop [16]=Oop }
                      ;*invokevirtual readUnsignedShort {reexecute=0 rethrow=0 return_oop=0}
                      ; - java.io.ObjectInputStream$BlockDataInputStream::readUnsignedShort@45
                      ; - java.io.ObjectInputStream$BlockDataInputStream::readUTF@2
                      ; - java.io.ObjectInputStream::readString@40
                      ; - java.io.ObjectInputStream::readObject0@344
                      ;   {optimized virtual_call}
  0x000000010d8e8134: 1380 c597 

  0x000000010d8e8138: ;   {other}
  0x000000010d8e8138: 1f20 03d5 | 1fa5 82f2 | 1f60 83f2 | f603 1f2a | f403 1daa | f503 002a | 88fc ff17 | f603 1f2a 
  0x000000010d8e8158: 77fc ff17 | 97df 40f9 | 8be7 40f9 | ec62 0091 | 9f01 0beb | c256 0054 | eb03 40b2 | 8cdf 00f9 
  0x000000010d8e8178: eb02 00f9 | ea7e 0129 | 90c1 80f9 | ff0a 00f9 | bf3a 03d5 | 80df 40f9 | 8ae7 40f9 | 0b80 0091 
  0x000000010d8e8198: e203 1c32 | 7f01 0aeb | 4257 0054 | 8bdf 00f9 | ea03 40b2 | 70c1 80f9 | 0a00 00f9 

  0x000000010d8e81b4: ;   {metadata({type array byte})}
  0x000000010d8e81b4: 8a00 a0d2 | 0a4a 81f2 | 7001 81f9 | 0a08 00b9 | 7041 81f9 | 020c 00b9 | 0a40 0091 | 5f7d 00a9 
  0x000000010d8e81d4: bf3a 03d5 | ea03 17aa | eb03 00aa | 6b01 0aca | 0dfc 43d3 | 6bfd 55d3 | ed16 00b9 | 2b01 00b4 
  0x000000010d8e81f4: 4afd 49d3 | 0b00 90d2 | ab19 a2f2 | 2b00 c0f2 | 6001 0a8b | 0a00 c039 | 5f09 0071 | 613c 0054 
  0x000000010d8e8214: ff42 0039 | f723 00f9 | a1fc ff17 | aea9 4129 | df01 0a6b | 8012 0054 | 6a00 f836 | 0d00 a012 
  0x000000010d8e8234: c9fd ff17 | aa1d 40b9 | cb05 0011 | 5df1 7dd3 | ab0d 00b9 

  0x000000010d8e8248: ; implicit exception: dispatches to 0x000000010d8e91e4
  0x000000010d8e8248: aa0f 40b9 | abc3 2e8b | df01 0a6b | 4265 0054 | 6d41 4039 | bffd ff17 | fd03 1faa | a7fd ff17 
  0x000000010d8e8268: a27f 4093 | 4c40 0091 | 8af1 7d92 | 6a02 0a8b | 6b0d 4ccb | 6821 00f1 | 4300 0054 

  0x000000010d8e8284: ;   {runtime_call StubRoutines (final stubs)}
  0x000000010d8e8284: 0f3c c597 | 6b00 1036 | 5f7d 81a8 | 5f7d 81a8 | 4b00 0836 | 5f7d 81a8 | 4b00 0036 | 5f01 00f9 
  0x000000010d8e82a4: e103 0daa 

  0x000000010d8e82a8: ;   {runtime_call StubRoutines (final stubs)}
  0x000000010d8e82a8: f63c c597 

  0x000000010d8e82ac: ;   {other}
  0x000000010d8e82ac: 1f20 03d5 | 1f00 80f2 | 1f00 80f2 | 52fe ff17 | fd03 0daa | e103 0daa 

  0x000000010d8e82c4: ; ImmutableOopMap {rfp=Oop [16]=Oop }
                      ;*invokevirtual refill {reexecute=0 rethrow=0 return_oop=0}
                      ; - java.io.ObjectInputStream$BlockDataInputStream::read@19
                      ; - java.io.ObjectInputStream$BlockDataInputStream::readByte@1
                      ; - java.io.ObjectInputStream::readString@4
                      ; - java.io.ObjectInputStream::readObject0@344
                      ;   {optimized virtual_call}
  0x000000010d8e82c4: af7f c597 

  0x000000010d8e82c8: ;   {other}
  0x000000010d8e82c8: 1f20 03d5 | 1fd7 82f2 | 1f80 83f2 | ed03 1daa | aea9 4129 | 21ff ff17 | ab45 4039 | 6b10 0034 
  0x000000010d8e82e8: f703 00f9 | ec0b 00b9 | ee0f 00f9 | fd03 162a | e103 0eaa | e203 162a | e303 0c2a 

  0x000000010d8e8304: ; ImmutableOopMap {[0]=Oop [16]=Oop [24]=Oop }
                      ;*invokestatic compress {reexecute=0 rethrow=0 return_oop=1}
                      ; - java.lang.String::<init>@58
                      ; - java.lang.String::<init>@3
                      ; - java.lang.StringBuilder::toString@5
                      ; - java.io.ObjectInputStream$BlockDataInputStream::readUTFBody@188
                      ; - java.io.ObjectInputStream$BlockDataInputStream::readUTF@6
                      ; - java.io.ObjectInputStream::readString@40
                      ; - java.io.ObjectInputStream::readObject0@344
                      ;   {static_call}
  0x000000010d8e8304: 1f81 c597 

  0x000000010d8e8308: ;   {other}
  0x000000010d8e8308: 1f20 03d5 | 1fdf 82f2 | 1fa0 83f2 | f303 00aa | 200f 00b4 | 8a03 c139 | 4a41 0035 | f703 40f9 
  0x000000010d8e8328: ea03 17aa | eb03 13aa | 6b01 0aca | 6cfe 43d3 | 6bfd 55d3 | ff42 0039 | ec16 00b9 | 2b01 00b4 
  0x000000010d8e8348: 4afd 49d3 | 0b00 90d2 | ab19 a2f2 | 2b00 c0f2 | 6001 0a8b | 0b00 c039 | 7f09 0071 | a140 0054 
  0x000000010d8e8368: f603 1d2a | 96fc ff17 | fd03 162a 

  0x000000010d8e8374: ;   {metadata('java/lang/String')}
  0x000000010d8e8374: 01e5 83d2 | 8100 a0f2 | 0101 c0f2 

  0x000000010d8e8380: ; ImmutableOopMap {[16]=Oop [64]=Oop }
                      ;*new {reexecute=0 rethrow=0 return_oop=1}
                      ; - java.lang.StringBuilder::toString@0
                      ; - java.io.ObjectInputStream$BlockDataInputStream::readUTFBody@188
                      ; - java.io.ObjectInputStream$BlockDataInputStream::readUTF@6
                      ; - java.io.ObjectInputStream::readString@40
                      ; - java.io.ObjectInputStream::readObject0@344
                      ;   {runtime_call _new_instance_Java}
  0x000000010d8e8380: c07c c897 

  0x000000010d8e8384: ;   {other}
  0x000000010d8e8384: 1f20 03d5 | 9fee 82f2 | 1fc0 83f2 | f603 1d2a | f703 00aa | 54fc ff17 | fd27 00b9 | f403 00f9 
  0x000000010d8e83a4: f50b 00b9 | f30f 00f9 | fd03 162a 

  0x000000010d8e83b0: ;   {metadata('java/lang/StringBuilder')}
  0x000000010d8e83b0: 012d 85d2 | a100 a0f2 | 0101 c0f2 

  0x000000010d8e83bc: ; ImmutableOopMap {[0]=Oop [16]=Oop }
                      ;*new {reexecute=0 rethrow=0 return_oop=1}
                      ; - java.io.ObjectInputStream$BlockDataInputStream::readUTFBody@23
                      ; - java.io.ObjectInputStream$BlockDataInputStream::readUTF@6
                      ; - java.io.ObjectInputStream::readString@40
                      ; - java.io.ObjectInputStream::readObject0@344
                      ;   {runtime_call _new_instance_Java}
  0x000000010d8e83bc: b17c c897 

  0x000000010d8e83c0: ;   {other}
  0x000000010d8e83c0: 1f20 03d5 | 1ff6 82f2 | 1fe0 83f2 | f603 1d2a | f403 40f9 | f50b 40b9 | f30f 40f9 | f703 00aa 
  0x000000010d8e83e0: fd27 40b9 | f9fb ff17 | ea03 1d2a | f403 00f9 | f50b 00b9 | f30f 00f9 | f717 00f9 | fd03 162a 
  0x000000010d8e8400: ;   {metadata({type array byte})}
  0x000000010d8e8400: 014a 81d2 | 8100 a0f2 | 0101 c0f2 | e203 0a2a 

  0x000000010d8e8410: ; ImmutableOopMap {[0]=Oop [16]=Oop [40]=Oop }
                      ;*newarray {reexecute=0 rethrow=0 return_oop=1}
                      ; - java.lang.AbstractStringBuilder::<init>@12
                      ; - java.lang.StringBuilder::<init>@2
                      ; - java.io.ObjectInputStream$BlockDataInputStream::readUTFBody@29
                      ; - java.io.ObjectInputStream$BlockDataInputStream::readUTF@6
                      ; - java.io.ObjectInputStream::readString@40
                      ; - java.io.ObjectInputStream::readObject0@344
                      ;   {runtime_call _new_array_Java}
  0x000000010d8e8410: bc8b c897 

  0x000000010d8e8414: ;   {other}
  0x000000010d8e8414: 1f20 03d5 | 9f00 83f2 | 1f00 84f2 | f603 1d2a | f403 40f9 | f50b 40b9 | f30f 40f9 | f717 40f9 
  0x000000010d8e8434: 09fc ff17 | f603 00b9 | f70f 00f9 | ee83 02a9 

  0x000000010d8e8444: ;   {metadata({type array byte})}
  0x000000010d8e8444: 014a 81d2 | 8100 a0f2 | 0101 c0f2 

  0x000000010d8e8450: ; ImmutableOopMap {[16]=Oop [24]=Oop [40]=Oop [48]=Derived_oop_[40] }
                      ;*invokevirtual clone {reexecute=1 rethrow=0 return_oop=1}
                      ; - (reexecute) java.util.Arrays::copyOfRange@18
                      ; - java.lang.String::<init>@32
                      ; - java.lang.String::<init>@3
                      ; - java.lang.StringBuilder::toString@5
                      ; - java.io.ObjectInputStream$BlockDataInputStream::readUTFBody@188
                      ; - java.io.ObjectInputStream$BlockDataInputStream::readUTF@6
                      ; - java.io.ObjectInputStream::readString@40
                      ; - java.io.ObjectInputStream::readObject0@344
                      ;   {runtime_call _new_array_nozero_Java}
  0x000000010d8e8450: 6c8c c897 

  0x000000010d8e8454: ;   {other}
  0x000000010d8e8454: 1f20 03d5 | 9f08 83f2 | 1f20 84f2 | ea03 00aa | f603 40b9 | f70f 40f9 | e01b 40f9 | f303 0aaa 
  0x000000010d8e8474: 3bfc ff17 | fd03 0daa | e80b 40f9 | e803 00f9 | e103 0daa 

  0x000000010d8e8488: ; ImmutableOopMap {rfp=Oop [0]=Oop [16]=Oop }
                      ;*invokevirtual refill {reexecute=0 rethrow=0 return_oop=0}
                      ; - java.io.ObjectInputStream$BlockDataInputStream::read@19
                      ; - java.io.ObjectInputStream$BlockDataInputStream::readByte@1
                      ; - java.io.ObjectInputStream::readNull@4
                      ; - java.io.ObjectInputStream::readObject0@189
                      ;   {optimized virtual_call}
  0x000000010d8e8488: 3e7f c597 

  0x000000010d8e848c: ;   {other}
  0x000000010d8e848c: 1f20 03d5 | 9f0f 83f2 | 1f40 84f2 | ed03 1daa | aea9 4129 | 63ff ff17 | f633 0029 | f70f 00f9 
  0x000000010d8e84ac: ee83 02a9 | edbf 03a9 

  0x000000010d8e84b4: ;   {metadata({type array byte})}
  0x000000010d8e84b4: 014a 81d2 | 8100 a0f2 | 0101 c0f2 | e203 0c2a 

  0x000000010d8e84c4: ; ImmutableOopMap {[16]=Oop [24]=Oop [40]=Oop [48]=Derived_oop_[40] }
                      ;*newarray {reexecute=0 rethrow=0 return_oop=1}
                      ; - java.util.Arrays::copyOfRangeByte@10
                      ; - java.util.Arrays::copyOfRange@13
                      ; - java.lang.String::<init>@32
                      ; - java.lang.String::<init>@3
                      ; - java.lang.StringBuilder::toString@5
                      ; - java.io.ObjectInputStream$BlockDataInputStream::readUTFBody@188
                      ; - java.io.ObjectInputStream$BlockDataInputStream::readUTF@6
                      ; - java.io.ObjectInputStream::readString@40
                      ; - java.io.ObjectInputStream::readObject0@344
                      ;   {runtime_call _new_array_nozero_Java}
  0x000000010d8e84c4: 4f8c c897 

  0x000000010d8e84c8: ;   {other}
  0x000000010d8e84c8: 1f20 03d5 | 1f17 83f2 | 1f60 84f2 | ea03 00aa | f633 4029 | f70f 40f9 | e01b 40f9 | f303 0aaa 
  0x000000010d8e84e8: edbf 43a9 | b9fd ff17 | fd03 162a | ee0f 00f9 | 0300 0014 | f703 40f9 | ec0b 40b9 | ea03 0032 
  0x000000010d8e8508: ea42 0039 | f703 00f9 | 8379 1f53 | e10f 40f9 | e203 1d2a 

  0x000000010d8e851c: ; ImmutableOopMap {[0]=Oop [16]=Oop }
                      ;*invokestatic copyOfRange {reexecute=0 rethrow=0 return_oop=1}
                      ; - java.lang.String::<init>@92
                      ; - java.lang.String::<init>@3
                      ; - java.lang.StringBuilder::toString@5
                      ; - java.io.ObjectInputStream$BlockDataInputStream::readUTFBody@188
                      ; - java.io.ObjectInputStream$BlockDataInputStream::readUTF@6
                      ; - java.io.ObjectInputStream::readString@40
                      ; - java.io.ObjectInputStream::readObject0@344
                      ;   {static_call}
  0x000000010d8e851c: 9980 c597 

  0x000000010d8e8520: ;   {other}
  0x000000010d8e8520: 1f20 03d5 | 1f22 83f2 | 1f80 84f2 | 8b03 c139 | f303 00aa | 6b3e 0035 | f703 40f9 | ec03 13aa 
  0x000000010d8e8540: eb03 17aa | ea03 0caa | 4a01 0bca | 8dfd 43d3 | 4afd 55d3 | ed16 00b9 | 4a01 00b4 | 2c01 00b4 
  0x000000010d8e8560: 6afd 49d3 | 0b00 90d2 | ab19 a2f2 | 2b00 c0f2 | 6001 0a8b | 0b00 c039 | 7f09 0071 | a13d 0054 
  0x000000010d8e8580: f603 1d2a | 10fc ff17 | ea1f 00b9 | ea0f 40b9 | e80b 40f9 | e807 00f9 | 4117 8012 | ea4f 0029 
  0x000000010d8e85a0: f70b 00f9 | ec1b 00b9 | ee13 00f9 

  0x000000010d8e85ac: ; ImmutableOopMap {[8]=Oop [16]=Oop [32]=Oop }
                      ;*tableswitch {reexecute=1 rethrow=0 return_oop=0}
                      ; - (reexecute) java.io.ObjectInputStream$HandleTable::finish@49
                      ; - java.io.ObjectInputStream::readString@112
                      ; - java.io.ObjectInputStream::readObject0@344
                      ;   {runtime_call UncommonTrapBlob}
  0x000000010d8e85ac: 759a c597 

  0x000000010d8e85b0: ;   {other}
  0x000000010d8e85b0: 1f20 03d5 | 1f34 83f2 | 1fa0 84f2 | fd0b 40f9 | 4117 8012 | e013 00b9 

  0x000000010d8e85c8: ; ImmutableOopMap {rfp=Oop [0]=Oop }
                      ;*ifge {reexecute=1 rethrow=0 return_oop=0}
                      ; - (reexecute) java.io.ObjectInputStream$BlockDataInputStream::peekByte@6
                      ; - java.io.ObjectInputStream::readObject0@65
                      ;   {runtime_call UncommonTrapBlob}
  0x000000010d8e85c8: 6e9a c597 

  0x000000010d8e85cc: ;   {other}
  0x000000010d8e85cc: 1f20 03d5 | 9f37 83f2 | 1fc0 84f2 | fd0b 40f9 | 4117 8012 | ea13 00b9 

  0x000000010d8e85e4: ; ImmutableOopMap {rfp=Oop [0]=Oop }
                      ;*if_icmpne {reexecute=1 rethrow=0 return_oop=0}
                      ; - (reexecute) java.io.ObjectInputStream::readObject0@73
                      ;   {runtime_call UncommonTrapBlob}
  0x000000010d8e85e4: 679a c597 

  0x000000010d8e85e8: ;   {other}
  0x000000010d8e85e8: 1f20 03d5 | 1f3b 83f2 | 1fe0 84f2 | ea0f 40b9 | 6103 8012 | ea63 0029 | f7cf 02a9 | ed1f 00f9 
  0x000000010d8e8608: ; ImmutableOopMap {[16]=Oop [40]=Oop [48]=Oop [56]=Oop }
                      ;*bastore {reexecute=0 rethrow=0 return_oop=0}
                      ; - java.io.ObjectInputStream$HandleTable::assign@25
                      ; - java.io.ObjectInputStream::readString@98
                      ; - java.io.ObjectInputStream::readObject0@344
                      ;   {runtime_call UncommonTrapBlob}
  0x000000010d8e8608: 5e9a c597 

  0x000000010d8e860c: ;   {other}
  0x000000010d8e860c: 1f20 03d5 | 9f3f 83f2 | 1f00 85f2 | 6103 8012 | f74f 03a9 | f843 00b9 

  0x000000010d8e8624: ; ImmutableOopMap {rfp=Oop [16]=Oop [48]=Oop [56]=Oop }
                      ;*aastore {reexecute=1 rethrow=0 return_oop=0}
                      ; - (reexecute) java.io.ObjectInputStream$HandleTable::assign@35
                      ; - java.io.ObjectInputStream::readString@98
                      ; - java.io.ObjectInputStream::readObject0@344
                      ;   {runtime_call UncommonTrapBlob}
  0x000000010d8e8624: 579a c597 

  0x000000010d8e8628: ;   {other}
  0x000000010d8e8628: 1f20 03d5 | 1f43 83f2 | 1f20 85f2 | eb1b 00f9 | eb0f 40b9 | ea23 40b9 | 6103 8012 | e80b 40f9 
  0x000000010d8e8648: e803 00f9 | eb2b 0129 | f417 00f9 | ed3b 00b9 

  0x000000010d8e8658: ; ImmutableOopMap {[0]=Oop [40]=Oop [48]=Oop }
                      ;*invokestatic checkIndex {reexecute=0 rethrow=0 return_oop=0}
                      ; - java.lang.invoke.VarHandleByteArrayAsShorts$ArrayHandle::index@8
                      ; - java.lang.invoke.VarHandleByteArrayAsShorts$ArrayHandle::get@19
                      ; - java.lang.invoke.VarHandleGuards::guard_LI_I@45
                      ; - jdk.internal.util.ByteArray::getShort@5
                      ; - java.io.ObjectInputStream$BlockDataInputStream::readUnsignedShort@57
                      ; - java.io.ObjectInputStream$BlockDataInputStream::readUTF@2
                      ; - java.io.ObjectInputStream::readString@40
                      ; - java.io.ObjectInputStream::readObject0@344
                      ;   {runtime_call UncommonTrapBlob}
  0x000000010d8e8658: 4a9a c597 

  0x000000010d8e865c: ;   {other}
  0x000000010d8e865c: 1f20 03d5 | 9f49 83f2 | 1f40 85f2 | ec0f 40b9 | fd0b 40f9 | 2101 8012 | ec03 00b9 | ea0b 00f9 
  0x000000010d8e867c: ; ImmutableOopMap {rfp=Oop [16]=Oop }
                      ;*invokevirtual readFully {reexecute=0 rethrow=0 return_oop=0}
                      ; - java.io.ObjectInputStream$BlockDataInputStream::readUnsignedShort@22
                      ; - java.io.ObjectInputStream$BlockDataInputStream::readUTF@2
                      ; - java.io.ObjectInputStream::readString@40
                      ; - java.io.ObjectInputStream::readObject0@344
                      ;   {runtime_call UncommonTrapBlob}
  0x000000010d8e867c: 419a c597 

  0x000000010d8e8680: ;   {other}
  0x000000010d8e8680: 1f20 03d5 | 1f4e 83f2 | 1f60 85f2 | eb0f 40b9 | 2101 8012 | eb57 0029 | ed1b 00b9 | ea13 00f9 
  0x000000010d8e86a0: ; ImmutableOopMap {[16]=Oop [32]=Oop }
                      ;*invokevirtual readFully {reexecute=0 rethrow=0 return_oop=0}
                      ; - java.io.ObjectInputStream$BlockDataInputStream::readUTFBody@181
                      ; - java.io.ObjectInputStream$BlockDataInputStream::readUTF@6
                      ; - java.io.ObjectInputStream::readString@40
                      ; - java.io.ObjectInputStream::readObject0@344
                      ;   {runtime_call UncommonTrapBlob}
  0x000000010d8e86a0: 389a c597 

  0x000000010d8e86a4: ;   {other}
  0x000000010d8e86a4: 1f20 03d5 | 9f52 83f2 | 1f80 85f2 | ee0f 00f9 | ea07 00b9 | e103 1caa | c900 0010 

  0x000000010d8e86c0: ;   {runtime_call G1BarrierSetRuntime::write_ref_field_pre_entry(oopDesc*, JavaThread*)}
  0x000000010d8e86c0: 88c9 8ed2 | 482f a0f2 | 2800 c0f2 | ff27 bfa9 | 0001 3fd6 

  0x000000010d8e86d4: ;   {other}
  0x000000010d8e86d4: 1f20 03d5 | 1f00 80f2 | 1f00 80f2 | ff43 0091 | f803 00b9 | f803 162a | f603 182a | f82b 4029 
  0x000000010d8e86f4: ee0f 40f9 | 16fc ff17 | eb0f 40b9 | 4117 8012 | e80b 40f9 | e803 00f9 | eb0b 00b9 

  0x000000010d8e8710: ; ImmutableOopMap {[0]=Oop }
                      ;*lookupswitch {reexecute=1 rethrow=0 return_oop=0}
                      ; - (reexecute) java.io.ObjectInputStream::readString@9
                      ; - java.io.ObjectInputStream::readObject0@344
                      ;   {runtime_call UncommonTrapBlob}
  0x000000010d8e8710: 1c9a c597 

  0x000000010d8e8714: ;   {other}
  0x000000010d8e8714: 1f20 03d5 | 9f60 83f2 | 1fa0 85f2 | 2105 8012 | f74f 03a9 | f843 00b9 

  0x000000010d8e872c: ; ImmutableOopMap {rfp=Oop [16]=Oop [48]=Oop [56]=Oop }
                      ;*aastore {reexecute=1 rethrow=0 return_oop=0}
                      ; - (reexecute) java.io.ObjectInputStream$HandleTable::assign@35
                      ; - java.io.ObjectInputStream::readString@98
                      ; - java.io.ObjectInputStream::readObject0@344
                      ;   {runtime_call UncommonTrapBlob}
  0x000000010d8e872c: 159a c597 

  0x000000010d8e8730: ;   {other}
  0x000000010d8e8730: 1f20 03d5 | 1f64 83f2 | 1fc0 85f2 | eb1b 00f9 | ea0f 40b9 | eb23 40b9 | 6106 8012 | e80b 40f9 
  0x000000010d8e8750: e803 00f9 | ea2f 0129 | f417 00f9 | ed3b 00b9 

  0x000000010d8e8760: ; ImmutableOopMap {[0]=Oop [40]=Oop [48]=Oop }
                      ;*invokestatic checkIndex {reexecute=0 rethrow=0 return_oop=0}
                      ; - java.lang.invoke.VarHandleByteArrayAsShorts$ArrayHandle::index@8
                      ; - java.lang.invoke.VarHandleByteArrayAsShorts$ArrayHandle::get@19
                      ; - java.lang.invoke.VarHandleGuards::guard_LI_I@45
                      ; - jdk.internal.util.ByteArray::getShort@5
                      ; - java.io.ObjectInputStream$BlockDataInputStream::readUnsignedShort@57
                      ; - java.io.ObjectInputStream$BlockDataInputStream::readUTF@2
                      ; - java.io.ObjectInputStream::readString@40
                      ; - java.io.ObjectInputStream::readObject0@344
                      ;   {runtime_call UncommonTrapBlob}
  0x000000010d8e8760: 089a c597 

  0x000000010d8e8764: ;   {other}
  0x000000010d8e8764: 1f20 03d5 | 9f6a 83f2 | 1fe0 85f2 | eb0f 40b9 | ea23 40b9 | 4117 8012 | fd0b 40f9 | eb2b 0029 
  0x000000010d8e8784: e02b 00b9 

  0x000000010d8e8788: ; ImmutableOopMap {rfp=Oop [24]=Oop }
                      ;*ifge {reexecute=1 rethrow=0 return_oop=0}
                      ; - (reexecute) java.io.ObjectInputStream$PeekInputStream::readFully@26
                      ; - java.io.ObjectInputStream$BlockDataInputStream::readUnsignedShort@22
                      ; - java.io.ObjectInputStream$BlockDataInputStream::readUTF@2
                      ; - java.io.ObjectInputStream::readString@40
                      ; - java.io.ObjectInputStream::readObject0@344
                      ;   {runtime_call UncommonTrapBlob}
  0x000000010d8e8788: fe99 c597 

  0x000000010d8e878c: ;   {other}
  0x000000010d8e878c: 1f20 03d5 | 9f6f 83f2 | 1f00 86f2 | 4117 8012 | fd03 0caa | ebbf 0129 

  0x000000010d8e87a4: ; ImmutableOopMap {rfp=Oop [0]=Oop }
                      ;*iflt {reexecute=1 rethrow=0 return_oop=0}
                      ; - (reexecute) java.io.ObjectInputStream$BlockDataInputStream::currentBlockRemaining@11
                      ; - java.io.ObjectInputStream::readObject0@16
                      ;   {runtime_call UncommonTrapBlob}
  0x000000010d8e87a4: f799 c597 

  0x000000010d8e87a8: ;   {other}
  0x000000010d8e87a8: 1f20 03d5 | 1f73 83f2 | 1f20 86f2 | ea23 00b9 | ea0f 40b9 | e80b 40f9 | e807 00f9 | 2111 8012 
  0x000000010d8e87c8: ea63 0029 | f73b 01a9 

  0x000000010d8e87d0: ; ImmutableOopMap {[8]=Oop [16]=Oop [24]=Oop }
                      ;*if_icmpge {reexecute=1 rethrow=0 return_oop=0}
                      ; - (reexecute) java.io.ObjectInputStream$HandleTable::finish@40
                      ; - java.io.ObjectInputStream::readString@112
                      ; - java.io.ObjectInputStream::readObject0@344
                      ;   {runtime_call UncommonTrapBlob}
  0x000000010d8e87d0: ec99 c597 

  0x000000010d8e87d4: ;   {other}
  0x000000010d8e87d4: 1f20 03d5 | 9f78 83f2 | 1f40 86f2 | e103 1caa | c900 0010 

  0x000000010d8e87e8: ;   {runtime_call G1BarrierSetRuntime::write_ref_field_pre_entry(oopDesc*, JavaThread*)}
  0x000000010d8e87e8: 88c9 8ed2 | 482f a0f2 | 2800 c0f2 | ff27 bfa9 | 0001 3fd6 

  0x000000010d8e87fc: ;   {other}
  0x000000010d8e87fc: 1f20 03d5 | 1f00 80f2 | 1f00 80f2 | ff43 0091 | 91fb ff17 | e103 1caa | c900 0010 

  0x000000010d8e8818: ;   {runtime_call G1BarrierSetRuntime::write_ref_field_pre_entry(oopDesc*, JavaThread*)}
  0x000000010d8e8818: 88c9 8ed2 | 482f a0f2 | 2800 c0f2 | ff27 bfa9 | 0001 3fd6 

  0x000000010d8e882c: ;   {other}
  0x000000010d8e882c: 1f20 03d5 | 1f00 80f2 | 1f00 80f2 | ff43 0091 | 53fb ff17 | 4117 8012 

  0x000000010d8e8844: ; ImmutableOopMap {}
                      ;*ifle {reexecute=1 rethrow=0 return_oop=0}
                      ; - (reexecute) java.io.ObjectInputStream::readObject0@23
                      ;   {runtime_call UncommonTrapBlob}
  0x000000010d8e8844: cf99 c597 

  0x000000010d8e8848: ;   {other}
  0x000000010d8e8848: 1f20 03d5 | 1f87 83f2 | 1f60 86f2 | 4117 8012 

  0x000000010d8e8858: ; ImmutableOopMap {}
                      ;*ifeq {reexecute=1 rethrow=0 return_oop=0}
                      ; - (reexecute) java.io.ObjectInputStream::readObject0@40
                      ;   {runtime_call UncommonTrapBlob}
  0x000000010d8e8858: ca99 c597 

  0x000000010d8e885c: ;   {other}
  0x000000010d8e885c: 1f20 03d5 | 9f89 83f2 | 1f80 86f2 | 4117 8012 | fd03 0caa | ebbf 0129 | ee17 00b9 

  0x000000010d8e8878: ; ImmutableOopMap {rfp=Oop [0]=Oop }
                      ;*if_icmpge {reexecute=1 rethrow=0 return_oop=0}
                      ; - (reexecute) java.io.ObjectInputStream$BlockDataInputStream::setBlockDataMode@43
                      ; - java.io.ObjectInputStream::readObject0@57
                      ;   {runtime_call UncommonTrapBlob}
  0x000000010d8e8878: c299 c597 

  0x000000010d8e887c: ;   {other}
  0x000000010d8e887c: 1f20 03d5 | 9f8d 83f2 | 1fa0 86f2 | ea0f 40b9 | 4117 8012 | fd0b 40f9 | ea03 00b9 | ec1b 00b9 
  0x000000010d8e889c: ; ImmutableOopMap {rfp=Oop }
                      ;*ifge {reexecute=1 rethrow=0 return_oop=0}
                      ; - (reexecute) java.io.ObjectInputStream$BlockDataInputStream::readByte@6
                      ; - java.io.ObjectInputStream::readString@4
                      ; - java.io.ObjectInputStream::readObject0@344
                      ;   {runtime_call UncommonTrapBlob}
  0x000000010d8e889c: b999 c597 

  0x000000010d8e88a0: ;   {other}
  0x000000010d8e88a0: 1f20 03d5 | 1f92 83f2 | 1fc0 86f2 | ec0f 40b9 | 4117 8012 | ec2f 0029 | f70f 00f9 | f317 00f9 
  0x000000010d8e88c0: ; ImmutableOopMap {[16]=Oop [24]=Oop [40]=Oop }
                      ;*ifeq {reexecute=1 rethrow=0 return_oop=0}
                      ; - (reexecute) java.io.ObjectInputStream::readString@88
                      ; - java.io.ObjectInputStream::readObject0@344
                      ;   {runtime_call UncommonTrapBlob}
  0x000000010d8e88c0: b099 c597 

  0x000000010d8e88c4: ;   {other}
  0x000000010d8e88c4: 1f20 03d5 | 9f96 83f2 | 1fe0 86f2 | 4117 8012 | f70f 00f9 | f823 00b9 | ee17 00f9 

  0x000000010d8e88e0: ; ImmutableOopMap {[16]=Oop [24]=Oop [40]=Oop }
                      ;*ifge {reexecute=1 rethrow=0 return_oop=0}
                      ; - (reexecute) java.io.ObjectInputStream$HandleTable::finish@4
                      ; - java.io.ObjectInputStream::readString@112
                      ; - java.io.ObjectInputStream::readObject0@344
                      ;   {runtime_call UncommonTrapBlob}
  0x000000010d8e88e0: a899 c597 

  0x000000010d8e88e4: ;   {other}
  0x000000010d8e88e4: 1f20 03d5 | 9f9a 83f2 | 1f00 87f2 | 4117 8012 | f70f 00f9 

  0x000000010d8e88f8: ; ImmutableOopMap {[16]=Oop [24]=Oop }
                      ;*ifeq {reexecute=1 rethrow=0 return_oop=0}
                      ; - (reexecute) java.io.ObjectInputStream::checkResolve@4
                      ; - java.io.ObjectInputStream::readObject0@347
                      ;   {runtime_call UncommonTrapBlob}
  0x000000010d8e88f8: a299 c597 

  0x000000010d8e88fc: ;   {other}
  0x000000010d8e88fc: 1f20 03d5 | 9f9d 83f2 | 1f20 87f2 | ea7b 40b2 | 7f02 0aeb | fd07 9f1a | bda7 9d5a | eb0f 40b9 
  0x000000010d8e891c: ea23 40b9 | 4117 8012 | e80b 40f9 | e803 00f9 | eb2b 0129 | f44f 02a9 

  0x000000010d8e8934: ; ImmutableOopMap {[0]=Oop [32]=Oop }
                      ;*ifge {reexecute=1 rethrow=0 return_oop=0}
                      ; - (reexecute) java.io.ObjectInputStream$BlockDataInputStream::readUTFBody@11
                      ; - java.io.ObjectInputStream$BlockDataInputStream::readUTF@6
                      ; - java.io.ObjectInputStream::readString@40
                      ; - java.io.ObjectInputStream::readObject0@344
                      ;   {runtime_call UncommonTrapBlob}
  0x000000010d8e8934: 9399 c597 

  0x000000010d8e8938: ;   {other}
  0x000000010d8e8938: 1f20 03d5 | 1fa5 83f2 | 1f40 87f2 | ec0f 40b9 | ea23 40b9 | 4117 8012 | ec2b 0029 | f4cf 01a9 
  0x000000010d8e8958: eb33 00b9 

  0x000000010d8e895c: ; ImmutableOopMap {[16]=Oop [24]=Oop [64]=Oop }
                      ;*ifeq {reexecute=1 rethrow=0 return_oop=0}
                      ; - (reexecute) java.io.ObjectInputStream$BlockDataInputStream::readUTFBody@108
                      ; - java.io.ObjectInputStream$BlockDataInputStream::readUTF@6
                      ; - java.io.ObjectInputStream::readString@40
                      ; - java.io.ObjectInputStream::readObject0@344
                      ;   {runtime_call UncommonTrapBlob}
  0x000000010d8e895c: 8999 c597 

  0x000000010d8e8960: ;   {other}
  0x000000010d8e8960: 1f20 03d5 | 1faa 83f2 | 1f60 87f2 | ea0f 40b9 | ea03 00b9 | eb23 40b9 | ea17 40f9 | 4117 8012 
  0x000000010d8e8980: eb07 00b9 | ea13 00f9 | e033 00b9 

  0x000000010d8e898c: ; ImmutableOopMap {[16]=Oop [24]=Oop [64]=Oop }
                      ;*ifge {reexecute=1 rethrow=0 return_oop=0}
                      ; - (reexecute) java.io.ObjectInputStream$PeekInputStream::readFully@26
                      ; - java.io.ObjectInputStream$BlockDataInputStream::readUTFBody@181
                      ; - java.io.ObjectInputStream$BlockDataInputStream::readUTF@6
                      ; - java.io.ObjectInputStream::readString@40
                      ; - java.io.ObjectInputStream::readObject0@344
                      ;   {runtime_call UncommonTrapBlob}
  0x000000010d8e898c: 7d99 c597 

  0x000000010d8e8990: ;   {other}
  0x000000010d8e8990: 1f20 03d5 | 1fb0 83f2 | 1f80 87f2 | 8a2f 40f9 | 8b27 40f9 | bf3b 03d5 | 0c00 c039 | 4cc3 ff34 
  0x000000010d8e89b0: 1f00 0039 | ab01 00b5 | e103 1caa | c900 0010 

  0x000000010d8e89c0: ;   {runtime_call G1BarrierSetRuntime::write_ref_field_post_entry(unsigned char volatile*, JavaThread*)}
  0x000000010d8e89c0: 88ce 8ed2 | 482f a0f2 | 2800 c0f2 | ff27 bfa9 | 0001 3fd6 

  0x000000010d8e89d4: ;   {other}
  0x000000010d8e89d4: 1f20 03d5 | 1f00 80f2 | 1f00 80f2 | ff43 0091 | 0cfe ff17 | 6c21 00d1 | 4a01 0b8b | 4081 1ff8 
  0x000000010d8e89f4: 8c27 00f9 | 07fe ff17 | ec0f 40b9 | 4117 8012 | fd03 0eaa | ec03 00b9 | ea07 00f9 

  0x000000010d8e8a10: ; ImmutableOopMap {rfp=Oop [8]=Oop }
                      ;*if_acmpne {reexecute=1 rethrow=0 return_oop=0}
                      ; - (reexecute) java.io.ObjectInputStream::readObject0@477
                      ;   {runtime_call UncommonTrapBlob}
  0x000000010d8e8a10: 5c99 c597 

  0x000000010d8e8a14: ;   {other}
  0x000000010d8e8a14: 1f20 03d5 | 9fc0 83f2 | 1fa0 87f2 | 4117 8012 | e00f 00f9 

  0x000000010d8e8a28: ; ImmutableOopMap {[16]=Oop [24]=Oop }
                      ;*ifeq {reexecute=1 rethrow=0 return_oop=0}
                      ; - (reexecute) java.io.ObjectInputStream::checkResolve@4
                      ; - java.io.ObjectInputStream::readObject0@497
                      ;   {runtime_call UncommonTrapBlob}
  0x000000010d8e8a28: 5699 c597 

  0x000000010d8e8a2c: ;   {other}
  0x000000010d8e8a2c: 1f20 03d5 | 9fc3 83f2 | 1fc0 87f2 | 2101 8012 

  0x000000010d8e8a3c: ; ImmutableOopMap {rfp=Oop }
                      ;*invokevirtual setBlockDataMode {reexecute=0 rethrow=0 return_oop=0}
                      ; - java.io.ObjectInputStream::readObject0@467
                      ;   {runtime_call UncommonTrapBlob}
  0x000000010d8e8a3c: 5199 c597 

  0x000000010d8e8a40: ;   {other}
  0x000000010d8e8a40: 1f20 03d5 | 1fc6 83f2 | 1fe0 87f2 | 2101 8012 

  0x000000010d8e8a50: ; ImmutableOopMap {rfp=Oop }
                      ;*invokevirtual setBlockDataMode {reexecute=0 rethrow=0 return_oop=0}
                      ; - java.io.ObjectInputStream::readObject0@242
                      ;   {runtime_call UncommonTrapBlob}
  0x000000010d8e8a50: 4c99 c597 

  0x000000010d8e8a54: ;   {other}
  0x000000010d8e8a54: 1f20 03d5 | 9fc8 83f2 | 1f00 88f2 | 2101 8012 | fd0f 40b9 

  0x000000010d8e8a68: ; ImmutableOopMap {}
                      ;*invokevirtual setBlockDataMode {reexecute=0 rethrow=0 return_oop=0}
                      ; - java.io.ObjectInputStream::readObject0@209
                      ;   {runtime_call UncommonTrapBlob}
  0x000000010d8e8a68: 4699 c597 

  0x000000010d8e8a6c: ;   {other}
  0x000000010d8e8a6c: 1f20 03d5 | 9fcb 83f2 | 1f20 88f2 | 4117 8012 | fd03 0eaa | ea17 00b9 

  0x000000010d8e8a84: ; ImmutableOopMap {rfp=Oop [0]=Oop }
                      ;*tableswitch {reexecute=1 rethrow=0 return_oop=0}
                      ; - (reexecute) java.io.ObjectInputStream::readObject0@113
                      ;   {runtime_call UncommonTrapBlob}
  0x000000010d8e8a84: 3f99 c597 

  0x000000010d8e8a88: ;   {other}
  0x000000010d8e8a88: 1f20 03d5 | 1fcf 83f2 | 1f40 88f2 | ea03 0daa | 6b09 00d1 | 6821 00f1 | 4300 0054 

  0x000000010d8e8aa4: ;   {runtime_call StubRoutines (final stubs)}
  0x000000010d8e8aa4: 073a c597 | 6b00 1036 | 5f7d 81a8 | 5f7d 81a8 | 4b00 0836 | 5f7d 81a8 | 4b00 0036 | 5f01 00f9 
  0x000000010d8e8ac4: 4ffc ff17 | eb0f 40b9 | ea23 40b9 | 6106 8012 | eb2b 0029 | f713 00f9 | ec2b 00b9 | ee1b 00f9 
  0x000000010d8e8ae4: ; ImmutableOopMap {[16]=Oop [32]=Oop [48]=Oop }
                      ;*newarray {reexecute=1 rethrow=0 return_oop=0}
                      ; - (reexecute) java.util.Arrays::copyOfRangeByte@10
                      ; - java.util.Arrays::copyOfRange@13
                      ; - java.lang.String::<init>@32
                      ; - java.lang.String::<init>@3
                      ; - java.lang.StringBuilder::toString@5
                      ; - java.io.ObjectInputStream$BlockDataInputStream::readUTFBody@188
                      ; - java.io.ObjectInputStream$BlockDataInputStream::readUTF@6
                      ; - java.io.ObjectInputStream::readString@40
                      ; - java.io.ObjectInputStream::readObject0@344
                      ;   {runtime_call UncommonTrapBlob}
  0x000000010d8e8ae4: 2799 c597 

  0x000000010d8e8ae8: ;   {other}
  0x000000010d8e8ae8: 1f20 03d5 | 1fdb 83f2 | 1f60 88f2 | ec0f 40b9 | 4117 8012 | fd03 0eaa | ec03 00b9 | ea07 00f9 
  0x000000010d8e8b08: ; ImmutableOopMap {rfp=Oop [8]=Oop }
                      ;*if_acmpne {reexecute=1 rethrow=0 return_oop=0}
                      ; - (reexecute) java.io.ObjectInputStream::readObject0@427
                      ;   {runtime_call UncommonTrapBlob}
  0x000000010d8e8b08: 1e99 c597 

  0x000000010d8e8b0c: ;   {other}
  0x000000010d8e8b0c: 1f20 03d5 | 9fdf 83f2 | 1f80 88f2 | eb0f 40b9 | 4117 8012 | eb37 0029 

  0x000000010d8e8b24: ; ImmutableOopMap {[16]=Oop }
                      ;*ifge {reexecute=1 rethrow=0 return_oop=0}
                      ; - (reexecute) java.io.ObjectInputStream$BlockDataInputStream::readByte@6
                      ; - java.io.ObjectInputStream::readNull@4
                      ; - java.io.ObjectInputStream::readObject0@189
                      ;   {runtime_call UncommonTrapBlob}
  0x000000010d8e8b24: 1799 c597 

  0x000000010d8e8b28: ;   {other}
  0x000000010d8e8b28: 1f20 03d5 | 1fe3 83f2 | 1fa0 88f2 | 4117 8012 

  0x000000010d8e8b38: ; ImmutableOopMap {[16]=Oop }
                      ;*if_icmpeq {reexecute=1 rethrow=0 return_oop=0}
                      ; - (reexecute) java.io.ObjectInputStream::readNull@9
                      ; - java.io.ObjectInputStream::readObject0@189
                      ;   {runtime_call UncommonTrapBlob}
  0x000000010d8e8b38: 1299 c597 

  0x000000010d8e8b3c: ;   {other}
  0x000000010d8e8b3c: 1f20 03d5 | 9fe5 83f2 | 1fc0 88f2 | f703 40f9 | eb16 40b9 | 60f1 7dd3 | a0be ffb4 | 8a17 40f9 
  0x000000010d8e8b5c: ca1d 00b4 | 8b1f 40f9 | 4c21 00d1 | 6a01 0a8b | 4081 1ff8 | 8c17 00f9 | edfd ff17 | 8a27 40f9 
  0x000000010d8e8b7c: 8b2f 40f9 | bf3b 03d5 | 0d00 c039 | 0dbf ff34 | 1f00 0039 | aa01 00b5 | e103 1caa | c900 0010 
  0x000000010d8e8b9c: ;   {runtime_call G1BarrierSetRuntime::write_ref_field_post_entry(unsigned char volatile*, JavaThread*)}
  0x000000010d8e8b9c: 88ce 8ed2 | 482f a0f2 | 2800 c0f2 | ff27 bfa9 | 0001 3fd6 

  0x000000010d8e8bb0: ;   {other}
  0x000000010d8e8bb0: 1f20 03d5 | 1f00 80f2 | 1f00 80f2 | ff43 0091 | eafd ff17 | 4c21 00d1 | 6a01 0a8b | 4081 1ff8 
  0x000000010d8e8bd0: 8c27 00f9 | e5fd ff17 | 4117 8012 | e003 00f9 | ea0b 00b9 

  0x000000010d8e8be4: ; ImmutableOopMap {[0]=Oop }
                      ;*if_icmpge {reexecute=1 rethrow=0 return_oop=0}
                      ; - (reexecute) java.io.ObjectInputStream$BlockDataInputStream::setBlockDataMode@43
                      ; - java.io.ObjectInputStream::readObject0@517
                      ;   {runtime_call UncommonTrapBlob}
  0x000000010d8e8be4: e798 c597 

  0x000000010d8e8be8: ;   {other}
  0x000000010d8e8be8: 1f20 03d5 | 1ffb 83f2 | 1fe0 88f2 | eb17 00f9 | eb0f 40b9 | 4117 8012 | eb0b 00b9 | ea27 00b9 
  0x000000010d8e8c08: ; ImmutableOopMap {[16]=Oop [40]=Oop }
                      ;*iflt {reexecute=1 rethrow=0 return_oop=0}
                      ; - (reexecute) java.io.ObjectInputStream$PeekInputStream::read@33
                      ; - java.io.ObjectInputStream$BlockDataInputStream::read@58
                      ; - java.io.ObjectInputStream$BlockDataInputStream::readByte@1
                      ; - java.io.ObjectInputStream::readString@4
                      ; - java.io.ObjectInputStream::readObject0@344
                      ;   {runtime_call UncommonTrapBlob}
  0x000000010d8e8c08: de98 c597 

  0x000000010d8e8c0c: ;   {other}
  0x000000010d8e8c0c: 1f20 03d5 | 9fff 83f2 | 1f00 89f2 | ea0f 40b9 | eb23 40b9 | 4117 8012 | ea2f 0029 | f713 00f9 
  0x000000010d8e8c2c: ec2b 00b9 | ee1b 00f9 

  0x000000010d8e8c34: ; ImmutableOopMap {[16]=Oop [32]=Oop [48]=Oop }
                      ;*if_icmpge {reexecute=1 rethrow=0 return_oop=0}
                      ; - (reexecute) java.util.Arrays::checkLength@2
                      ; - java.util.Arrays::copyOfRangeByte@2
                      ; - java.util.Arrays::copyOfRange@13
                      ; - java.lang.String::<init>@32
                      ; - java.lang.String::<init>@3
                      ; - java.lang.StringBuilder::toString@5
                      ; - java.io.ObjectInputStream$BlockDataInputStream::readUTFBody@188
                      ; - java.io.ObjectInputStream$BlockDataInputStream::readUTF@6
                      ; - java.io.ObjectInputStream::readString@40
                      ; - java.io.ObjectInputStream::readObject0@344
                      ;   {runtime_call UncommonTrapBlob}
  0x000000010d8e8c34: d398 c597 

  0x000000010d8e8c38: ;   {other}
  0x000000010d8e8c38: 1f20 03d5 | 1f05 84f2 | 1f20 89f2 | f403 00f9 | f50b 00b9 | f30f 00f9 | fd03 162a 

  0x000000010d8e8c54: ;   {metadata('java/lang/StringBuilder')}
  0x000000010d8e8c54: 012d 85d2 | a100 a0f2 | 0101 c0f2 

  0x000000010d8e8c60: ; ImmutableOopMap {[0]=Oop [16]=Oop }
                      ;*new {reexecute=0 rethrow=0 return_oop=1}
                      ; - java.io.ObjectInputStream$BlockDataInputStream::readUTFBody@36
                      ; - java.io.ObjectInputStream$BlockDataInputStream::readUTF@6
                      ; - java.io.ObjectInputStream::readString@40
                      ; - java.io.ObjectInputStream::readObject0@344
                      ;   {runtime_call _new_instance_Java}
  0x000000010d8e8c60: 887a c897 

  0x000000010d8e8c64: ;   {other}
  0x000000010d8e8c64: 1f20 03d5 | 9f0a 84f2 | 1f40 89f2 | f603 1d2a | f403 40f9 | f50b 40b9 | f30f 40f9 | f703 00aa 
  0x000000010d8e8c84: 41fd ff17 | f403 00f9 | f50b 00b9 | f30f 00f9 | f717 00f9 | fd03 162a 

  0x000000010d8e8c9c: ;   {metadata({type array byte})}
  0x000000010d8e8c9c: 014a 81d2 | 8100 a0f2 | 0101 c0f2 

  0x000000010d8e8ca8: ; ImmutableOopMap {[0]=Oop [16]=Oop [40]=Oop }
                      ;*newarray {reexecute=0 rethrow=0 return_oop=1}
                      ; - java.lang.AbstractStringBuilder::<init>@12
                      ; - java.lang.StringBuilder::<init>@3
                      ; - java.io.ObjectInputStream$BlockDataInputStream::readUTFBody@40
                      ; - java.io.ObjectInputStream$BlockDataInputStream::readUTF@6
                      ; - java.io.ObjectInputStream::readString@40
                      ; - java.io.ObjectInputStream::readObject0@344
                      ;   {runtime_call _new_array_Java}
  0x000000010d8e8ca8: 9689 c897 

  0x000000010d8e8cac: ;   {other}
  0x000000010d8e8cac: 1f20 03d5 | 9f13 84f2 | 1f60 89f2 | f603 1d2a | f403 40f9 | f50b 40b9 | f30f 40f9 | f717 40f9 
  0x000000010d8e8ccc: 42fd ff17 | 4117 8012 | fd03 0eaa | ea17 00b9 

  0x000000010d8e8cdc: ; ImmutableOopMap {rfp=Oop [0]=Oop }
                      ;*tableswitch {reexecute=1 rethrow=0 return_oop=0}
                      ; - (reexecute) java.io.ObjectInputStream::readObject0@113
                      ;   {runtime_call UncommonTrapBlob}
  0x000000010d8e8cdc: a998 c597 

  0x000000010d8e8ce0: ;   {other}
  0x000000010d8e8ce0: 1f20 03d5 | 1f1a 84f2 | 1f80 89f2 | 2101 8012 

  0x000000010d8e8cf0: ; ImmutableOopMap {rfp=Oop }
                      ;*invokevirtual setBlockDataMode {reexecute=0 rethrow=0 return_oop=0}
                      ; - java.io.ObjectInputStream::readObject0@417
                      ;   {runtime_call UncommonTrapBlob}
  0x000000010d8e8cf0: a498 c597 

  0x000000010d8e8cf4: ;   {other}
  0x000000010d8e8cf4: 1f20 03d5 | 9f1c 84f2 | 1fa0 89f2 | f703 40f9 | ea16 40b9 | 40f1 7dd3 | 80c1 ffb4 | 8a17 40f9 
  0x000000010d8e8d14: 8a11 00b4 | 8b1f 40f9 | 4c21 00d1 | 6a01 0a8b | 4081 1ff8 | 8c17 00f9 | 04fe ff17 | 8a2f 40f9 
  0x000000010d8e8d34: 8b27 40f9 | bf3b 03d5 | 0d00 c039 | 0dc2 ff34 | 1f00 0039 | ab01 00b5 | e103 1caa | c900 0010 
  0x000000010d8e8d54: ;   {runtime_call G1BarrierSetRuntime::write_ref_field_post_entry(unsigned char volatile*, JavaThread*)}
  0x000000010d8e8d54: 88ce 8ed2 | 482f a0f2 | 2800 c0f2 | ff27 bfa9 | 0001 3fd6 

  0x000000010d8e8d68: ;   {other}
  0x000000010d8e8d68: 1f20 03d5 | 1f00 80f2 | 1f00 80f2 | ff43 0091 | 02fe ff17 | 6c21 00d1 | 4a01 0b8b | 4081 1ff8 
  0x000000010d8e8d88: 8c27 00f9 | fdfd ff17 | ea0f 40b9 | 2107 8012 | ea03 00b9 | ee07 00f9 | ed0f 00f9 | ec17 00f9 
  0x000000010d8e8da8: ; ImmutableOopMap {[8]=Oop [16]=Oop [24]=Oop [40]=Oop }
                      ;*invokevirtual read {reexecute=0 rethrow=0 return_oop=0}
                      ; - java.io.ObjectInputStream$PeekInputStream::read@23
                      ; - java.io.ObjectInputStream$BlockDataInputStream::read@58
                      ; - java.io.ObjectInputStream$BlockDataInputStream::readByte@1
                      ; - java.io.ObjectInputStream::readString@4
                      ; - java.io.ObjectInputStream::readObject0@344
                      ;   {runtime_call UncommonTrapBlob}
  0x000000010d8e8da8: 7698 c597 

  0x000000010d8e8dac: ;   {other}
  0x000000010d8e8dac: 1f20 03d5 | 9f33 84f2 | 1fc0 89f2 | eb0f 40b9 | 4117 8012 | fd03 0eaa | eb03 00b9 | ea07 00f9 
  0x000000010d8e8dcc: ; ImmutableOopMap {rfp=Oop [8]=Oop }
                      ;*if_acmpne {reexecute=1 rethrow=0 return_oop=0}
                      ; - (reexecute) java.io.ObjectInputStream::readObject0@377
                      ;   {runtime_call UncommonTrapBlob}
  0x000000010d8e8dcc: 6d98 c597 

  0x000000010d8e8dd0: ;   {other}
  0x000000010d8e8dd0: 1f20 03d5 | 1f38 84f2 | 1fe0 89f2 | eb0f 00f9 | ea23 00b9 | 4117 8012 

  0x000000010d8e8de8: ; ImmutableOopMap {[0]=Oop [24]=Oop }
                      ;*iflt {reexecute=1 rethrow=0 return_oop=0}
                      ; - (reexecute) java.io.ObjectInputStream$PeekInputStream::read@33
                      ; - java.io.ObjectInputStream$BlockDataInputStream::read@58
                      ; - java.io.ObjectInputStream$BlockDataInputStream::readByte@1
                      ; - java.io.ObjectInputStream::readNull@4
                      ; - java.io.ObjectInputStream::readObject0@189
                      ;   {runtime_call UncommonTrapBlob}
  0x000000010d8e8de8: 6698 c597 

  0x000000010d8e8dec: ;   {other}
  0x000000010d8e8dec: 1f20 03d5 | 9f3b 84f2 | 1f00 8af2 | eb0f 40b9 | eb0b 00b9 | ec23 40b9 | eb23 40f9 | 6106 8012 
  0x000000010d8e8e0c: ec0f 00b9 | f44f 02a9 | eb1b 00f9 | ead7 0729 

  0x000000010d8e8e1c: ; ImmutableOopMap {rfp=Oop [16]=Oop [32]=Oop [48]=Oop }
                      ;*invokestatic arraycopy {reexecute=0 rethrow=0 return_oop=0}
                      ; - java.io.ObjectInputStream$BlockDataInputStream::readUTFBody@144
                      ; - java.io.ObjectInputStream$BlockDataInputStream::readUTF@6
                      ; - java.io.ObjectInputStream::readString@40
                      ; - java.io.ObjectInputStream::readObject0@344
                      ;   {runtime_call UncommonTrapBlob}
  0x000000010d8e8e1c: 5998 c597 

  0x000000010d8e8e20: ;   {other}
  0x000000010d8e8e20: 1f20 03d5 | 1f42 84f2 | 1f20 8af2 | 2145 8052 | fd03 0eaa 

  0x000000010d8e8e34: ; ImmutableOopMap {rfp=Oop }
                      ;*new {reexecute=0 rethrow=0 return_oop=0}
                      ; - java.io.ObjectInputStream::readObject0@255
                      ;   {runtime_call UncommonTrapBlob}
  0x000000010d8e8e34: 5398 c597 

  0x000000010d8e8e38: ;   {other}
  0x000000010d8e8e38: 1f20 03d5 | 1f45 84f2 | 1f40 8af2 | 2101 8012 

  0x000000010d8e8e48: ; ImmutableOopMap {rfp=Oop }
                      ;*invokevirtual setBlockDataMode {reexecute=0 rethrow=0 return_oop=0}
                      ; - java.io.ObjectInputStream::readObject0@288
                      ;   {runtime_call UncommonTrapBlob}
  0x000000010d8e8e48: 4e98 c597 

  0x000000010d8e8e4c: ;   {other}
  0x000000010d8e8e4c: 1f20 03d5 | 9f47 84f2 | 1f60 8af2 | 4117 8012 | fd03 0eaa | ea17 00b9 

  0x000000010d8e8e64: ; ImmutableOopMap {rfp=Oop [0]=Oop }
                      ;*tableswitch {reexecute=1 rethrow=0 return_oop=0}
                      ; - (reexecute) java.io.ObjectInputStream::readObject0@113
                      ;   {runtime_call UncommonTrapBlob}
  0x000000010d8e8e64: 4798 c597 

  0x000000010d8e8e68: ;   {other}
  0x000000010d8e8e68: 1f20 03d5 | 1f4b 84f2 | 1f80 8af2 | 4117 8012 | fd03 0eaa | ea17 00b9 

  0x000000010d8e8e80: ; ImmutableOopMap {rfp=Oop [0]=Oop }
                      ;*tableswitch {reexecute=1 rethrow=0 return_oop=0}
                      ; - (reexecute) java.io.ObjectInputStream::readObject0@113
                      ;   {runtime_call UncommonTrapBlob}
  0x000000010d8e8e80: 4098 c597 

  0x000000010d8e8e84: ;   {other}
  0x000000010d8e8e84: 1f20 03d5 | 9f4e 84f2 | 1fa0 8af2 | eb0f 40b9 | 2107 8012 | eb03 00b9 | ee07 00f9 | ecb7 01a9 
  0x000000010d8e8ea4: ; ImmutableOopMap {[8]=Oop [16]=Oop [24]=Oop [32]=Oop }
                      ;*invokevirtual read {reexecute=0 rethrow=0 return_oop=0}
                      ; - java.io.ObjectInputStream$PeekInputStream::read@23
                      ; - java.io.ObjectInputStream$BlockDataInputStream::read@58
                      ; - java.io.ObjectInputStream$BlockDataInputStream::readByte@1
                      ; - java.io.ObjectInputStream::readNull@4
                      ; - java.io.ObjectInputStream::readObject0@189
                      ;   {runtime_call UncommonTrapBlob}
  0x000000010d8e8ea4: 3798 c597 

  0x000000010d8e8ea8: ;   {other}
  0x000000010d8e8ea8: 1f20 03d5 | 1f53 84f2 | 1fc0 8af2 | eb0f 40b9 | 6103 8012 | e80b 40f9 | e803 00f9 | eb0b 00b9 
  0x000000010d8e8ec8: ee27 00b9 

  0x000000010d8e8ecc: ; ImmutableOopMap {rfp=Oop [0]=Oop }
                      ;*baload {reexecute=0 rethrow=0 return_oop=0}
                      ; - java.io.ObjectInputStream$BlockDataInputStream::read@44
                      ; - java.io.ObjectInputStream$BlockDataInputStream::readByte@1
                      ; - java.io.ObjectInputStream::readString@4
                      ; - java.io.ObjectInputStream::readObject0@344
                      ;   {runtime_call UncommonTrapBlob}
  0x000000010d8e8ecc: 2d98 c597 

  0x000000010d8e8ed0: ;   {other}
  0x000000010d8e8ed0: 1f20 03d5 | 1f58 84f2 | 1fe0 8af2 | eb0f 40b9 | 2101 8012 | fd0b 40f9 | eb03 00b9 

  0x000000010d8e8eec: ; ImmutableOopMap {rfp=Oop }
                      ;*invokevirtual readUnsignedShort {reexecute=0 rethrow=0 return_oop=0}
                      ; - java.io.ObjectInputStream$BlockDataInputStream::readUnsignedShort@45
                      ; - java.io.ObjectInputStream$BlockDataInputStream::readUTF@2
                      ; - java.io.ObjectInputStream::readString@40
                      ; - java.io.ObjectInputStream::readObject0@344
                      ;   {runtime_call UncommonTrapBlob}
  0x000000010d8e8eec: 2598 c597 

  0x000000010d8e8ef0: ;   {other}
  0x000000010d8e8ef0: 1f20 03d5 | 1f5c 84f2 | 1f00 8bf2 | ee1b 00b9 | 6103 8012 

  0x000000010d8e8f04: ; ImmutableOopMap {rfp=Oop [16]=Oop }
                      ;*baload {reexecute=0 rethrow=0 return_oop=0}
                      ; - java.io.ObjectInputStream$BlockDataInputStream::read@44
                      ; - java.io.ObjectInputStream$BlockDataInputStream::readByte@1
                      ; - java.io.ObjectInputStream::readNull@4
                      ; - java.io.ObjectInputStream::readObject0@189
                      ;   {runtime_call UncommonTrapBlob}
  0x000000010d8e8f04: 1f98 c597 

  0x000000010d8e8f08: ;   {other}
  0x000000010d8e8f08: 1f20 03d5 | 1f5f 84f2 | 1f20 8bf2 | e103 1caa | c900 0010 

  0x000000010d8e8f1c: ;   {runtime_call G1BarrierSetRuntime::write_ref_field_pre_entry(oopDesc*, JavaThread*)}
  0x000000010d8e8f1c: 88c9 8ed2 | 482f a0f2 | 2800 c0f2 | ff27 bfa9 | 0001 3fd6 

  0x000000010d8e8f30: ;   {other}
  0x000000010d8e8f30: 1f20 03d5 | 1f00 80f2 | 1f00 80f2 | ff43 0091 | fafc ff17 | e103 1caa | c900 0010 

  0x000000010d8e8f4c: ;   {runtime_call G1BarrierSetRuntime::write_ref_field_pre_entry(oopDesc*, JavaThread*)}
  0x000000010d8e8f4c: 88c9 8ed2 | 482f a0f2 | 2800 c0f2 | ff27 bfa9 | 0001 3fd6 

  0x000000010d8e8f60: ;   {other}
  0x000000010d8e8f60: 1f20 03d5 | 1f00 80f2 | 1f00 80f2 | ff43 0091 | 73fd ff17 | 2101 8012 | fd03 0caa 

  0x000000010d8e8f7c: ; ImmutableOopMap {rfp=Oop [0]=Oop }
                      ;*invokevirtual getBlockDataMode {reexecute=0 rethrow=0 return_oop=0}
                      ; - java.io.ObjectInputStream::readObject0@4
                      ;   {runtime_call UncommonTrapBlob}
  0x000000010d8e8f7c: 0198 c597 

  0x000000010d8e8f80: ;   {other}
  0x000000010d8e8f80: 1f20 03d5 | 1f6e 84f2 | 1f40 8bf2 | ea0f 40b9 | 2101 8012 | ea03 00b9 | ee07 00f9 

  0x000000010d8e8f9c: ; ImmutableOopMap {[8]=Oop [16]=Oop }
                      ;*invokevirtual readByte {reexecute=0 rethrow=0 return_oop=0}
                      ; - java.io.ObjectInputStream::readString@4
                      ; - java.io.ObjectInputStream::readObject0@344
                      ;   {runtime_call UncommonTrapBlob}
  0x000000010d8e8f9c: f997 c597 

  0x000000010d8e8fa0: ;   {other}
  0x000000010d8e8fa0: 1f20 03d5 | 1f72 84f2 | 1f60 8bf2 | eb0f 40b9 | 2101 8012 | fd0b 40f9 | eb03 00b9 

  0x000000010d8e8fbc: ; ImmutableOopMap {rfp=Oop }
                      ;*invokevirtual readUTF {reexecute=0 rethrow=0 return_oop=0}
                      ; - java.io.ObjectInputStream::readString@40
                      ; - java.io.ObjectInputStream::readObject0@344
                      ;   {runtime_call UncommonTrapBlob}
  0x000000010d8e8fbc: f197 c597 

  0x000000010d8e8fc0: ;   {other}
  0x000000010d8e8fc0: 1f20 03d5 | 1f76 84f2 | 1f80 8bf2 | ea0f 40b9 | e80b 40f9 | e807 00f9 | 2101 8012 | ea03 00b9 
  0x000000010d8e8fe0: f70b 00f9 

  0x000000010d8e8fe4: ; ImmutableOopMap {[8]=Oop [16]=Oop }
                      ;*invokevirtual assign {reexecute=0 rethrow=0 return_oop=0}
                      ; - java.io.ObjectInputStream::readString@98
                      ; - java.io.ObjectInputStream::readObject0@344
                      ;   {runtime_call UncommonTrapBlob}
  0x000000010d8e8fe4: e797 c597 

  0x000000010d8e8fe8: ;   {other}
  0x000000010d8e8fe8: 1f20 03d5 | 1f7b 84f2 | 1fa0 8bf2 | ea0f 40b9 | 2101 8012 | ea03 00b9 

  0x000000010d8e9000: ; ImmutableOopMap {[16]=Oop }
                      ;*arraylength {reexecute=0 rethrow=0 return_oop=0}
                      ; - java.io.ObjectInputStream$HandleTable::assign@8
                      ; - java.io.ObjectInputStream::readString@98
                      ; - java.io.ObjectInputStream::readObject0@344
                      ;   {runtime_call UncommonTrapBlob}
  0x000000010d8e9000: e097 c597 

  0x000000010d8e9004: ;   {other}
  0x000000010d8e9004: 1f20 03d5 | 9f7e 84f2 | 1fc0 8bf2 | ea0f 40b9 | 2101 8012 | ea63 0029 

  0x000000010d8e901c: ; ImmutableOopMap {[16]=Oop }
                      ;*bastore {reexecute=0 rethrow=0 return_oop=0}
                      ; - java.io.ObjectInputStream$HandleTable::assign@25
                      ; - java.io.ObjectInputStream::readString@98
                      ; - java.io.ObjectInputStream::readObject0@344
                      ;   {runtime_call UncommonTrapBlob}
  0x000000010d8e901c: d997 c597 

  0x000000010d8e9020: ;   {other}
  0x000000010d8e9020: 1f20 03d5 | 1f82 84f2 | 1fe0 8bf2 | ea0f 40b9 | e80b 40f9 | e807 00f9 | 2101 8012 | ea63 0029 
  0x000000010d8e9040: f70b 00f9 

  0x000000010d8e9044: ; ImmutableOopMap {[8]=Oop [16]=Oop }
                      ;*aastore {reexecute=1 rethrow=0 return_oop=0}
                      ; - (reexecute) java.io.ObjectInputStream$HandleTable::assign@35
                      ; - java.io.ObjectInputStream::readString@98
                      ; - java.io.ObjectInputStream::readObject0@344
                      ;   {runtime_call UncommonTrapBlob}
  0x000000010d8e9044: cf97 c597 

  0x000000010d8e9048: ;   {other}
  0x000000010d8e9048: 1f20 03d5 | 1f87 84f2 | 1f00 8cf2 | ea0f 40b9 | 2101 8012 | ea63 0029 

  0x000000010d8e9060: ; ImmutableOopMap {[16]=Oop }
                      ;*invokevirtual finish {reexecute=0 rethrow=0 return_oop=0}
                      ; - java.io.ObjectInputStream::readString@112
                      ; - java.io.ObjectInputStream::readObject0@344
                      ;   {runtime_call UncommonTrapBlob}
  0x000000010d8e9060: c897 c597 

  0x000000010d8e9064: ;   {other}
  0x000000010d8e9064: 1f20 03d5 | 9f8a 84f2 | 1f20 8cf2 | 2101 8012 | fd03 17aa 

  0x000000010d8e9078: ; ImmutableOopMap {rfp=Oop }
                      ;*invokevirtual setBlockDataMode {reexecute=0 rethrow=0 return_oop=0}
                      ; - java.io.ObjectInputStream::readObject0@367
                      ;   {runtime_call UncommonTrapBlob}
  0x000000010d8e9078: c297 c597 

  0x000000010d8e907c: ;   {other}
  0x000000010d8e907c: 1f20 03d5 | 9f8d 84f2 | 1f40 8cf2 | eb0f 40b9 | 2101 8012 | eb03 00b9 

  0x000000010d8e9094: ; ImmutableOopMap {[16]=Oop }
                      ;*arraylength {reexecute=0 rethrow=0 return_oop=0}
                      ; - java.util.Arrays::copyOfRange@6
                      ; - java.lang.String::<init>@32
                      ; - java.lang.String::<init>@3
                      ; - java.lang.StringBuilder::toString@5
                      ; - java.io.ObjectInputStream$BlockDataInputStream::readUTFBody@188
                      ; - java.io.ObjectInputStream$BlockDataInputStream::readUTF@6
                      ; - java.io.ObjectInputStream::readString@40
                      ; - java.io.ObjectInputStream::readObject0@344
                      ;   {runtime_call UncommonTrapBlob}
  0x000000010d8e9094: bb97 c597 

  0x000000010d8e9098: ;   {other}
  0x000000010d8e9098: 1f20 03d5 | 1f91 84f2 | 1f60 8cf2 | eb0f 40b9 | 2114 8012 | fd0b 40f9 | eb03 00b9 

  0x000000010d8e90b4: ; ImmutableOopMap {rfp=Oop }
                      ;*arraylength {reexecute=0 rethrow=0 return_oop=0}
                      ; - java.lang.invoke.VarHandleByteArrayAsShorts$ArrayHandle::index@2
                      ; - java.lang.invoke.VarHandleByteArrayAsShorts$ArrayHandle::get@19
                      ; - java.lang.invoke.VarHandleGuards::guard_LI_I@45
                      ; - jdk.internal.util.ByteArray::getShort@5
                      ; - java.io.ObjectInputStream$BlockDataInputStream::readUnsignedShort@57
                      ; - java.io.ObjectInputStream$BlockDataInputStream::readUTF@2
                      ; - java.io.ObjectInputStream::readString@40
                      ; - java.io.ObjectInputStream::readObject0@344
                      ;   {runtime_call UncommonTrapBlob}
  0x000000010d8e90b4: b397 c597 

  0x000000010d8e90b8: ;   {other}
  0x000000010d8e90b8: 1f20 03d5 | 1f95 84f2 | 1f80 8cf2 | eb0f 40b9 | 2101 8012 | eb03 00b9 | ee07 00f9 

  0x000000010d8e90d4: ; ImmutableOopMap {[8]=Oop [16]=Oop }
                      ;*invokevirtual read {reexecute=0 rethrow=0 return_oop=0}
                      ; - java.io.ObjectInputStream$BlockDataInputStream::read@58
                      ; - java.io.ObjectInputStream$BlockDataInputStream::readByte@1
                      ; - java.io.ObjectInputStream::readString@4
                      ; - java.io.ObjectInputStream::readObject0@344
                      ;   {runtime_call UncommonTrapBlob}
  0x000000010d8e90d4: ab97 c597 

  0x000000010d8e90d8: ;   {other}
  0x000000010d8e90d8: 1f20 03d5 | 1f99 84f2 | 1fa0 8cf2 | 2101 8012 | fd03 00aa 

  0x000000010d8e90ec: ; ImmutableOopMap {rfp=Oop }
                      ;*invokevirtual setBlockDataMode {reexecute=0 rethrow=0 return_oop=0}
                      ; - java.io.ObjectInputStream::readObject0@517
                      ;   {runtime_call UncommonTrapBlob}
  0x000000010d8e90ec: a597 c597 

  0x000000010d8e90f0: ;   {other}
  0x000000010d8e90f0: 1f20 03d5 | 1f9c 84f2 | 1fc0 8cf2 | 2101 8012 | fd03 0baa 

  0x000000010d8e9104: ; ImmutableOopMap {rfp=Oop [24]=Oop }
                      ;*invokevirtual cast {reexecute=0 rethrow=0 return_oop=0}
                      ; - java.io.ObjectInputStream::readObject0@222
                      ;   {runtime_call UncommonTrapBlob}
  0x000000010d8e9104: 9f97 c597 

  0x000000010d8e9108: ;   {other}
  0x000000010d8e9108: 1f20 03d5 | 1f9f 84f2 | 1fe0 8cf2 | 2101 8012 | fd03 0eaa 

  0x000000010d8e911c: ; ImmutableOopMap {rfp=Oop }
                      ;*invokevirtual readByte {reexecute=0 rethrow=0 return_oop=0}
                      ; - java.io.ObjectInputStream::readNull@4
                      ; - java.io.ObjectInputStream::readObject0@189
                      ;   {runtime_call UncommonTrapBlob}
  0x000000010d8e911c: 9997 c597 

  0x000000010d8e9120: ;   {other}
  0x000000010d8e9120: 1f20 03d5 | 1fa2 84f2 | 1f00 8df2 | 2101 8012 | fd03 0eaa 

  0x000000010d8e9134: ; ImmutableOopMap {rfp=Oop }
                      ;*invokevirtual read {reexecute=0 rethrow=0 return_oop=0}
                      ; - java.io.ObjectInputStream$BlockDataInputStream::read@58
                      ; - java.io.ObjectInputStream$BlockDataInputStream::readByte@1
                      ; - java.io.ObjectInputStream::readNull@4
                      ; - java.io.ObjectInputStream::readObject0@189
                      ;   {runtime_call UncommonTrapBlob}
  0x000000010d8e9134: 9397 c597 

  0x000000010d8e9138: ;   {other}
  0x000000010d8e9138: 1f20 03d5 | 1fa5 84f2 | 1f20 8df2 | eb0f 40b9 | 2101 8012 | eb03 00b9 | ee07 00f9 

  0x000000010d8e9154: ; ImmutableOopMap {[8]=Oop [16]=Oop }
                      ;*invokevirtual read {reexecute=0 rethrow=0 return_oop=0}
                      ; - java.io.ObjectInputStream$PeekInputStream::read@23
                      ; - java.io.ObjectInputStream$BlockDataInputStream::read@58
                      ; - java.io.ObjectInputStream$BlockDataInputStream::readByte@1
                      ; - java.io.ObjectInputStream::readString@4
                      ; - java.io.ObjectInputStream::readObject0@344
                      ;   {runtime_call UncommonTrapBlob}
  0x000000010d8e9154: 8b97 c597 

  0x000000010d8e9158: ;   {other}
  0x000000010d8e9158: 1f20 03d5 | 1fa9 84f2 | 1f40 8df2 | 2101 8012 | fd03 0eaa 

  0x000000010d8e916c: ; ImmutableOopMap {rfp=Oop }
                      ;*invokevirtual read {reexecute=0 rethrow=0 return_oop=0}
                      ; - java.io.ObjectInputStream$PeekInputStream::read@23
                      ; - java.io.ObjectInputStream$BlockDataInputStream::read@58
                      ; - java.io.ObjectInputStream$BlockDataInputStream::readByte@1
                      ; - java.io.ObjectInputStream::readNull@4
                      ; - java.io.ObjectInputStream::readObject0@189
                      ;   {runtime_call UncommonTrapBlob}
  0x000000010d8e916c: 8597 c597 

  0x000000010d8e9170: ;   {other}
  0x000000010d8e9170: 1f20 03d5 | 1fac 84f2 | 1f60 8df2 | eb0f 40b9 | e80b 40f9 | e807 00f9 | 2101 8012 | eb2b 0029 
  0x000000010d8e9190: f513 00b9 

  0x000000010d8e9194: ; ImmutableOopMap {[8]=Oop }
                      ;*invokestatic arraycopy {reexecute=0 rethrow=0 return_oop=0}
                      ; - java.io.ObjectInputStream$BlockDataInputStream::readUTFBody@144
                      ; - java.io.ObjectInputStream$BlockDataInputStream::readUTF@6
                      ; - java.io.ObjectInputStream::readString@40
                      ; - java.io.ObjectInputStream::readObject0@344
                      ;   {runtime_call UncommonTrapBlob}
  0x000000010d8e9194: 7b97 c597 

  0x000000010d8e9198: ;   {other}
  0x000000010d8e9198: 1f20 03d5 | 1fb1 84f2 | 1f80 8df2 | ea0f 40b9 | eb23 40b9 | 010d 8012 | ea2f 0029 

  0x000000010d8e91b4: ; ImmutableOopMap {[16]=Oop [24]=Oop [40]=Oop }
                      ;*invokevirtual clone {reexecute=1 rethrow=0 return_oop=0}
                      ; - (reexecute) java.util.Arrays::copyOfRange@18
                      ; - java.lang.String::<init>@32
                      ; - java.lang.String::<init>@3
                      ; - java.lang.StringBuilder::toString@5
                      ; - java.io.ObjectInputStream$BlockDataInputStream::readUTFBody@188
                      ; - java.io.ObjectInputStream$BlockDataInputStream::readUTF@6
                      ; - java.io.ObjectInputStream::readString@40
                      ; - java.io.ObjectInputStream::readObject0@344
                      ;   {runtime_call UncommonTrapBlob}
  0x000000010d8e91b4: 7397 c597 

  0x000000010d8e91b8: ;   {other}
  0x000000010d8e91b8: 1f20 03d5 | 1fb5 84f2 | 1fa0 8df2 | ea0f 40b9 | 2101 8012 | fd0b 40f9 | ea3b 0029 

  0x000000010d8e91d4: ; ImmutableOopMap {rfp=Oop }
                      ;*baload {reexecute=0 rethrow=0 return_oop=0}
                      ; - java.io.ObjectInputStream$BlockDataInputStream::read@44
                      ; - java.io.ObjectInputStream$BlockDataInputStream::readByte@1
                      ; - java.io.ObjectInputStream::readString@4
                      ; - java.io.ObjectInputStream::readObject0@344
                      ;   {runtime_call UncommonTrapBlob}
  0x000000010d8e91d4: 6b97 c597 

  0x000000010d8e91d8: ;   {other}
  0x000000010d8e91d8: 1f20 03d5 | 1fb9 84f2 | 1fc0 8df2 | ee07 00b9 | 2101 8012 | fd0b 40f9 

  0x000000010d8e91f0: ; ImmutableOopMap {rfp=Oop }
                      ;*baload {reexecute=0 rethrow=0 return_oop=0}
                      ; - java.io.ObjectInputStream$BlockDataInputStream::read@44
                      ; - java.io.ObjectInputStream$BlockDataInputStream::readByte@1
                      ; - java.io.ObjectInputStream::readNull@4
                      ; - java.io.ObjectInputStream::readObject0@189
                      ;   {runtime_call UncommonTrapBlob}
  0x000000010d8e91f0: 6497 c597 

  0x000000010d8e91f4: ;   {other}
  0x000000010d8e91f4: 1f20 03d5 | 9fbc 84f2 | 1fe0 8df2 | fd03 00aa | 8400 0014 | fd03 00aa | 8200 0014 | fd03 00aa 
  0x000000010d8e9214: 8000 0014 | fd03 00aa | 7e00 0014 | 6900 0014 | 6800 0014 | fd03 00aa | 7a00 0014 | fd03 00aa 
  0x000000010d8e9234: 7800 0014 | fd03 00aa | 7600 0014 | fd03 00aa | 7400 0014 | 5f00 0014 | 5e00 0014 | 1600 0014 
  0x000000010d8e9254: e103 00aa | 6b00 0014 | 5a00 0014 | 5900 0014 | 5800 0014 | 5700 0014 | 5600 0014 | 5500 0014 
  0x000000010d8e9274: 0d00 0014 | e103 00aa | 6200 0014 | aa0f 40f9 | ab2b 40b9 | 4a05 00d1 | 6cf1 7dd3 | aa0f 00f9 
  0x000000010d8e9294: 6cfb ffb4 | fd03 00aa | 5100 0014 | 4900 0014 | 4800 0014 | eb03 40f9 | 6a0d 40f9 | 4a05 00d1 
  0x000000010d8e92b4: 6a0d 00f9 | 6b29 40b9 | 6bfa ff34 | fd03 00aa | 4700 0014 | e103 00aa | 4e00 0014 | aa0f 40f9 
  0x000000010d8e92d4: ab2b 40b9 | 4a05 00d1 | 6cf1 7dd3 | aa0f 00f9 | 6cf9 ffb4 | fd03 00aa | 3d00 0014 | ea03 40f9 
  0x000000010d8e92f4: 4a0d 40f9 | 4a05 00d1 | eb03 40f9 | 6a0d 00f9 | 6b29 40b9 | 8bf8 ff34 | fd03 00aa | 3400 0014 
  0x000000010d8e9314: 2c00 0014 | e103 00aa | 3a00 0014 | e103 00aa | 3800 0014 | ea0b 40f9 | 4a0d 40f9 | eb0b 40f9 
  0x000000010d8e9334: 6b29 40b9 | 4a05 00d1 | 6cf1 7dd3 | ed0b 40f9 | aa0d 00f9 | 0cf7 ffb4 | fd03 00aa | 2400 0014 
  0x000000010d8e9354: e103 00aa | 2b00 0014 | aa0f 40f9 | ab2b 40b9 | 4a05 00d1 | 6cf1 7dd3 | aa0f 00f9 | 0cf6 ffb4 
  0x000000010d8e9374: fd03 00aa | 1a00 0014 | aa0f 40f9 | 4a05 00d1 | ab2b 40b9 | aa0f 00f9 | 6bf5 ff34 | fd03 00aa 
  0x000000010d8e9394: 1300 0014 | ed0b 40f9 | aa0d 40f9 | ab29 40b9 | 4a05 00d1 | 6cf1 7dd3 | aa0d 00f9 | 8cf4 ffb4 
  0x000000010d8e93b4: fd03 00aa | 0a00 0014 | 0200 0014 | 0100 0014 | eb0b 40f9 | 6a0d 40f9 | 4a05 00d1 | 6a0d 00f9 
  0x000000010d8e93d4: 6b29 40b9 | cb01 0034 | fd03 00aa | 61f1 7dd3 | e20f 40b9 

  0x000000010d8e93e8: ; ImmutableOopMap {rfp=Oop }
                      ;*invokevirtual setBlockDataMode {reexecute=0 rethrow=0 return_oop=0}
                      ; - java.io.ObjectInputStream::readObject0@674
                      ;   {optimized virtual_call}
  0x000000010d8e93e8: 667b c597 

  0x000000010d8e93ec: ;   {other}
  0x000000010d8e93ec: 1f20 03d5 | 9ffb 84f2 | 1f00 8ef2 | e103 1daa | 0200 0014 | e103 00aa | fd7b 46a9 | ffc3 0191 
  0x000000010d8e940c: ;   {runtime_call _rethrow_Java}
  0x000000010d8e940c: 3d92 c817 | fd03 00aa | 2101 8012 

  0x000000010d8e9418: ; ImmutableOopMap {rfp=Oop }
                      ;*invokevirtual setBlockDataMode {reexecute=0 rethrow=0 return_oop=0}
                      ; - java.io.ObjectInputStream::readObject0@674
                      ;   {runtime_call UncommonTrapBlob}
  0x000000010d8e9418: da96 c597 

  0x000000010d8e941c: ;   {other}
  0x000000010d8e941c: 1f20 03d5 | 9f01 85f2 | 1f20 8ef2 

  0x000000010d8e9428: ;   {internal_word}
  0x000000010d8e9428: 681e ff10 | 8833 02f9 

  0x000000010d8e9430: ;   {runtime_call SafepointBlob}
  0x000000010d8e9430: 3495 c517 | 08c0 92d2 | 6894 a1f2 | 2800 c0f2 | 0001 3fd6 | 5cf7 ff17 

  0x000000010d8e9448: ;   {other}
  0x000000010d8e9448: 9300 0000 | 0000 0000 
[Stub Code]
  0x000000010d8e9450: ;   {no_reloc}
  0x000000010d8e9450: 4800 0058 | 0001 1fd6 | 50bb 690e | 0100 0000 

  0x000000010d8e9460: ;   {static_stub}
  0x000000010d8e9460: df3f 03d5 

  0x000000010d8e9464: ;   {metadata({method} {0x000000011ebe7660} 'peek' '()I' in 'java/io/ObjectInputStream$BlockDataInputStream')}
  0x000000010d8e9464: 0ccc 8ed2 | ccd7 a3f2 | 2c00 c0f2 | 886a 99d2 | 8894 a1f2 | 2800 c0f2 | 0001 1fd6 

  0x000000010d8e9480: ;   {trampoline_stub}
  0x000000010d8e9480: 4800 0058 | 0001 1fd6 | 9051 100d | 0100 0000 

  0x000000010d8e9490: ;   {static_stub}
  0x000000010d8e9490: df3f 03d5 

  0x000000010d8e9494: ;   {metadata({method} {0x000000011ebeb160} 'read' '([BII)I' in 'java/io/ObjectInputStream$PeekInputStream')}
  0x000000010d8e9494: 0c2c 96d2 | ccd7 a3f2 | 2c00 c0f2 | 884b 9ad2 | 6894 a1f2 | 2800 c0f2 | 0001 1fd6 

  0x000000010d8e94b0: ;   {trampoline_stub}
  0x000000010d8e94b0: 4800 0058 | 0001 1fd6 | 1038 780d | 0100 0000 

  0x000000010d8e94c0: ;   {trampoline_stub}
  0x000000010d8e94c0: 4800 0058 | 0001 1fd6 | 90d9 af0d | 0100 0000 

  0x000000010d8e94d0: ;   {trampoline_stub}
  0x000000010d8e94d0: 4800 0058 | 0001 1fd6 | 1014 420d | 0100 0000 

  0x000000010d8e94e0: ;   {static_stub}
  0x000000010d8e94e0: df3f 03d5 

  0x000000010d8e94e4: ;   {metadata(nullptr)}
  0x000000010d8e94e4: 0c00 80d2 | 0c00 a0f2 | 0c00 c0f2 | 0800 80d2 | 0800 a0f2 | 0800 c0f2 | 0001 1fd6 

  0x000000010d8e9500: ;   {trampoline_stub}
  0x000000010d8e9500: 4800 0058 | 0001 1fd6 | 1014 420d | 0100 0000 

  0x000000010d8e9510: ;   {static_stub}
  0x000000010d8e9510: df3f 03d5 

  0x000000010d8e9514: ;   {metadata(nullptr)}
  0x000000010d8e9514: 0c00 80d2 | 0c00 a0f2 | 0c00 c0f2 | 0800 80d2 | 0800 a0f2 | 0800 c0f2 | 0001 1fd6 

  0x000000010d8e9530: ;   {trampoline_stub}
  0x000000010d8e9530: 4800 0058 | 0001 1fd6 | d025 0d0f | 0100 0000 

  0x000000010d8e9540: ;   {trampoline_stub}
  0x000000010d8e9540: 4800 0058 | 0001 1fd6 | 1019 550d | 0100 0000 

  0x000000010d8e9550: ;   {trampoline_stub}
  0x000000010d8e9550: 4800 0058 | 0001 1fd6 | 1014 420d | 0100 0000 

  0x000000010d8e9560: ;   {static_stub}
  0x000000010d8e9560: df3f 03d5 

  0x000000010d8e9564: ;   {metadata(nullptr)}
  0x000000010d8e9564: 0c00 80d2 | 0c00 a0f2 | 0c00 c0f2 | 0800 80d2 | 0800 a0f2 | 0800 c0f2 | 0001 1fd6 

  0x000000010d8e9580: ;   {trampoline_stub}
  0x000000010d8e9580: 4800 0058 | 0001 1fd6 | 9022 210d | 0100 0000 

  0x000000010d8e9590: ;   {trampoline_stub}
  0x000000010d8e9590: 4800 0058 | 0001 1fd6 | 9051 100d | 0100 0000 

  0x000000010d8e95a0: ;   {static_stub}
  0x000000010d8e95a0: df3f 03d5 

  0x000000010d8e95a4: ;   {metadata({method} {0x000000011ebeb160} 'read' '([BII)I' in 'java/io/ObjectInputStream$PeekInputStream')}
  0x000000010d8e95a4: 0c2c 96d2 | ccd7 a3f2 | 2c00 c0f2 | 884b 9ad2 | 6894 a1f2 | 2800 c0f2 | 0001 1fd6 

  0x000000010d8e95c0: ;   {trampoline_stub}
  0x000000010d8e95c0: 4800 0058 | 0001 1fd6 | 8081 a40c | 0100 0000 

  0x000000010d8e95d0: ;   {static_stub}
  0x000000010d8e95d0: df3f 03d5 

  0x000000010d8e95d4: ;   {metadata(nullptr)}
  0x000000010d8e95d4: 0c00 80d2 | 0c00 a0f2 | 0c00 c0f2 | 0800 80d2 | 0800 a0f2 | 0800 c0f2 | 0001 1fd6 

  0x000000010d8e95f0: ;   {trampoline_stub}
  0x000000010d8e95f0: 4800 0058 | 0001 1fd6 | c010 e505 | 0100 0000 

  0x000000010d8e9600: ;   {trampoline_stub}
  0x000000010d8e9600: 4800 0058 | 0001 1fd6 | 1019 550d | 0100 0000 

  0x000000010d8e9610: ;   {trampoline_stub}
  0x000000010d8e9610: 4800 0058 | 0001 1fd6 | 1014 420d | 0100 0000 

  0x000000010d8e9620: ;   {static_stub}
  0x000000010d8e9620: df3f 03d5 

  0x000000010d8e9624: ;   {metadata(nullptr)}
  0x000000010d8e9624: 0c00 80d2 | 0c00 a0f2 | 0c00 c0f2 | 0800 80d2 | 0800 a0f2 | 0800 c0f2 | 0001 1fd6 

  0x000000010d8e9640: ;   {trampoline_stub}
  0x000000010d8e9640: 4800 0058 | 0001 1fd6 | 8081 a40c | 0100 0000 

  0x000000010d8e9650: ;   {static_stub}
  0x000000010d8e9650: df3f 03d5 

  0x000000010d8e9654: ;   {metadata(nullptr)}
  0x000000010d8e9654: 0c00 80d2 | 0c00 a0f2 | 0c00 c0f2 | 0800 80d2 | 0800 a0f2 | 0800 c0f2 | 0001 1fd6 

  0x000000010d8e9670: ;   {trampoline_stub}
  0x000000010d8e9670: 4800 0058 | 0001 1fd6 | 90d5 980e | 0100 0000 

  0x000000010d8e9680: ;   {trampoline_stub}
  0x000000010d8e9680: 4800 0058 | 0001 1fd6 | 8081 a40c | 0100 0000 

  0x000000010d8e9690: ;   {static_stub}
  0x000000010d8e9690: df3f 03d5 

  0x000000010d8e9694: ;   {metadata(nullptr)}
  0x000000010d8e9694: 0c00 80d2 | 0c00 a0f2 | 0c00 c0f2 | 0800 80d2 | 0800 a0f2 | 0800 c0f2 | 0001 1fd6 

  0x000000010d8e96b0: ;   {trampoline_stub}
  0x000000010d8e96b0: 4800 0058 | 0001 1fd6 | 4006 ef06 | 0100 0000 

  0x000000010d8e96c0: ;   {trampoline_stub}
  0x000000010d8e96c0: 4800 0058 | 0001 1fd6 | 1014 420d | 0100 0000 

  0x000000010d8e96d0: ;   {static_stub}
  0x000000010d8e96d0: df3f 03d5 

  0x000000010d8e96d4: ;   {metadata(nullptr)}
  0x000000010d8e96d4: 0c00 80d2 | 0c00 a0f2 | 0c00 c0f2 | 0800 80d2 | 0800 a0f2 | 0800 c0f2 | 0001 1fd6 

  0x000000010d8e96f0: ;   {trampoline_stub}
  0x000000010d8e96f0: 4800 0058 | 0001 1fd6 | 8081 a40c | 0100 0000 

  0x000000010d8e9700: ;   {static_stub}
  0x000000010d8e9700: df3f 03d5 

  0x000000010d8e9704: ;   {metadata(nullptr)}
  0x000000010d8e9704: 0c00 80d2 | 0c00 a0f2 | 0c00 c0f2 | 0800 80d2 | 0800 a0f2 | 0800 c0f2 | 0001 1fd6 

  0x000000010d8e9720: ;   {trampoline_stub}
  0x000000010d8e9720: 4800 0058 | 0001 1fd6 | 8081 a40c | 0100 0000 

  0x000000010d8e9730: ;   {trampoline_stub}
  0x000000010d8e9730: 4800 0058 | 0001 1fd6 | 8081 a40c | 0100 0000 

  0x000000010d8e9740: ;   {trampoline_stub}
  0x000000010d8e9740: 4800 0058 | 0001 1fd6 | 8087 a40c | 0100 0000 

  0x000000010d8e9750: ;   {trampoline_stub}
  0x000000010d8e9750: 4800 0058 | 0001 1fd6 | 8081 a40c | 0100 0000 

  0x000000010d8e9760: ;   {trampoline_stub}
  0x000000010d8e9760: 4800 0058 | 0001 1fd6 | 8087 a40c | 0100 0000 

  0x000000010d8e9770: ;   {trampoline_stub}
  0x000000010d8e9770: 4800 0058 | 0001 1fd6 | 8081 a40c | 0100 0000 

  0x000000010d8e9780: ;   {static_stub}
  0x000000010d8e9780: df3f 03d5 

  0x000000010d8e9784: ;   {metadata(nullptr)}
  0x000000010d8e9784: 0c00 80d2 | 0c00 a0f2 | 0c00 c0f2 | 0800 80d2 | 0800 a0f2 | 0800 c0f2 | 0001 1fd6 

  0x000000010d8e97a0: ;   {static_stub}
  0x000000010d8e97a0: df3f 03d5 

  0x000000010d8e97a4: ;   {metadata(nullptr)}
  0x000000010d8e97a4: 0c00 80d2 | 0c00 a0f2 | 0c00 c0f2 | 0800 80d2 | 0800 a0f2 | 0800 c0f2 | 0001 1fd6 

  0x000000010d8e97c0: ;   {static_stub}
  0x000000010d8e97c0: df3f 03d5 

  0x000000010d8e97c4: ;   {metadata(nullptr)}
  0x000000010d8e97c4: 0c00 80d2 | 0c00 a0f2 | 0c00 c0f2 | 0800 80d2 | 0800 a0f2 | 0800 c0f2 | 0001 1fd6 

  0x000000010d8e97e0: ;   {static_stub}
  0x000000010d8e97e0: df3f 03d5 

  0x000000010d8e97e4: ;   {metadata(nullptr)}
  0x000000010d8e97e4: 0c00 80d2 | 0c00 a0f2 | 0c00 c0f2 | 0800 80d2 | 0800 a0f2 | 0800 c0f2 | 0001 1fd6 

  0x000000010d8e9800: ;   {static_stub}
  0x000000010d8e9800: df3f 03d5 

  0x000000010d8e9804: ;   {metadata(nullptr)}
  0x000000010d8e9804: 0c00 80d2 | 0c00 a0f2 | 0c00 c0f2 | 0800 80d2 | 0800 a0f2 | 0800 c0f2 | 0001 1fd6 

  0x000000010d8e9820: ;   {static_stub}
  0x000000010d8e9820: df3f 03d5 

  0x000000010d8e9824: ;   {metadata(nullptr)}
  0x000000010d8e9824: 0c00 80d2 | 0c00 a0f2 | 0c00 c0f2 | 0800 80d2 | 0800 a0f2 | 0800 c0f2 | 0001 1fd6 

  0x000000010d8e9840: ;   {static_stub}
  0x000000010d8e9840: df3f 03d5 

  0x000000010d8e9844: ;   {metadata({method} {0x000000011c5c58b8} 'readArray' '(Z)Ljava/lang/Object;' in 'java/io/ObjectInputStream')}
  0x000000010d8e9844: 0c17 8bd2 | 8c8b a3f2 | 2c00 c0f2 | 084b 9ad2 | 8894 a1f2 | 2800 c0f2 | 0001 1fd6 

  0x000000010d8e9860: ;   {static_stub}
  0x000000010d8e9860: df3f 03d5 

  0x000000010d8e9864: ;   {metadata({method} {0x000000011c5c4cb0} 'readClass' '(Z)Ljava/lang/Class;' in 'java/io/ObjectInputStream')}
  0x000000010d8e9864: 0c96 89d2 | 8c8b a3f2 | 2c00 c0f2 | 084b 9ad2 | 8894 a1f2 | 2800 c0f2 | 0001 1fd6 

  0x000000010d8e9880: ;   {static_stub}
  0x000000010d8e9880: df3f 03d5 

  0x000000010d8e9884: ;   {metadata({method} {0x000000011c5c5ab0} 'readEnum' '(Z)Ljava/lang/Enum;' in 'java/io/ObjectInputStream')}
  0x000000010d8e9884: 0c56 8bd2 | 8c8b a3f2 | 2c00 c0f2 | 084b 9ad2 | 8894 a1f2 | 2800 c0f2 | 0001 1fd6 

  0x000000010d8e98a0: ;   {static_stub}
  0x000000010d8e98a0: df3f 03d5 

  0x000000010d8e98a4: ;   {metadata({method} {0x000000011ebecdd8} 'grow' '()V' in 'java/io/ObjectInputStream$HandleTable')}
  0x000000010d8e98a4: 0cbb 99d2 | ccd7 a3f2 | 2c00 c0f2 | 886a 99d2 | 8894 a1f2 | 2800 c0f2 | 0001 1fd6 

  0x000000010d8e98c0: ;   {static_stub}
  0x000000010d8e98c0: df3f 03d5 

  0x000000010d8e98c4: ;   {metadata(nullptr)}
  0x000000010d8e98c4: 0c00 80d2 | 0c00 a0f2 | 0c00 c0f2 | 0800 80d2 | 0800 a0f2 | 0800 c0f2 | 0001 1fd6 

  0x000000010d8e98e0: ;   {static_stub}
  0x000000010d8e98e0: df3f 03d5 

  0x000000010d8e98e4: ;   {metadata(nullptr)}
  0x000000010d8e98e4: 0c00 80d2 | 0c00 a0f2 | 0c00 c0f2 | 0800 80d2 | 0800 a0f2 | 0800 c0f2 | 0001 1fd6 

  0x000000010d8e9900: ;   {static_stub}
  0x000000010d8e9900: df3f 03d5 

  0x000000010d8e9904: ;   {metadata(nullptr)}
  0x000000010d8e9904: 0c00 80d2 | 0c00 a0f2 | 0c00 c0f2 | 0800 80d2 | 0800 a0f2 | 0800 c0f2 | 0001 1fd6 
[Exception Handler]
  0x000000010d8e9920: ;   {runtime_call ExceptionBlob}
  0x000000010d8e9920: 1878 c817 
[Deopt Handler Code]
  0x000000010d8e9924: 1e00 0010 

  0x000000010d8e9928: ;   {runtime_call DeoptimizationBlob}
  0x000000010d8e9928: c694 c517 | 0000 0000 
[/MachCode]


---------------  P R O C E S S  ---------------

Threads class SMR info:
_java_thread_list=0x000060000054ccc0, length=151, elements={
0x0000000159009e00, 0x000000015909ba00, 0x0000000159099e00, 0x0000000159074a00,
0x000000015909a600, 0x000000015909ae00, 0x00000001590d5000, 0x00000001590d5800,
0x000000015880f200, 0x00000001590d9800, 0x0000000148c91200, 0x00000001233eac00,
0x000000015952cc00, 0x0000000123402800, 0x0000000123403000, 0x0000000158ca7e00,
0x00000001590dc200, 0x000000012376c800, 0x00000001239e3a00, 0x000000015952de00,
0x0000000138d6b000, 0x0000000124306800, 0x0000000123b48c00, 0x0000000148f2ec00,
0x0000000148e86c00, 0x0000000138c17600, 0x000000012226ce00, 0x0000000158c7e400,
0x000000012282a000, 0x0000000123a63400, 0x000000013945cc00, 0x0000000122930e00,
0x0000000124b74800, 0x0000000123b43000, 0x0000000123c46200, 0x0000000126816800,
0x0000000122041800, 0x0000000122361600, 0x000000012687e200, 0x0000000123a7a200,
0x0000000138d61e00, 0x0000000138ca5a00, 0x0000000124b6f200, 0x0000000124bb6e00,
0x000000012680fa00, 0x0000000158fd3600, 0x00000001238c5600, 0x0000000148c09a00,
0x0000000124bc1e00, 0x0000000124c57800, 0x0000000123a72000, 0x0000000159533000,
0x0000000123942a00, 0x0000000158fbe800, 0x0000000123ec3c00, 0x0000000123bb0c00,
0x0000000122e5a600, 0x0000000122ca2c00, 0x000000012707e600, 0x000000012707c400,
0x0000000148d81800, 0x000000012682e000, 0x0000000159300000, 0x0000000122ff5400,
0x0000000158871200, 0x00000001391e2600, 0x000000012292d400, 0x0000000158eda400,
0x0000000158c25c00, 0x0000000127730400, 0x0000000148941000, 0x0000000126877600,
0x00000001249d8e00, 0x0000000122087000, 0x0000000122e66c00, 0x00000001277ff200,
0x0000000123e91400, 0x0000000123e8c800, 0x000000015886dc00, 0x000000015956f000,
0x0000000159547000, 0x0000000123a88a00, 0x0000000122cec600, 0x0000000159270000,
0x0000000158e74600, 0x0000000122c12c00, 0x00000001396fde00, 0x0000000138d4bc00,
0x0000000158e79600, 0x0000000139315e00, 0x000000012703ec00, 0x0000000121c6d600,
0x0000000122dfb200, 0x0000000148fe8a00, 0x0000000122827400, 0x0000000158a36400,
0x000000012233f200, 0x0000000158a57c00, 0x0000000121eaf800, 0x0000000123c2d800,
0x0000000121aacc00, 0x00000001227f8600, 0x0000000121abd000, 0x0000000122c0da00,
0x00000001225a0800, 0x0000000148d56e00, 0x0000000121ab7800, 0x0000000138d8c800,
0x0000000148e34c00, 0x0000000124a62600, 0x0000000159241200, 0x00000001248f8e00,
0x0000000121abb600, 0x0000000158d51200, 0x000000012446ee00, 0x0000000122c14800,
0x0000000158edbe00, 0x0000000158ef3200, 0x0000000122c0fe00, 0x000000015886bc00,
0x0000000122d64c00, 0x0000000123a65800, 0x0000000122e63000, 0x0000000123a52200,
0x0000000122ff9c00, 0x0000000158a37c00, 0x0000000158a35c00, 0x0000000138df6200,
0x000000012446bc00, 0x0000000138a9b000, 0x0000000159246800, 0x0000000148ad0e00,
0x000000012416d000, 0x0000000138a93800, 0x000000015891fa00, 0x0000000121ccc000,
0x0000000121cc2600, 0x0000000121c6c000, 0x000000012422a200, 0x0000000138a77800,
0x0000000121b47000, 0x0000000121afbe00, 0x0000000121aba000, 0x0000000121ab8000,
0x0000000123e8f800, 0x0000000121aaae00, 0x0000000159222000, 0x00000001242e2e00,
0x0000000121f73200, 0x00000001242b1c00, 0x000000012425e000
}

Java Threads: ( => current thread )
  0x0000000159009e00 JavaThread "main"                              [_thread_blocked, id=4611, stack(0x000000016fd8c000,0x000000016ff8f000) (2060K)]
  0x000000015909ba00 JavaThread "Reference Handler"          daemon [_thread_blocked, id=29955, stack(0x0000000170f04000,0x0000000171107000) (2060K)]
  0x0000000159099e00 JavaThread "Finalizer"                  daemon [_thread_blocked, id=29699, stack(0x0000000171110000,0x0000000171313000) (2060K)]
  0x0000000159074a00 JavaThread "Signal Dispatcher"          daemon [_thread_blocked, id=25091, stack(0x000000017131c000,0x000000017151f000) (2060K)]
  0x000000015909a600 JavaThread "Service Thread"             daemon [_thread_blocked, id=29443, stack(0x0000000171528000,0x000000017172b000) (2060K)]
  0x000000015909ae00 JavaThread "Monitor Deflation Thread"   daemon [_thread_blocked, id=25859, stack(0x0000000171734000,0x0000000171937000) (2060K)]
  0x00000001590d5000 JavaThread "C2 CompilerThread0"         daemon [_thread_blocked, id=28931, stack(0x0000000171940000,0x0000000171b43000) (2060K)]
  0x00000001590d5800 JavaThread "C1 CompilerThread0"         daemon [_thread_blocked, id=26371, stack(0x0000000171b4c000,0x0000000171d4f000) (2060K)]
  0x000000015880f200 JavaThread "Common-Cleaner"             daemon [_thread_blocked, id=28675, stack(0x0000000171d58000,0x0000000171f5b000) (2060K)]
  0x00000001590d9800 JavaThread "Notification Thread"        daemon [_thread_blocked, id=28419, stack(0x0000000171f64000,0x0000000172167000) (2060K)]
  0x0000000148c91200 JavaThread "Daemon health stats"               [_thread_blocked, id=33539, stack(0x0000000172bac000,0x0000000172daf000) (2060K)]
  0x00000001233eac00 JavaThread "Incoming local TCP Connector on port 56439"        [_thread_in_native, id=33795, stack(0x0000000172db8000,0x0000000172fbb000) (2060K)]
  0x000000015952cc00 JavaThread "Daemon periodic checks"            [_thread_blocked, id=41987, stack(0x0000000172fc4000,0x00000001731c7000) (2060K)]
  0x0000000123402800 JavaThread "Cache worker for journal cache (/Users/javierhernandez/.gradle/caches/journal-1)"        [_thread_blocked, id=36099, stack(0x0000000174648000,0x000000017484b000) (2060K)]
  0x0000000123403000 JavaThread "File lock request listener"        [_thread_in_native, id=38403, stack(0x0000000174854000,0x0000000174a57000) (2060K)]
  0x0000000158ca7e00 JavaThread "Cache worker for file hash cache (/Users/javierhernandez/.gradle/caches/8.9/fileHashes)"        [_thread_blocked, id=36611, stack(0x0000000174a60000,0x0000000174c63000) (2060K)]
  0x00000001590dc200 JavaThread "Cache worker for file content cache (/Users/javierhernandez/.gradle/caches/8.9/fileContent)"        [_thread_blocked, id=44035, stack(0x0000000175290000,0x0000000175493000) (2060K)]
  0x000000012376c800 JavaThread "File watcher server"        daemon [_thread_in_native, id=65027, stack(0x000000017549c000,0x000000017569f000) (2060K)]
  0x00000001239e3a00 JavaThread "File watcher consumer"      daemon [_thread_blocked, id=44291, stack(0x00000001756a8000,0x00000001758ab000) (2060K)]
  0x000000015952de00 JavaThread "Memory manager"                    [_thread_blocked, id=62467, stack(0x00000001762f0000,0x00000001764f3000) (2060K)]
  0x0000000138d6b000 JavaThread "pool-2-thread-1"                   [_thread_blocked, id=82435, stack(0x000000031c184000,0x000000031c387000) (2060K)]
  0x0000000124306800 JavaThread "Periodic tasks thread"      daemon [_thread_blocked, id=126723, stack(0x0000000321fac000,0x00000003221af000) (2060K)]
  0x0000000123b48c00 JavaThread "ApplicationImpl pooled thread 1" daemon [_thread_blocked, id=126211, stack(0x00000003221b8000,0x00000003223bb000) (2060K)]
  0x0000000148f2ec00 JavaThread "AppKit Thread"              daemon [_thread_in_native, id=259, stack(0x000000016f504000,0x000000016fd00000) (8176K)]
  0x0000000148e86c00 JavaThread "RMI Scheduler(0)"           daemon [_thread_blocked, id=99335, stack(0x0000000322bf4000,0x0000000322df7000) (2060K)]
  0x0000000138c17600 JavaThread "RMI TCP Accept-0"           daemon [_thread_in_native, id=117763, stack(0x0000000323218000,0x000000032341b000) (2060K)]
  0x000000012226ce00 JavaThread "pool-5-thread-1"                   [_thread_blocked, id=88583, stack(0x0000000177768000,0x000000017796b000) (2060K)]
  0x0000000158c7e400 JavaThread "pool-8-thread-1"                   [_thread_blocked, id=50955, stack(0x0000000177974000,0x0000000177b77000) (2060K)]
  0x000000012282a000 JavaThread "pool-11-thread-1"                  [_thread_blocked, id=66319, stack(0x0000000177b80000,0x0000000177d83000) (2060K)]
  0x0000000123a63400 JavaThread "pool-14-thread-1"                  [_thread_blocked, id=61715, stack(0x0000000178808000,0x0000000178a0b000) (2060K)]
  0x000000013945cc00 JavaThread "pool-16-thread-1"                  [_thread_blocked, id=83483, stack(0x0000000177fd8000,0x00000001781db000) (2060K)]
  0x0000000122930e00 JavaThread "pool-19-thread-1"                  [_thread_blocked, id=70427, stack(0x0000000177d8c000,0x0000000177f8f000) (2060K)]
  0x0000000124b74800 JavaThread "pool-22-thread-1"                  [_thread_blocked, id=67867, stack(0x00000001781e4000,0x00000001783e7000) (2060K)]
  0x0000000123b43000 JavaThread "pool-25-thread-1"                  [_thread_blocked, id=86051, stack(0x00000001783f0000,0x00000001785f3000) (2060K)]
  0x0000000123c46200 JavaThread "pool-28-thread-1"                  [_thread_blocked, id=57395, stack(0x0000000178a14000,0x0000000178c17000) (2060K)]
  0x0000000126816800 JavaThread "pool-31-thread-1"                  [_thread_blocked, id=81959, stack(0x0000000178c20000,0x0000000178e23000) (2060K)]
  0x0000000122041800 JavaThread "pool-33-thread-1"                  [_thread_blocked, id=80171, stack(0x0000000179038000,0x000000017923b000) (2060K)]
  0x0000000122361600 JavaThread "pool-36-thread-1"                  [_thread_blocked, id=91179, stack(0x0000000179244000,0x0000000179447000) (2060K)]
  0x000000012687e200 JavaThread "pool-39-thread-1"                  [_thread_blocked, id=58939, stack(0x0000000178e2c000,0x000000017902f000) (2060K)]
  0x0000000123a7a200 JavaThread "pool-42-thread-1"                  [_thread_blocked, id=119347, stack(0x00000001785fc000,0x00000001787ff000) (2060K)]
  0x0000000138d61e00 JavaThread "pool-45-thread-1"                  [_thread_blocked, id=34623, stack(0x000000017965c000,0x000000017985f000) (2060K)]
  0x0000000138ca5a00 JavaThread "pool-48-thread-1"                  [_thread_blocked, id=71707, stack(0x0000000179450000,0x0000000179653000) (2060K)]
  0x0000000124b6f200 JavaThread "pool-51-thread-1"                  [_thread_blocked, id=89667, stack(0x0000000179868000,0x0000000179a6b000) (2060K)]
  0x0000000124bb6e00 JavaThread "pool-54-thread-1"                  [_thread_blocked, id=70727, stack(0x0000000179c80000,0x0000000179e83000) (2060K)]
  0x000000012680fa00 JavaThread "pool-56-thread-1"                  [_thread_blocked, id=119627, stack(0x000000017a4b0000,0x000000017a6b3000) (2060K)]
  0x0000000158fd3600 JavaThread "pool-59-thread-1"                  [_thread_blocked, id=100959, stack(0x0000000179e8c000,0x000000017a08f000) (2060K)]
  0x00000001238c5600 JavaThread "pool-62-thread-1"                  [_thread_blocked, id=81747, stack(0x0000000179a74000,0x0000000179c77000) (2060K)]
  0x0000000148c09a00 JavaThread "pool-65-thread-1"                  [_thread_blocked, id=73819, stack(0x000000017a2a4000,0x000000017a4a7000) (2060K)]
  0x0000000124bc1e00 JavaThread "pool-68-thread-1"                  [_thread_blocked, id=74291, stack(0x000000017a098000,0x000000017a29b000) (2060K)]
  0x0000000124c57800 JavaThread "pool-71-thread-1"                  [_thread_blocked, id=52323, stack(0x000000017a6bc000,0x000000017a8bf000) (2060K)]
  0x0000000123a72000 JavaThread "pool-74-thread-1"                  [_thread_blocked, id=100111, stack(0x000000017aad4000,0x000000017acd7000) (2060K)]
  0x0000000159533000 JavaThread "pool-77-thread-1"                  [_thread_blocked, id=34115, stack(0x000000017ace0000,0x000000017aee3000) (2060K)]
  0x0000000123942a00 JavaThread "pool-80-thread-1"                  [_thread_blocked, id=40547, stack(0x000000017aeec000,0x000000017b0ef000) (2060K)]
  0x0000000158fbe800 JavaThread "pool-83-thread-1"                  [_thread_blocked, id=85299, stack(0x000000017a8c8000,0x000000017aacb000) (2060K)]
  0x0000000123ec3c00 JavaThread "pool-86-thread-1"                  [_thread_blocked, id=64131, stack(0x000000017b71c000,0x000000017b91f000) (2060K)]
  0x0000000123bb0c00 JavaThread "pool-89-thread-1"                  [_thread_blocked, id=129815, stack(0x000000017b928000,0x000000017bb2b000) (2060K)]
  0x0000000122e5a600 JavaThread "pool-92-thread-1"                  [_thread_blocked, id=80963, stack(0x000000017b0f8000,0x000000017b2fb000) (2060K)]
  0x0000000122ca2c00 JavaThread "pool-95-thread-1"                  [_thread_blocked, id=69959, stack(0x000000017bb34000,0x000000017bd37000) (2060K)]
  0x000000012707e600 JavaThread "pool-98-thread-1"                  [_thread_blocked, id=70287, stack(0x000000017bf4c000,0x000000017c14f000) (2060K)]
  0x000000012707c400 JavaThread "pool-100-thread-1"                 [_thread_blocked, id=83747, stack(0x000000017c570000,0x000000017c773000) (2060K)]
  0x0000000148d81800 JavaThread "pool-103-thread-1"                 [_thread_blocked, id=57867, stack(0x000000017bd40000,0x000000017bf43000) (2060K)]
  0x000000012682e000 JavaThread "pool-106-thread-1"                 [_thread_blocked, id=68131, stack(0x000000017c364000,0x000000017c567000) (2060K)]
  0x0000000159300000 JavaThread "pool-108-thread-1"                 [_thread_blocked, id=68371, stack(0x000000017cfac000,0x000000017d1af000) (2060K)]
  0x0000000122ff5400 JavaThread "pool-110-thread-1"                 [_thread_blocked, id=80419, stack(0x000000017c158000,0x000000017c35b000) (2060K)]
  0x0000000158871200 JavaThread "pool-113-thread-1"                 [_thread_blocked, id=90967, stack(0x000000017c77c000,0x000000017c97f000) (2060K)]
  0x00000001391e2600 JavaThread "pool-116-thread-1"                 [_thread_blocked, id=90651, stack(0x000000017d1b8000,0x000000017d3bb000) (2060K)]
  0x000000012292d400 JavaThread "pool-119-thread-1"                 [_thread_blocked, id=54391, stack(0x000000017cb94000,0x000000017cd97000) (2060K)]
  0x0000000158eda400 JavaThread "pool-122-thread-1"                 [_thread_blocked, id=67359, stack(0x000000017c988000,0x000000017cb8b000) (2060K)]
  0x0000000158c25c00 JavaThread "pool-125-thread-1"                 [_thread_blocked, id=55443, stack(0x000000017cda0000,0x000000017cfa3000) (2060K)]
  0x0000000127730400 JavaThread "pool-128-thread-1"                 [_thread_blocked, id=48955, stack(0x000000017d3c4000,0x000000017d5c7000) (2060K)]
  0x0000000148941000 JavaThread "pool-131-thread-1"                 [_thread_blocked, id=67207, stack(0x000000017d7dc000,0x000000017d9df000) (2060K)]
  0x0000000126877600 JavaThread "pool-134-thread-1"                 [_thread_blocked, id=67595, stack(0x000000017b304000,0x000000017b507000) (2060K)]
  0x00000001249d8e00 JavaThread "process reaper (pid 64213)" daemon [_thread_in_native, id=86651, stack(0x0000000170e78000,0x0000000170eaf000) (220K)]
  0x0000000122087000 JavaThread "pool-137-thread-1"                 [_thread_blocked, id=71963, stack(0x000000017b510000,0x000000017b713000) (2060K)]
  0x0000000122e66c00 JavaThread "pool-140-thread-1"                 [_thread_blocked, id=49219, stack(0x000000017d9e8000,0x000000017dbeb000) (2060K)]
  0x00000001277ff200 JavaThread "pool-143-thread-1"                 [_thread_blocked, id=73647, stack(0x000000017d5d0000,0x000000017d7d3000) (2060K)]
  0x0000000123e91400 JavaThread "RMI GC Daemon"              daemon [_thread_blocked, id=78207, stack(0x000000017e83c000,0x000000017ea3f000) (2060K)]
  0x0000000123e8c800 JavaThread "RMI Reaper"                        [_thread_blocked, id=49503, stack(0x000000017ea48000,0x000000017ec4b000) (2060K)]
  0x000000015886dc00 JavaThread "pool-146-thread-1"                 [_thread_blocked, id=65971, stack(0x000000017dbf4000,0x000000017ddf7000) (2060K)]
  0x000000015956f000 JavaThread "pool-149-thread-1"                 [_thread_blocked, id=74507, stack(0x000000017e00c000,0x000000017e20f000) (2060K)]
  0x0000000159547000 JavaThread "pool-151-thread-1"                 [_thread_blocked, id=54575, stack(0x000000017e630000,0x000000017e833000) (2060K)]
  0x0000000123a88a00 JavaThread "pool-154-thread-1"                 [_thread_blocked, id=71315, stack(0x000000017de00000,0x000000017e003000) (2060K)]
  0x0000000122cec600 JavaThread "pool-157-thread-1"                 [_thread_blocked, id=117463, stack(0x000000017e218000,0x000000017e41b000) (2060K)]
  0x0000000159270000 JavaThread "pool-160-thread-1"                 [_thread_blocked, id=90075, stack(0x000000017e424000,0x000000017e627000) (2060K)]
  0x0000000158e74600 JavaThread "pool-163-thread-1"                 [_thread_blocked, id=79627, stack(0x000000017ec54000,0x000000017ee57000) (2060K)]
  0x0000000122c12c00 JavaThread "pool-166-thread-1"                 [_thread_blocked, id=88119, stack(0x000000017f690000,0x000000017f893000) (2060K)]
  0x00000001396fde00 JavaThread "pool-169-thread-1"                 [_thread_blocked, id=34495, stack(0x000000017fcb4000,0x000000017feb7000) (2060K)]
  0x0000000138d4bc00 JavaThread "pool-172-thread-1"                 [_thread_blocked, id=83295, stack(0x000000017f89c000,0x000000017fa9f000) (2060K)]
  0x0000000158e79600 JavaThread "pool-175-thread-1"                 [_thread_blocked, id=54155, stack(0x000000017f06c000,0x000000017f26f000) (2060K)]
  0x0000000139315e00 JavaThread "pool-178-thread-1"                 [_thread_blocked, id=76855, stack(0x0000000318628000,0x000000031882b000) (2060K)]
  0x000000012703ec00 JavaThread "pool-181-thread-1"                 [_thread_blocked, id=52039, stack(0x000000017ee60000,0x000000017f063000) (2060K)]
  0x0000000121c6d600 JavaThread "pool-183-thread-1"                 [_thread_blocked, id=47127, stack(0x0000000318210000,0x0000000318413000) (2060K)]
  0x0000000122dfb200 JavaThread "pool-186-thread-1"                 [_thread_blocked, id=46623, stack(0x0000000318a40000,0x0000000318c43000) (2060K)]
  0x0000000148fe8a00 JavaThread "pool-189-thread-1"                 [_thread_blocked, id=75399, stack(0x0000000318834000,0x0000000318a37000) (2060K)]
  0x0000000122827400 JavaThread "pool-192-thread-1"                 [_thread_blocked, id=61223, stack(0x0000000319270000,0x0000000319473000) (2060K)]
  0x0000000158a36400 JavaThread "pool-195-thread-1"                 [_thread_blocked, id=83023, stack(0x000000031947c000,0x000000031967f000) (2060K)]
  0x000000012233f200 JavaThread "pool-198-thread-1"                 [_thread_blocked, id=48419, stack(0x000000031a6e8000,0x000000031a8eb000) (2060K)]
  0x0000000158a57c00 JavaThread "pool-201-thread-1"                 [_thread_blocked, id=101135, stack(0x0000000319064000,0x0000000319267000) (2060K)]
  0x0000000121eaf800 JavaThread "pool-204-thread-1"                 [_thread_blocked, id=46115, stack(0x0000000319894000,0x0000000319a97000) (2060K)]
  0x0000000123c2d800 JavaThread "pool-207-thread-1"                 [_thread_blocked, id=56899, stack(0x000000031841c000,0x000000031861f000) (2060K)]
  0x0000000121aacc00 JavaThread "pool-210-thread-1"                 [_thread_blocked, id=81163, stack(0x0000000319aa0000,0x0000000319ca3000) (2060K)]
  0x00000001227f8600 JavaThread "pool-213-thread-1"                 [_thread_blocked, id=74095, stack(0x000000031a4dc000,0x000000031a6df000) (2060K)]
  0x0000000121abd000 JavaThread "pool-216-thread-1"                 [_thread_blocked, id=127207, stack(0x000000017f278000,0x000000017f47b000) (2060K)]
  0x0000000122c0da00 JavaThread "pool-219-thread-1"                 [_thread_blocked, id=116255, stack(0x0000000318004000,0x0000000318207000) (2060K)]
  0x00000001225a0800 JavaThread "pool-222-thread-1"                 [_thread_blocked, id=47943, stack(0x000000017faa8000,0x000000017fcab000) (2060K)]
  0x0000000148d56e00 JavaThread "pool-225-thread-1"                 [_thread_blocked, id=95283, stack(0x000000031a0c4000,0x000000031a2c7000) (2060K)]
  0x0000000121ab7800 JavaThread "pool-228-thread-1"                 [_thread_blocked, id=102687, stack(0x0000000318c4c000,0x0000000318e4f000) (2060K)]
  0x0000000138d8c800 JavaThread "pool-231-thread-1"                 [_thread_blocked, id=118895, stack(0x000000031ad0c000,0x000000031af0f000) (2060K)]
  0x0000000148e34c00 JavaThread "pool-234-thread-1"                 [_thread_blocked, id=48715, stack(0x0000000319688000,0x000000031988b000) (2060K)]
  0x0000000124a62600 JavaThread "pool-237-thread-1"                 [_thread_blocked, id=56167, stack(0x0000000319cac000,0x0000000319eaf000) (2060K)]
  0x0000000159241200 JavaThread "pool-240-thread-1"                 [_thread_blocked, id=59155, stack(0x0000000318e58000,0x000000031905b000) (2060K)]
  0x00000001248f8e00 JavaThread "pool-243-thread-1"                 [_thread_blocked, id=114439, stack(0x0000000319eb8000,0x000000031a0bb000) (2060K)]
  0x0000000121abb600 JavaThread "pool-246-thread-1"                 [_thread_blocked, id=44611, stack(0x000000031a2d0000,0x000000031a4d3000) (2060K)]
  0x0000000158d51200 JavaThread "pool-249-thread-1"                 [_thread_blocked, id=114191, stack(0x000000031ab00000,0x000000031ad03000) (2060K)]
  0x000000012446ee00 JavaThread "pool-252-thread-1"                 [_thread_blocked, id=53367, stack(0x000000031af18000,0x000000031b11b000) (2060K)]
  0x0000000122c14800 JavaThread "pool-255-thread-1"                 [_thread_blocked, id=47475, stack(0x000000031b124000,0x000000031b327000) (2060K)]
  0x0000000158edbe00 JavaThread "pool-258-thread-1"                 [_thread_blocked, id=102411, stack(0x000000031cbc0000,0x000000031cdc3000) (2060K)]
  0x0000000158ef3200 JavaThread "pool-261-thread-1"                 [_thread_blocked, id=78351, stack(0x000000031a8f4000,0x000000031aaf7000) (2060K)]
  0x0000000122c0fe00 JavaThread "pool-264-thread-1"                 [_thread_blocked, id=116499, stack(0x000000031b330000,0x000000031b533000) (2060K)]
  0x000000015886bc00 JavaThread "pool-267-thread-1"                 [_thread_blocked, id=130147, stack(0x000000031c59c000,0x000000031c79f000) (2060K)]
  0x0000000122d64c00 JavaThread "pool-270-thread-1"                 [_thread_blocked, id=66955, stack(0x000000031c7a8000,0x000000031c9ab000) (2060K)]
  0x0000000123a65800 JavaThread "pool-273-thread-1"                 [_thread_blocked, id=108295, stack(0x000000031b53c000,0x000000031b73f000) (2060K)]
  0x0000000122e63000 JavaThread "pool-275-thread-1"                 [_thread_blocked, id=107783, stack(0x000000031bb60000,0x000000031bd63000) (2060K)]
  0x0000000123a52200 JavaThread "pool-277-thread-1"                 [_thread_blocked, id=68747, stack(0x000000031b748000,0x000000031b94b000) (2060K)]
  0x0000000122ff9c00 JavaThread "RMI TCP Connection(idle)"   daemon [_thread_blocked, id=99079, stack(0x00000001731d0000,0x00000001733d3000) (2060K)]
  0x0000000158a37c00 JavaThread "Daemon Thread 69"                  [_thread_blocked, id=129671, stack(0x00000001733dc000,0x00000001735df000) (2060K)]
  0x0000000158a35c00 JavaThread "Handler for socket connection from /127.0.0.1:56439 to /127.0.0.1:55770"        [_thread_in_native, id=90519, stack(0x00000001735e8000,0x00000001737eb000) (2060K)]
  0x0000000138df6200 JavaThread "Cancel handler"                    [_thread_blocked, id=49727, stack(0x00000001737f4000,0x00000001739f7000) (2060K)]
  0x000000012446bc00 JavaThread "Daemon worker Thread 69"           [_thread_blocked, id=111119, stack(0x0000000173a00000,0x0000000173c03000) (2060K)]
  0x0000000138a9b000 JavaThread "Asynchronous log dispatcher for DefaultDaemonConnection: socket connection from /127.0.0.1:56439 to /127.0.0.1:55770"        [_thread_blocked, id=104239, stack(0x0000000173c0c000,0x0000000173e0f000) (2060K)]
  0x0000000159246800 JavaThread "Stdin handler"                     [_thread_blocked, id=71579, stack(0x0000000173e18000,0x000000017401b000) (2060K)]
  0x0000000148ad0e00 JavaThread "Daemon client event forwarder"        [_thread_blocked, id=115539, stack(0x0000000174c6c000,0x0000000174e6f000) (2060K)]
  0x000000012416d000 JavaThread "Cache worker for file hash cache (/Users/javierhernandez/code/ParkSolution/.gradle/8.9/fileHashes)"        [_thread_blocked, id=127371, stack(0x0000000174e78000,0x000000017507b000) (2060K)]
  0x0000000138a93800 JavaThread "Cache worker for checksums cache (/Users/javierhernandez/code/ParkSolution/.gradle/8.9/checksums)"        [_thread_blocked, id=104499, stack(0x0000000175084000,0x0000000175287000) (2060K)]
  0x000000015891fa00 JavaThread "Cache worker for Build Output Cleanup Cache (/Users/javierhernandez/code/ParkSolution/.gradle/buildOutputCleanup)"        [_thread_blocked, id=72399, stack(0x00000001758b4000,0x0000000175ab7000) (2060K)]
  0x0000000121ccc000 JavaThread "Cache worker for cache directory md-rule (/Users/javierhernandez/.gradle/caches/8.9/md-rule)"        [_thread_blocked, id=65547, stack(0x0000000175ac0000,0x0000000175cc3000) (2060K)]
  0x0000000121cc2600 JavaThread "Cache worker for cache directory md-supplier (/Users/javierhernandez/.gradle/caches/8.9/md-supplier)"        [_thread_blocked, id=60319, stack(0x0000000175ccc000,0x0000000175ecf000) (2060K)]
  0x0000000121c6c000 JavaThread "build event listener"              [_thread_blocked, id=107535, stack(0x0000000175ed8000,0x00000001760db000) (2060K)]
  0x000000012422a200 JavaThread "build event listener"              [_thread_blocked, id=110355, stack(0x00000001760e4000,0x00000001762e7000) (2060K)]
  0x0000000138a77800 JavaThread "build event listener"              [_thread_blocked, id=113443, stack(0x00000001764fc000,0x00000001766ff000) (2060K)]
  0x0000000121b47000 JavaThread "included builds"                   [_thread_blocked, id=73315, stack(0x0000000176708000,0x000000017690b000) (2060K)]
  0x0000000121afbe00 JavaThread "Execution worker"                  [_thread_blocked, id=115291, stack(0x0000000176914000,0x0000000176b17000) (2060K)]
  0x0000000121aba000 JavaThread "Execution worker Thread 2"         [_thread_blocked, id=87719, stack(0x0000000176b20000,0x0000000176d23000) (2060K)]
  0x0000000121ab8000 JavaThread "Execution worker Thread 3"         [_thread_blocked, id=72811, stack(0x0000000176d2c000,0x0000000176f2f000) (2060K)]
  0x0000000123e8f800 JavaThread "Execution worker Thread 4"         [_thread_blocked, id=51467, stack(0x0000000176f38000,0x000000017713b000) (2060K)]
  0x0000000121aaae00 JavaThread "Execution worker Thread 5"         [_thread_blocked, id=91499, stack(0x0000000177144000,0x0000000177347000) (2060K)]
  0x0000000159222000 JavaThread "Execution worker Thread 6"         [_thread_blocked, id=127563, stack(0x0000000177350000,0x0000000177553000) (2060K)]
  0x00000001242e2e00 JavaThread "Execution worker Thread 7"         [_thread_blocked, id=112671, stack(0x000000017755c000,0x000000017775f000) (2060K)]
  0x0000000121f73200 JavaThread "Cache worker for execution history cache (/Users/javierhernandez/code/ParkSolution/.gradle/8.9/executionHistory)"        [_thread_blocked, id=130639, stack(0x000000017f484000,0x000000017f687000) (2060K)]
  0x00000001242b1c00 JavaThread "pool-279-thread-1"                 [_thread_blocked, id=51431, stack(0x000000031b954000,0x000000031bb57000) (2060K)]
=>0x000000012425e000 JavaThread "WorkerExecutor Queue"              [_thread_in_Java, id=115807, stack(0x000000031bd6c000,0x000000031bf6f000) (2060K)]
Total: 151

Other Threads:
  0x000000015870b890 VMThread "VM Thread"                           [id=18179, stack(0x0000000170be0000,0x0000000170de3000) (2060K)]
  0x0000000148605ac0 WatcherThread "VM Periodic Task Thread"        [id=16899, stack(0x00000001709d4000,0x0000000170bd7000) (2060K)]
  0x0000000158706a40 WorkerThread "GC Thread#0"                     [id=14851, stack(0x000000016ff98000,0x000000017019b000) (2060K)]
  0x0000000148623850 WorkerThread "GC Thread#1"                     [id=28163, stack(0x0000000172170000,0x0000000172373000) (2060K)]
  0x0000000148623bf0 WorkerThread "GC Thread#2"                     [id=27651, stack(0x000000017237c000,0x000000017257f000) (2060K)]
  0x0000000148624160 WorkerThread "GC Thread#3"                     [id=32771, stack(0x0000000172588000,0x000000017278b000) (2060K)]
  0x0000000148624ac0 WorkerThread "GC Thread#4"                     [id=33027, stack(0x0000000172794000,0x0000000172997000) (2060K)]
  0x0000000148625420 WorkerThread "GC Thread#5"                     [id=42755, stack(0x00000001729a0000,0x0000000172ba3000) (2060K)]
  0x0000000158772630 WorkerThread "GC Thread#6"                     [id=39427, stack(0x0000000174024000,0x0000000174227000) (2060K)]
  0x00000001587729d0 WorkerThread "GC Thread#7"                     [id=35587, stack(0x0000000174230000,0x0000000174433000) (2060K)]
  0x00000001587071e0 ConcurrentGCThread "G1 Main Marker"            [id=13059, stack(0x00000001701a4000,0x00000001703a7000) (2060K)]
  0x0000000158707b50 WorkerThread "G1 Conc#0"                       [id=14339, stack(0x00000001703b0000,0x00000001705b3000) (2060K)]
  0x0000000158773140 WorkerThread "G1 Conc#1"                       [id=38915, stack(0x000000017443c000,0x000000017463f000) (2060K)]
  0x000000014883a800 ConcurrentGCThread "G1 Refine#0"               [id=14083, stack(0x00000001705bc000,0x00000001707bf000) (2060K)]
  0x0000000148604730 ConcurrentGCThread "G1 Service"                [id=21507, stack(0x00000001707c8000,0x00000001709cb000) (2060K)]
Total: 15

Threads with active compile tasks:
Total: 0

VM state: not at safepoint (normal execution)

VM Mutex/Monitor currently owned by a thread: None

Heap address: 0x0000000700000000, size: 4096 MB, Compressed Oops mode: Zero based, Oop shift amount: 3

CDS archive(s) not mapped
Compressed class space mapped at: 0x0000000800000000-0x0000000840000000, reserved size: 1073741824
Narrow klass base: 0x0000000800000000, Narrow klass shift: 0, Narrow klass range: 0x40000000

GC Precious Log:
 CardTable entry size: 512
 Card Set container configuration: InlinePtr #cards 4 size 8 Array Of Cards #cards 16 size 48 Howl #buckets 8 coarsen threshold 3686 Howl Bitmap #cards 512 size 80 coarsen threshold 460 Card regions per heap region 1 cards per card region 4096
 CPUs: 8 total, 8 available
 Memory: 16384M
 Large Page Support: Disabled
 NUMA Support: Disabled
 Compressed Oops: Enabled (Zero based)
 Heap Region Size: 2M
 Heap Min Capacity: 8M
 Heap Initial Capacity: 256M
 Heap Max Capacity: 4G
 Pre-touch: Disabled
 Parallel Workers: 8
 Concurrent Workers: 2
 Concurrent Refinement Workers: 8
 Periodic GC: Disabled

Heap:
 garbage-first heap   total 561152K, used 224926K [0x0000000700000000, 0x0000000800000000)
  region size 2048K, 33 young (67584K), 7 survivors (14336K)
 Metaspace       used 186866K, committed 189376K, reserved 1245184K
  class space    used 22568K, committed 23808K, reserved 1048576K

Heap Regions: E=young(eden), S=young(survivor), O=old, HS=humongous(starts), HC=humongous(continues), CS=collection set, F=free, TAMS=top-at-mark-start, PB=parsable bottom
|   0|0x0000000700000000, 0x0000000700200000, 0x0000000700200000|100%|HS|  |TAMS 0x0000000700000000| PB 0x0000000700000000| Complete 
|   1|0x0000000700200000, 0x0000000700400000, 0x0000000700400000|100%|HC|  |TAMS 0x0000000700200000| PB 0x0000000700200000| Complete 
|   2|0x0000000700400000, 0x0000000700600000, 0x0000000700600000|100%| O|  |TAMS 0x0000000700400000| PB 0x0000000700400000| Untracked 
|   3|0x0000000700600000, 0x0000000700800000, 0x0000000700800000|100%| O|  |TAMS 0x0000000700600000| PB 0x0000000700600000| Untracked 
|   4|0x0000000700800000, 0x00000007009f5690, 0x0000000700a00000| 97%| O|  |TAMS 0x0000000700800000| PB 0x0000000700800000| Untracked 
|   5|0x0000000700a00000, 0x0000000700bfff80, 0x0000000700c00000| 99%| O|  |TAMS 0x0000000700a00000| PB 0x0000000700a00000| Untracked 
|   6|0x0000000700c00000, 0x0000000700e00000, 0x0000000700e00000|100%| O|  |TAMS 0x0000000700c00000| PB 0x0000000700c00000| Untracked 
|   7|0x0000000700e00000, 0x0000000700fffff8, 0x0000000701000000| 99%| O|  |TAMS 0x0000000700e00000| PB 0x0000000700e00000| Untracked 
|   8|0x0000000701000000, 0x0000000701200000, 0x0000000701200000|100%| O|  |TAMS 0x0000000701000000| PB 0x0000000701000000| Untracked 
|   9|0x0000000701200000, 0x0000000701400000, 0x0000000701400000|100%| O|  |TAMS 0x0000000701200000| PB 0x0000000701200000| Untracked 
|  10|0x0000000701400000, 0x00000007015ffb40, 0x0000000701600000| 99%| O|  |TAMS 0x0000000701400000| PB 0x0000000701400000| Untracked 
|  11|0x0000000701600000, 0x0000000701800000, 0x0000000701800000|100%| O|  |TAMS 0x0000000701600000| PB 0x0000000701600000| Untracked 
|  12|0x0000000701800000, 0x0000000701a00000, 0x0000000701a00000|100%|HS|  |TAMS 0x0000000701800000| PB 0x0000000701800000| Complete 
|  13|0x0000000701a00000, 0x0000000701c00000, 0x0000000701c00000|100%|HC|  |TAMS 0x0000000701a00000| PB 0x0000000701a00000| Complete 
|  14|0x0000000701c00000, 0x0000000701dfffe0, 0x0000000701e00000| 99%| O|  |TAMS 0x0000000701c00000| PB 0x0000000701c00000| Untracked 
|  15|0x0000000701e00000, 0x0000000701fffff0, 0x0000000702000000| 99%| O|  |TAMS 0x0000000701e00000| PB 0x0000000701e00000| Untracked 
|  16|0x0000000702000000, 0x0000000702200000, 0x0000000702200000|100%| O|  |TAMS 0x0000000702000000| PB 0x0000000702000000| Untracked 
|  17|0x0000000702200000, 0x00000007023fffe8, 0x0000000702400000| 99%| O|  |TAMS 0x0000000702200000| PB 0x0000000702200000| Untracked 
|  18|0x0000000702400000, 0x0000000702600000, 0x0000000702600000|100%|HS|  |TAMS 0x0000000702400000| PB 0x0000000702400000| Complete 
|  19|0x0000000702600000, 0x0000000702800000, 0x0000000702800000|100%|HC|  |TAMS 0x0000000702600000| PB 0x0000000702600000| Complete 
|  20|0x0000000702800000, 0x00000007029fffe0, 0x0000000702a00000| 99%| O|  |TAMS 0x0000000702800000| PB 0x0000000702800000| Untracked 
|  21|0x0000000702a00000, 0x0000000702bffff8, 0x0000000702c00000| 99%| O|  |TAMS 0x0000000702a00000| PB 0x0000000702a00000| Untracked 
|  22|0x0000000702c00000, 0x0000000702e00000, 0x0000000702e00000|100%| O|  |TAMS 0x0000000702c00000| PB 0x0000000702c00000| Untracked 
|  23|0x0000000702e00000, 0x0000000702fffff8, 0x0000000703000000| 99%| O|  |TAMS 0x0000000702e00000| PB 0x0000000702e00000| Untracked 
|  24|0x0000000703000000, 0x00000007031ffff8, 0x0000000703200000| 99%| O|  |TAMS 0x0000000703000000| PB 0x0000000703000000| Untracked 
|  25|0x0000000703200000, 0x00000007033ffff0, 0x0000000703400000| 99%| O|  |TAMS 0x0000000703200000| PB 0x0000000703200000| Untracked 
|  26|0x0000000703400000, 0x00000007035ffff0, 0x0000000703600000| 99%| O|  |TAMS 0x0000000703400000| PB 0x0000000703400000| Untracked 
|  27|0x0000000703600000, 0x00000007037ffff0, 0x0000000703800000| 99%| O|  |TAMS 0x0000000703600000| PB 0x0000000703600000| Untracked 
|  28|0x0000000703800000, 0x00000007039fffe0, 0x0000000703a00000| 99%| O|  |TAMS 0x0000000703800000| PB 0x0000000703800000| Untracked 
|  29|0x0000000703a00000, 0x0000000703bfffe0, 0x0000000703c00000| 99%| O|  |TAMS 0x0000000703a00000| PB 0x0000000703a00000| Untracked 
|  30|0x0000000703c00000, 0x0000000703dfffc0, 0x0000000703e00000| 99%| O|  |TAMS 0x0000000703c00000| PB 0x0000000703c00000| Untracked 
|  31|0x0000000703e00000, 0x0000000703ffffe0, 0x0000000704000000| 99%| O|  |TAMS 0x0000000703e00000| PB 0x0000000703e00000| Untracked 
|  32|0x0000000704000000, 0x00000007041fffe8, 0x0000000704200000| 99%| O|  |TAMS 0x0000000704000000| PB 0x0000000704000000| Untracked 
|  33|0x0000000704200000, 0x0000000704400000, 0x0000000704400000|100%| O|  |TAMS 0x0000000704200000| PB 0x0000000704200000| Untracked 
|  34|0x0000000704400000, 0x00000007045fffe8, 0x0000000704600000| 99%| O|  |TAMS 0x0000000704400000| PB 0x0000000704400000| Untracked 
|  35|0x0000000704600000, 0x00000007047ffff8, 0x0000000704800000| 99%| O|  |TAMS 0x0000000704600000| PB 0x0000000704600000| Untracked 
|  36|0x0000000704800000, 0x00000007049fffc8, 0x0000000704a00000| 99%| O|  |TAMS 0x0000000704800000| PB 0x0000000704800000| Untracked 
|  37|0x0000000704a00000, 0x0000000704bffff8, 0x0000000704c00000| 99%| O|  |TAMS 0x0000000704a00000| PB 0x0000000704a00000| Untracked 
|  38|0x0000000704c00000, 0x0000000704dffff8, 0x0000000704e00000| 99%| O|  |TAMS 0x0000000704c00000| PB 0x0000000704c00000| Untracked 
|  39|0x0000000704e00000, 0x0000000704fffff0, 0x0000000705000000| 99%| O|  |TAMS 0x0000000704e00000| PB 0x0000000704e00000| Untracked 
|  40|0x0000000705000000, 0x00000007051fffe8, 0x0000000705200000| 99%| O|  |TAMS 0x0000000705000000| PB 0x0000000705000000| Untracked 
|  41|0x0000000705200000, 0x00000007053ffff0, 0x0000000705400000| 99%| O|  |TAMS 0x0000000705200000| PB 0x0000000705200000| Untracked 
|  42|0x0000000705400000, 0x0000000705600000, 0x0000000705600000|100%| O|  |TAMS 0x0000000705400000| PB 0x0000000705400000| Untracked 
|  43|0x0000000705600000, 0x0000000705800000, 0x0000000705800000|100%|HS|  |TAMS 0x0000000705600000| PB 0x0000000705600000| Complete 
|  44|0x0000000705800000, 0x0000000705a00000, 0x0000000705a00000|100%|HC|  |TAMS 0x0000000705800000| PB 0x0000000705800000| Complete 
|  45|0x0000000705a00000, 0x0000000705b4bd00, 0x0000000705c00000| 64%| O|  |TAMS 0x0000000705a00000| PB 0x0000000705a00000| Untracked 
|  46|0x0000000705c00000, 0x0000000705e00000, 0x0000000705e00000|100%| O|Cm|TAMS 0x0000000705c00000| PB 0x0000000705c00000| Complete 
|  47|0x0000000705e00000, 0x0000000705ffffc8, 0x0000000706000000| 99%| O|  |TAMS 0x0000000705e00000| PB 0x0000000705e00000| Untracked 
|  48|0x0000000706000000, 0x00000007061fffe8, 0x0000000706200000| 99%| O|  |TAMS 0x0000000706000000| PB 0x0000000706000000| Untracked 
|  49|0x0000000706200000, 0x0000000706400000, 0x0000000706400000|100%| O|  |TAMS 0x0000000706200000| PB 0x0000000706200000| Untracked 
|  50|0x0000000706400000, 0x00000007065fffe8, 0x0000000706600000| 99%| O|  |TAMS 0x0000000706400000| PB 0x0000000706400000| Untracked 
|  51|0x0000000706600000, 0x0000000706754628, 0x0000000706800000| 66%| O|  |TAMS 0x0000000706600000| PB 0x0000000706600000| Untracked 
|  52|0x0000000706800000, 0x0000000706a00000, 0x0000000706a00000|100%| O|Cm|TAMS 0x0000000706800000| PB 0x0000000706800000| Complete 
|  53|0x0000000706a00000, 0x0000000706c00000, 0x0000000706c00000|100%| O|  |TAMS 0x0000000706a00000| PB 0x0000000706a00000| Untracked 
|  54|0x0000000706c00000, 0x0000000706c00000, 0x0000000706e00000|  0%| F|  |TAMS 0x0000000706c00000| PB 0x0000000706c00000| Untracked 
|  55|0x0000000706e00000, 0x0000000707000000, 0x0000000707000000|100%| O|Cm|TAMS 0x0000000706e00000| PB 0x0000000706e00000| Complete 
|  56|0x0000000707000000, 0x0000000707137f18, 0x0000000707200000| 60%| O|  |TAMS 0x0000000707000000| PB 0x0000000707000000| Untracked 
|  57|0x0000000707200000, 0x0000000707400000, 0x0000000707400000|100%| O|Cm|TAMS 0x0000000707200000| PB 0x0000000707200000| Complete 
|  58|0x0000000707400000, 0x0000000707564e68, 0x0000000707600000| 69%| O|  |TAMS 0x0000000707400000| PB 0x0000000707400000| Untracked 
|  59|0x0000000707600000, 0x0000000707800000, 0x0000000707800000|100%| O|Cm|TAMS 0x0000000707600000| PB 0x0000000707600000| Complete 
|  60|0x0000000707800000, 0x0000000707a00000, 0x0000000707a00000|100%| O|  |TAMS 0x0000000707800000| PB 0x0000000707800000| Untracked 
|  61|0x0000000707a00000, 0x0000000707c00000, 0x0000000707c00000|100%| O|Cm|TAMS 0x0000000707a00000| PB 0x0000000707a00000| Complete 
|  62|0x0000000707c00000, 0x0000000707c00000, 0x0000000707e00000|  0%| F|  |TAMS 0x0000000707c00000| PB 0x0000000707c00000| Untracked 
|  63|0x0000000707e00000, 0x0000000708000000, 0x0000000708000000|100%| O|  |TAMS 0x0000000707e00000| PB 0x0000000707e00000| Untracked 
|  64|0x0000000708000000, 0x0000000708200000, 0x0000000708200000|100%| O|Cm|TAMS 0x0000000708000000| PB 0x0000000708000000| Complete 
|  65|0x0000000708200000, 0x0000000708400000, 0x0000000708400000|100%| O|Cm|TAMS 0x0000000708200000| PB 0x0000000708200000| Complete 
|  66|0x0000000708400000, 0x0000000708600000, 0x0000000708600000|100%| O|  |TAMS 0x0000000708400000| PB 0x0000000708400000| Untracked 
|  67|0x0000000708600000, 0x0000000708600000, 0x0000000708800000|  0%| F|  |TAMS 0x0000000708600000| PB 0x0000000708600000| Untracked 
|  68|0x0000000708800000, 0x0000000708800000, 0x0000000708a00000|  0%| F|  |TAMS 0x0000000708800000| PB 0x0000000708800000| Untracked 
|  69|0x0000000708a00000, 0x0000000708a00000, 0x0000000708c00000|  0%| F|  |TAMS 0x0000000708a00000| PB 0x0000000708a00000| Untracked 
|  70|0x0000000708c00000, 0x0000000708c00000, 0x0000000708e00000|  0%| F|  |TAMS 0x0000000708c00000| PB 0x0000000708c00000| Untracked 
|  71|0x0000000708e00000, 0x0000000708e00000, 0x0000000709000000|  0%| F|  |TAMS 0x0000000708e00000| PB 0x0000000708e00000| Untracked 
|  72|0x0000000709000000, 0x0000000709000000, 0x0000000709200000|  0%| F|  |TAMS 0x0000000709000000| PB 0x0000000709000000| Untracked 
|  73|0x0000000709200000, 0x0000000709200000, 0x0000000709400000|  0%| F|  |TAMS 0x0000000709200000| PB 0x0000000709200000| Untracked 
|  74|0x0000000709400000, 0x0000000709600000, 0x0000000709600000|100%| O|Cm|TAMS 0x0000000709400000| PB 0x0000000709400000| Complete 
|  75|0x0000000709600000, 0x0000000709600000, 0x0000000709800000|  0%| F|  |TAMS 0x0000000709600000| PB 0x0000000709600000| Untracked 
|  76|0x0000000709800000, 0x0000000709800000, 0x0000000709a00000|  0%| F|  |TAMS 0x0000000709800000| PB 0x0000000709800000| Untracked 
|  77|0x0000000709a00000, 0x0000000709a00000, 0x0000000709c00000|  0%| F|  |TAMS 0x0000000709a00000| PB 0x0000000709a00000| Untracked 
|  78|0x0000000709c00000, 0x0000000709c00000, 0x0000000709e00000|  0%| F|  |TAMS 0x0000000709c00000| PB 0x0000000709c00000| Untracked 
|  79|0x0000000709e00000, 0x0000000709e00000, 0x000000070a000000|  0%| F|  |TAMS 0x0000000709e00000| PB 0x0000000709e00000| Untracked 
|  80|0x000000070a000000, 0x000000070a000000, 0x000000070a200000|  0%| F|  |TAMS 0x000000070a000000| PB 0x000000070a000000| Untracked 
|  81|0x000000070a200000, 0x000000070a200000, 0x000000070a400000|  0%| F|  |TAMS 0x000000070a200000| PB 0x000000070a200000| Untracked 
|  82|0x000000070a400000, 0x000000070a400000, 0x000000070a600000|  0%| F|  |TAMS 0x000000070a400000| PB 0x000000070a400000| Untracked 
|  83|0x000000070a600000, 0x000000070a600000, 0x000000070a800000|  0%| F|  |TAMS 0x000000070a600000| PB 0x000000070a600000| Untracked 
|  84|0x000000070a800000, 0x000000070a800000, 0x000000070aa00000|  0%| F|  |TAMS 0x000000070a800000| PB 0x000000070a800000| Untracked 
|  85|0x000000070aa00000, 0x000000070aa00000, 0x000000070ac00000|  0%| F|  |TAMS 0x000000070aa00000| PB 0x000000070aa00000| Untracked 
|  86|0x000000070ac00000, 0x000000070ac00000, 0x000000070ae00000|  0%| F|  |TAMS 0x000000070ac00000| PB 0x000000070ac00000| Untracked 
|  87|0x000000070ae00000, 0x000000070b000000, 0x000000070b000000|100%| O|  |TAMS 0x000000070ae00000| PB 0x000000070ae00000| Untracked 
|  88|0x000000070b000000, 0x000000070b000000, 0x000000070b200000|  0%| F|  |TAMS 0x000000070b000000| PB 0x000000070b000000| Untracked 
|  89|0x000000070b200000, 0x000000070b200000, 0x000000070b400000|  0%| F|  |TAMS 0x000000070b200000| PB 0x000000070b200000| Untracked 
|  90|0x000000070b400000, 0x000000070b400000, 0x000000070b600000|  0%| F|  |TAMS 0x000000070b400000| PB 0x000000070b400000| Untracked 
|  91|0x000000070b600000, 0x000000070b600000, 0x000000070b800000|  0%| F|  |TAMS 0x000000070b600000| PB 0x000000070b600000| Untracked 
|  92|0x000000070b800000, 0x000000070b800000, 0x000000070ba00000|  0%| F|  |TAMS 0x000000070b800000| PB 0x000000070b800000| Untracked 
|  93|0x000000070ba00000, 0x000000070ba00000, 0x000000070bc00000|  0%| F|  |TAMS 0x000000070ba00000| PB 0x000000070ba00000| Untracked 
|  94|0x000000070bc00000, 0x000000070bc00000, 0x000000070be00000|  0%| F|  |TAMS 0x000000070bc00000| PB 0x000000070bc00000| Untracked 
|  95|0x000000070be00000, 0x000000070be00000, 0x000000070c000000|  0%| F|  |TAMS 0x000000070be00000| PB 0x000000070be00000| Untracked 
|  96|0x000000070c000000, 0x000000070c000000, 0x000000070c200000|  0%| F|  |TAMS 0x000000070c000000| PB 0x000000070c000000| Untracked 
|  97|0x000000070c200000, 0x000000070c200000, 0x000000070c400000|  0%| F|  |TAMS 0x000000070c200000| PB 0x000000070c200000| Untracked 
|  98|0x000000070c400000, 0x000000070c400000, 0x000000070c600000|  0%| F|  |TAMS 0x000000070c400000| PB 0x000000070c400000| Untracked 
|  99|0x000000070c600000, 0x000000070c600000, 0x000000070c800000|  0%| F|  |TAMS 0x000000070c600000| PB 0x000000070c600000| Untracked 
| 100|0x000000070c800000, 0x000000070c800000, 0x000000070ca00000|  0%| F|  |TAMS 0x000000070c800000| PB 0x000000070c800000| Untracked 
| 101|0x000000070ca00000, 0x000000070ca00000, 0x000000070cc00000|  0%| F|  |TAMS 0x000000070ca00000| PB 0x000000070ca00000| Untracked 
| 102|0x000000070cc00000, 0x000000070cc00000, 0x000000070ce00000|  0%| F|  |TAMS 0x000000070cc00000| PB 0x000000070cc00000| Untracked 
| 103|0x000000070ce00000, 0x000000070d000000, 0x000000070d000000|100%| O|Cm|TAMS 0x000000070ce00000| PB 0x000000070ce00000| Complete 
| 104|0x000000070d000000, 0x000000070d200000, 0x000000070d200000|100%| O|Cm|TAMS 0x000000070d000000| PB 0x000000070d000000| Complete 
| 105|0x000000070d200000, 0x000000070d200000, 0x000000070d400000|  0%| F|  |TAMS 0x000000070d200000| PB 0x000000070d200000| Untracked 
| 106|0x000000070d400000, 0x000000070d400000, 0x000000070d600000|  0%| F|  |TAMS 0x000000070d400000| PB 0x000000070d400000| Untracked 
| 107|0x000000070d600000, 0x000000070d600000, 0x000000070d800000|  0%| F|  |TAMS 0x000000070d600000| PB 0x000000070d600000| Untracked 
| 108|0x000000070d800000, 0x000000070d800000, 0x000000070da00000|  0%| F|  |TAMS 0x000000070d800000| PB 0x000000070d800000| Untracked 
| 109|0x000000070da00000, 0x000000070dc00000, 0x000000070dc00000|100%| O|  |TAMS 0x000000070da00000| PB 0x000000070da00000| Untracked 
| 110|0x000000070dc00000, 0x000000070dc00000, 0x000000070de00000|  0%| F|  |TAMS 0x000000070dc00000| PB 0x000000070dc00000| Untracked 
| 111|0x000000070de00000, 0x000000070de00000, 0x000000070e000000|  0%| F|  |TAMS 0x000000070de00000| PB 0x000000070de00000| Untracked 
| 112|0x000000070e000000, 0x000000070e200000, 0x000000070e200000|100%| O|  |TAMS 0x000000070e000000| PB 0x000000070e000000| Untracked 
| 113|0x000000070e200000, 0x000000070e400000, 0x000000070e400000|100%| O|Cm|TAMS 0x000000070e200000| PB 0x000000070e200000| Complete 
| 114|0x000000070e400000, 0x000000070e400000, 0x000000070e600000|  0%| F|  |TAMS 0x000000070e400000| PB 0x000000070e400000| Untracked 
| 115|0x000000070e600000, 0x000000070e600000, 0x000000070e800000|  0%| F|  |TAMS 0x000000070e600000| PB 0x000000070e600000| Untracked 
| 116|0x000000070e800000, 0x000000070e800000, 0x000000070ea00000|  0%| F|  |TAMS 0x000000070e800000| PB 0x000000070e800000| Untracked 
| 117|0x000000070ea00000, 0x000000070ea00000, 0x000000070ec00000|  0%| F|  |TAMS 0x000000070ea00000| PB 0x000000070ea00000| Untracked 
| 118|0x000000070ec00000, 0x000000070ec00000, 0x000000070ee00000|  0%| F|  |TAMS 0x000000070ec00000| PB 0x000000070ec00000| Untracked 
| 119|0x000000070ee00000, 0x000000070ee00000, 0x000000070f000000|  0%| F|  |TAMS 0x000000070ee00000| PB 0x000000070ee00000| Untracked 
| 120|0x000000070f000000, 0x000000070f200000, 0x000000070f200000|100%| O|Cm|TAMS 0x000000070f000000| PB 0x000000070f000000| Complete 
| 121|0x000000070f200000, 0x000000070f200000, 0x000000070f400000|  0%| F|  |TAMS 0x000000070f200000| PB 0x000000070f200000| Untracked 
| 122|0x000000070f400000, 0x000000070f400000, 0x000000070f600000|  0%| F|  |TAMS 0x000000070f400000| PB 0x000000070f400000| Untracked 
| 123|0x000000070f600000, 0x000000070f600000, 0x000000070f800000|  0%| F|  |TAMS 0x000000070f600000| PB 0x000000070f600000| Untracked 
| 124|0x000000070f800000, 0x000000070fa00000, 0x000000070fa00000|100%| O|  |TAMS 0x000000070f800000| PB 0x000000070f800000| Untracked 
| 125|0x000000070fa00000, 0x000000070fa00000, 0x000000070fc00000|  0%| F|  |TAMS 0x000000070fa00000| PB 0x000000070fa00000| Untracked 
| 126|0x000000070fc00000, 0x000000070fc00000, 0x000000070fe00000|  0%| F|  |TAMS 0x000000070fc00000| PB 0x000000070fc00000| Untracked 
| 127|0x000000070fe00000, 0x000000070fe00000, 0x0000000710000000|  0%| F|  |TAMS 0x000000070fe00000| PB 0x000000070fe00000| Untracked 
| 128|0x0000000710000000, 0x0000000710000000, 0x0000000710200000|  0%| F|  |TAMS 0x0000000710000000| PB 0x0000000710000000| Untracked 
| 129|0x0000000710200000, 0x0000000710200000, 0x0000000710400000|  0%| F|  |TAMS 0x0000000710200000| PB 0x0000000710200000| Untracked 
| 130|0x0000000710400000, 0x0000000710400000, 0x0000000710600000|  0%| F|  |TAMS 0x0000000710400000| PB 0x0000000710400000| Untracked 
| 131|0x0000000710600000, 0x0000000710600000, 0x0000000710800000|  0%| F|  |TAMS 0x0000000710600000| PB 0x0000000710600000| Untracked 
| 132|0x0000000710800000, 0x0000000710800000, 0x0000000710a00000|  0%| F|  |TAMS 0x0000000710800000| PB 0x0000000710800000| Untracked 
| 133|0x0000000710a00000, 0x0000000710c00000, 0x0000000710c00000|100%| O|  |TAMS 0x0000000710a00000| PB 0x0000000710a00000| Untracked 
| 134|0x0000000710c00000, 0x0000000710c00000, 0x0000000710e00000|  0%| F|  |TAMS 0x0000000710c00000| PB 0x0000000710c00000| Untracked 
| 135|0x0000000710e00000, 0x0000000710e00000, 0x0000000711000000|  0%| F|  |TAMS 0x0000000710e00000| PB 0x0000000710e00000| Untracked 
| 136|0x0000000711000000, 0x0000000711000000, 0x0000000711200000|  0%| F|  |TAMS 0x0000000711000000| PB 0x0000000711000000| Untracked 
| 137|0x0000000711200000, 0x0000000711200000, 0x0000000711400000|  0%| F|  |TAMS 0x0000000711200000| PB 0x0000000711200000| Untracked 
| 138|0x0000000711400000, 0x0000000711400000, 0x0000000711600000|  0%| F|  |TAMS 0x0000000711400000| PB 0x0000000711400000| Untracked 
| 139|0x0000000711600000, 0x0000000711600000, 0x0000000711800000|  0%| F|  |TAMS 0x0000000711600000| PB 0x0000000711600000| Untracked 
| 140|0x0000000711800000, 0x0000000711800000, 0x0000000711a00000|  0%| F|  |TAMS 0x0000000711800000| PB 0x0000000711800000| Untracked 
| 141|0x0000000711a00000, 0x0000000711a00000, 0x0000000711c00000|  0%| F|  |TAMS 0x0000000711a00000| PB 0x0000000711a00000| Untracked 
| 142|0x0000000711c00000, 0x0000000711c00000, 0x0000000711e00000|  0%| F|  |TAMS 0x0000000711c00000| PB 0x0000000711c00000| Untracked 
| 143|0x0000000711e00000, 0x0000000711e00000, 0x0000000712000000|  0%| F|  |TAMS 0x0000000711e00000| PB 0x0000000711e00000| Untracked 
| 144|0x0000000712000000, 0x0000000712000000, 0x0000000712200000|  0%| F|  |TAMS 0x0000000712000000| PB 0x0000000712000000| Untracked 
| 145|0x0000000712200000, 0x0000000712200000, 0x0000000712400000|  0%| F|  |TAMS 0x0000000712200000| PB 0x0000000712200000| Untracked 
| 146|0x0000000712400000, 0x0000000712600000, 0x0000000712600000|100%| O|  |TAMS 0x0000000712400000| PB 0x0000000712400000| Untracked 
| 147|0x0000000712600000, 0x0000000712800000, 0x0000000712800000|100%| O|  |TAMS 0x0000000712600000| PB 0x0000000712600000| Untracked 
| 148|0x0000000712800000, 0x0000000712a00000, 0x0000000712a00000|100%| O|  |TAMS 0x0000000712800000| PB 0x0000000712800000| Untracked 
| 149|0x0000000712a00000, 0x0000000712a00000, 0x0000000712c00000|  0%| F|  |TAMS 0x0000000712a00000| PB 0x0000000712a00000| Untracked 
| 150|0x0000000712c00000, 0x0000000712e00000, 0x0000000712e00000|100%| O|Cm|TAMS 0x0000000712c00000| PB 0x0000000712c00000| Complete 
| 151|0x0000000712e00000, 0x0000000712e00000, 0x0000000713000000|  0%| F|  |TAMS 0x0000000712e00000| PB 0x0000000712e00000| Untracked 
| 152|0x0000000713000000, 0x0000000713000000, 0x0000000713200000|  0%| F|  |TAMS 0x0000000713000000| PB 0x0000000713000000| Untracked 
| 153|0x0000000713200000, 0x0000000713200000, 0x0000000713400000|  0%| F|  |TAMS 0x0000000713200000| PB 0x0000000713200000| Untracked 
| 154|0x0000000713400000, 0x0000000713400000, 0x0000000713600000|  0%| F|  |TAMS 0x0000000713400000| PB 0x0000000713400000| Untracked 
| 155|0x0000000713600000, 0x0000000713600000, 0x0000000713800000|  0%| F|  |TAMS 0x0000000713600000| PB 0x0000000713600000| Untracked 
| 156|0x0000000713800000, 0x0000000713800000, 0x0000000713a00000|  0%| F|  |TAMS 0x0000000713800000| PB 0x0000000713800000| Untracked 
| 157|0x0000000713a00000, 0x0000000713a00000, 0x0000000713c00000|  0%| F|  |TAMS 0x0000000713a00000| PB 0x0000000713a00000| Untracked 
| 158|0x0000000713c00000, 0x0000000713c00000, 0x0000000713e00000|  0%| F|  |TAMS 0x0000000713c00000| PB 0x0000000713c00000| Untracked 
| 159|0x0000000713e00000, 0x0000000713e00000, 0x0000000714000000|  0%| F|  |TAMS 0x0000000713e00000| PB 0x0000000713e00000| Untracked 
| 160|0x0000000714000000, 0x0000000714000000, 0x0000000714200000|  0%| F|  |TAMS 0x0000000714000000| PB 0x0000000714000000| Untracked 
| 161|0x0000000714200000, 0x0000000714200000, 0x0000000714400000|  0%| F|  |TAMS 0x0000000714200000| PB 0x0000000714200000| Untracked 
| 162|0x0000000714400000, 0x0000000714400000, 0x0000000714600000|  0%| F|  |TAMS 0x0000000714400000| PB 0x0000000714400000| Untracked 
| 163|0x0000000714600000, 0x0000000714600000, 0x0000000714800000|  0%| F|  |TAMS 0x0000000714600000| PB 0x0000000714600000| Untracked 
| 164|0x0000000714800000, 0x0000000714800000, 0x0000000714a00000|  0%| F|  |TAMS 0x0000000714800000| PB 0x0000000714800000| Untracked 
| 165|0x0000000714a00000, 0x0000000714a00000, 0x0000000714c00000|  0%| F|  |TAMS 0x0000000714a00000| PB 0x0000000714a00000| Untracked 
| 166|0x0000000714c00000, 0x0000000714c00000, 0x0000000714e00000|  0%| F|  |TAMS 0x0000000714c00000| PB 0x0000000714c00000| Untracked 
| 167|0x0000000714e00000, 0x0000000714e00000, 0x0000000715000000|  0%| F|  |TAMS 0x0000000714e00000| PB 0x0000000714e00000| Untracked 
| 168|0x0000000715000000, 0x0000000715000000, 0x0000000715200000|  0%| F|  |TAMS 0x0000000715000000| PB 0x0000000715000000| Untracked 
| 169|0x0000000715200000, 0x0000000715200000, 0x0000000715400000|  0%| F|  |TAMS 0x0000000715200000| PB 0x0000000715200000| Untracked 
| 170|0x0000000715400000, 0x0000000715400000, 0x0000000715600000|  0%| F|  |TAMS 0x0000000715400000| PB 0x0000000715400000| Untracked 
| 171|0x0000000715600000, 0x0000000715600000, 0x0000000715800000|  0%| F|  |TAMS 0x0000000715600000| PB 0x0000000715600000| Untracked 
| 172|0x0000000715800000, 0x0000000715800000, 0x0000000715a00000|  0%| F|  |TAMS 0x0000000715800000| PB 0x0000000715800000| Untracked 
| 173|0x0000000715a00000, 0x0000000715a00000, 0x0000000715c00000|  0%| F|  |TAMS 0x0000000715a00000| PB 0x0000000715a00000| Untracked 
| 174|0x0000000715c00000, 0x0000000715c00000, 0x0000000715e00000|  0%| F|  |TAMS 0x0000000715c00000| PB 0x0000000715c00000| Untracked 
| 175|0x0000000715e00000, 0x0000000715e00000, 0x0000000716000000|  0%| F|  |TAMS 0x0000000715e00000| PB 0x0000000715e00000| Untracked 
| 176|0x0000000716000000, 0x0000000716000000, 0x0000000716200000|  0%| F|  |TAMS 0x0000000716000000| PB 0x0000000716000000| Untracked 
| 177|0x0000000716200000, 0x0000000716200000, 0x0000000716400000|  0%| F|  |TAMS 0x0000000716200000| PB 0x0000000716200000| Untracked 
| 178|0x0000000716400000, 0x0000000716400000, 0x0000000716600000|  0%| F|  |TAMS 0x0000000716400000| PB 0x0000000716400000| Untracked 
| 179|0x0000000716600000, 0x0000000716600000, 0x0000000716800000|  0%| F|  |TAMS 0x0000000716600000| PB 0x0000000716600000| Untracked 
| 180|0x0000000716800000, 0x0000000716800000, 0x0000000716a00000|  0%| F|  |TAMS 0x0000000716800000| PB 0x0000000716800000| Untracked 
| 181|0x0000000716a00000, 0x0000000716a00000, 0x0000000716c00000|  0%| F|  |TAMS 0x0000000716a00000| PB 0x0000000716a00000| Untracked 
| 182|0x0000000716c00000, 0x0000000716c00000, 0x0000000716e00000|  0%| F|  |TAMS 0x0000000716c00000| PB 0x0000000716c00000| Untracked 
| 183|0x0000000716e00000, 0x0000000716e00000, 0x0000000717000000|  0%| F|  |TAMS 0x0000000716e00000| PB 0x0000000716e00000| Untracked 
| 184|0x0000000717000000, 0x0000000717000000, 0x0000000717200000|  0%| F|  |TAMS 0x0000000717000000| PB 0x0000000717000000| Untracked 
| 185|0x0000000717200000, 0x0000000717200000, 0x0000000717400000|  0%| F|  |TAMS 0x0000000717200000| PB 0x0000000717200000| Untracked 
| 186|0x0000000717400000, 0x0000000717400000, 0x0000000717600000|  0%| F|  |TAMS 0x0000000717400000| PB 0x0000000717400000| Untracked 
| 187|0x0000000717600000, 0x0000000717600000, 0x0000000717800000|  0%| F|  |TAMS 0x0000000717600000| PB 0x0000000717600000| Untracked 
| 188|0x0000000717800000, 0x0000000717800000, 0x0000000717a00000|  0%| F|  |TAMS 0x0000000717800000| PB 0x0000000717800000| Untracked 
| 189|0x0000000717a00000, 0x0000000717a00000, 0x0000000717c00000|  0%| F|  |TAMS 0x0000000717a00000| PB 0x0000000717a00000| Untracked 
| 190|0x0000000717c00000, 0x0000000717c00000, 0x0000000717e00000|  0%| F|  |TAMS 0x0000000717c00000| PB 0x0000000717c00000| Untracked 
| 191|0x0000000717e00000, 0x0000000717e00000, 0x0000000718000000|  0%| F|  |TAMS 0x0000000717e00000| PB 0x0000000717e00000| Untracked 
| 192|0x0000000718000000, 0x0000000718000000, 0x0000000718200000|  0%| F|  |TAMS 0x0000000718000000| PB 0x0000000718000000| Untracked 
| 193|0x0000000718200000, 0x0000000718200000, 0x0000000718400000|  0%| F|  |TAMS 0x0000000718200000| PB 0x0000000718200000| Untracked 
| 194|0x0000000718400000, 0x0000000718400000, 0x0000000718600000|  0%| F|  |TAMS 0x0000000718400000| PB 0x0000000718400000| Untracked 
| 195|0x0000000718600000, 0x0000000718600000, 0x0000000718800000|  0%| F|  |TAMS 0x0000000718600000| PB 0x0000000718600000| Untracked 
| 196|0x0000000718800000, 0x0000000718800000, 0x0000000718a00000|  0%| F|  |TAMS 0x0000000718800000| PB 0x0000000718800000| Untracked 
| 197|0x0000000718a00000, 0x0000000718a00000, 0x0000000718c00000|  0%| F|  |TAMS 0x0000000718a00000| PB 0x0000000718a00000| Untracked 
| 198|0x0000000718c00000, 0x0000000718c00000, 0x0000000718e00000|  0%| F|  |TAMS 0x0000000718c00000| PB 0x0000000718c00000| Untracked 
| 199|0x0000000718e00000, 0x0000000718e75a40, 0x0000000719000000| 22%| S|CS|TAMS 0x0000000718e00000| PB 0x0000000718e00000| Complete 
| 200|0x0000000719000000, 0x0000000719200000, 0x0000000719200000|100%| S|CS|TAMS 0x0000000719000000| PB 0x0000000719000000| Complete 
| 201|0x0000000719200000, 0x0000000719400000, 0x0000000719400000|100%| S|CS|TAMS 0x0000000719200000| PB 0x0000000719200000| Complete 
| 202|0x0000000719400000, 0x0000000719600000, 0x0000000719600000|100%| S|CS|TAMS 0x0000000719400000| PB 0x0000000719400000| Complete 
| 203|0x0000000719600000, 0x0000000719800000, 0x0000000719800000|100%| S|CS|TAMS 0x0000000719600000| PB 0x0000000719600000| Complete 
| 204|0x0000000719800000, 0x0000000719a00000, 0x0000000719a00000|100%| S|CS|TAMS 0x0000000719800000| PB 0x0000000719800000| Complete 
| 205|0x0000000719a00000, 0x0000000719c00000, 0x0000000719c00000|100%| S|CS|TAMS 0x0000000719a00000| PB 0x0000000719a00000| Complete 
| 206|0x0000000719c00000, 0x0000000719c00000, 0x0000000719e00000|  0%| F|  |TAMS 0x0000000719c00000| PB 0x0000000719c00000| Untracked 
| 207|0x0000000719e00000, 0x0000000719e00000, 0x000000071a000000|  0%| F|  |TAMS 0x0000000719e00000| PB 0x0000000719e00000| Untracked 
| 208|0x000000071a000000, 0x000000071a000000, 0x000000071a200000|  0%| F|  |TAMS 0x000000071a000000| PB 0x000000071a000000| Untracked 
| 209|0x000000071a200000, 0x000000071a200000, 0x000000071a400000|  0%| F|  |TAMS 0x000000071a200000| PB 0x000000071a200000| Untracked 
| 210|0x000000071a400000, 0x000000071a400000, 0x000000071a600000|  0%| F|  |TAMS 0x000000071a400000| PB 0x000000071a400000| Untracked 
| 211|0x000000071a600000, 0x000000071a600000, 0x000000071a800000|  0%| F|  |TAMS 0x000000071a600000| PB 0x000000071a600000| Untracked 
| 212|0x000000071a800000, 0x000000071a800000, 0x000000071aa00000|  0%| F|  |TAMS 0x000000071a800000| PB 0x000000071a800000| Untracked 
| 213|0x000000071aa00000, 0x000000071aa00000, 0x000000071ac00000|  0%| F|  |TAMS 0x000000071aa00000| PB 0x000000071aa00000| Untracked 
| 214|0x000000071ac00000, 0x000000071ac00000, 0x000000071ae00000|  0%| F|  |TAMS 0x000000071ac00000| PB 0x000000071ac00000| Untracked 
| 215|0x000000071ae00000, 0x000000071ae00000, 0x000000071b000000|  0%| F|  |TAMS 0x000000071ae00000| PB 0x000000071ae00000| Untracked 
| 216|0x000000071b000000, 0x000000071b000000, 0x000000071b200000|  0%| F|  |TAMS 0x000000071b000000| PB 0x000000071b000000| Untracked 
| 217|0x000000071b200000, 0x000000071b200000, 0x000000071b400000|  0%| F|  |TAMS 0x000000071b200000| PB 0x000000071b200000| Untracked 
| 218|0x000000071b400000, 0x000000071b400000, 0x000000071b600000|  0%| F|  |TAMS 0x000000071b400000| PB 0x000000071b400000| Untracked 
| 219|0x000000071b600000, 0x000000071b600000, 0x000000071b800000|  0%| F|  |TAMS 0x000000071b600000| PB 0x000000071b600000| Untracked 
| 220|0x000000071b800000, 0x000000071b800000, 0x000000071ba00000|  0%| F|  |TAMS 0x000000071b800000| PB 0x000000071b800000| Untracked 
| 221|0x000000071ba00000, 0x000000071ba00000, 0x000000071bc00000|  0%| F|  |TAMS 0x000000071ba00000| PB 0x000000071ba00000| Untracked 
| 222|0x000000071bc00000, 0x000000071bc00000, 0x000000071be00000|  0%| F|  |TAMS 0x000000071bc00000| PB 0x000000071bc00000| Untracked 
| 223|0x000000071be00000, 0x000000071be00000, 0x000000071c000000|  0%| F|  |TAMS 0x000000071be00000| PB 0x000000071be00000| Untracked 
| 224|0x000000071c000000, 0x000000071c000000, 0x000000071c200000|  0%| F|  |TAMS 0x000000071c000000| PB 0x000000071c000000| Untracked 
| 225|0x000000071c200000, 0x000000071c200000, 0x000000071c400000|  0%| F|  |TAMS 0x000000071c200000| PB 0x000000071c200000| Untracked 
| 226|0x000000071c400000, 0x000000071c400000, 0x000000071c600000|  0%| F|  |TAMS 0x000000071c400000| PB 0x000000071c400000| Untracked 
| 227|0x000000071c600000, 0x000000071c600000, 0x000000071c800000|  0%| F|  |TAMS 0x000000071c600000| PB 0x000000071c600000| Untracked 
| 228|0x000000071c800000, 0x000000071c800000, 0x000000071ca00000|  0%| F|  |TAMS 0x000000071c800000| PB 0x000000071c800000| Untracked 
| 229|0x000000071ca00000, 0x000000071ca00000, 0x000000071cc00000|  0%| F|  |TAMS 0x000000071ca00000| PB 0x000000071ca00000| Untracked 
| 230|0x000000071cc00000, 0x000000071cc00000, 0x000000071ce00000|  0%| F|  |TAMS 0x000000071cc00000| PB 0x000000071cc00000| Untracked 
| 231|0x000000071ce00000, 0x000000071ce00000, 0x000000071d000000|  0%| F|  |TAMS 0x000000071ce00000| PB 0x000000071ce00000| Untracked 
| 232|0x000000071d000000, 0x000000071d000000, 0x000000071d200000|  0%| F|  |TAMS 0x000000071d000000| PB 0x000000071d000000| Untracked 
| 233|0x000000071d200000, 0x000000071d200000, 0x000000071d400000|  0%| F|  |TAMS 0x000000071d200000| PB 0x000000071d200000| Untracked 
| 234|0x000000071d400000, 0x000000071d400000, 0x000000071d600000|  0%| F|  |TAMS 0x000000071d400000| PB 0x000000071d400000| Untracked 
| 235|0x000000071d600000, 0x000000071d600000, 0x000000071d800000|  0%| F|  |TAMS 0x000000071d600000| PB 0x000000071d600000| Untracked 
| 236|0x000000071d800000, 0x000000071d800000, 0x000000071da00000|  0%| F|  |TAMS 0x000000071d800000| PB 0x000000071d800000| Untracked 
| 237|0x000000071da00000, 0x000000071da00000, 0x000000071dc00000|  0%| F|  |TAMS 0x000000071da00000| PB 0x000000071da00000| Untracked 
| 238|0x000000071dc00000, 0x000000071dc00000, 0x000000071de00000|  0%| F|  |TAMS 0x000000071dc00000| PB 0x000000071dc00000| Untracked 
| 239|0x000000071de00000, 0x000000071de00000, 0x000000071e000000|  0%| F|  |TAMS 0x000000071de00000| PB 0x000000071de00000| Untracked 
| 240|0x000000071e000000, 0x000000071e000000, 0x000000071e200000|  0%| F|  |TAMS 0x000000071e000000| PB 0x000000071e000000| Untracked 
| 241|0x000000071e200000, 0x000000071e200000, 0x000000071e400000|  0%| F|  |TAMS 0x000000071e200000| PB 0x000000071e200000| Untracked 
| 242|0x000000071e400000, 0x000000071e400000, 0x000000071e600000|  0%| F|  |TAMS 0x000000071e400000| PB 0x000000071e400000| Untracked 
| 243|0x000000071e600000, 0x000000071e600000, 0x000000071e800000|  0%| F|  |TAMS 0x000000071e600000| PB 0x000000071e600000| Untracked 
| 244|0x000000071e800000, 0x000000071e800000, 0x000000071ea00000|  0%| F|  |TAMS 0x000000071e800000| PB 0x000000071e800000| Untracked 
| 245|0x000000071ea00000, 0x000000071ea00000, 0x000000071ec00000|  0%| F|  |TAMS 0x000000071ea00000| PB 0x000000071ea00000| Untracked 
| 246|0x000000071ec00000, 0x000000071ec00000, 0x000000071ee00000|  0%| F|  |TAMS 0x000000071ec00000| PB 0x000000071ec00000| Untracked 
| 247|0x000000071ee00000, 0x000000071ef156b8, 0x000000071f000000| 54%| E|  |TAMS 0x000000071ee00000| PB 0x000000071ee00000| Complete 
| 248|0x000000071f000000, 0x000000071f200000, 0x000000071f200000|100%| E|CS|TAMS 0x000000071f000000| PB 0x000000071f000000| Complete 
| 249|0x000000071f200000, 0x000000071f400000, 0x000000071f400000|100%| E|CS|TAMS 0x000000071f200000| PB 0x000000071f200000| Complete 
| 250|0x000000071f400000, 0x000000071f600000, 0x000000071f600000|100%| E|CS|TAMS 0x000000071f400000| PB 0x000000071f400000| Complete 
| 251|0x000000071f600000, 0x000000071f800000, 0x000000071f800000|100%| E|CS|TAMS 0x000000071f600000| PB 0x000000071f600000| Complete 
| 252|0x000000071f800000, 0x000000071fa00000, 0x000000071fa00000|100%| E|CS|TAMS 0x000000071f800000| PB 0x000000071f800000| Complete 
| 253|0x000000071fa00000, 0x000000071fc00000, 0x000000071fc00000|100%| E|CS|TAMS 0x000000071fa00000| PB 0x000000071fa00000| Complete 
| 254|0x000000071fc00000, 0x000000071fe00000, 0x000000071fe00000|100%| E|CS|TAMS 0x000000071fc00000| PB 0x000000071fc00000| Complete 
| 255|0x000000071fe00000, 0x0000000720000000, 0x0000000720000000|100%| E|CS|TAMS 0x000000071fe00000| PB 0x000000071fe00000| Complete 
| 256|0x0000000720000000, 0x0000000720200000, 0x0000000720200000|100%| E|CS|TAMS 0x0000000720000000| PB 0x0000000720000000| Complete 
| 257|0x0000000720200000, 0x0000000720400000, 0x0000000720400000|100%| E|CS|TAMS 0x0000000720200000| PB 0x0000000720200000| Complete 
| 258|0x0000000720400000, 0x0000000720600000, 0x0000000720600000|100%| E|CS|TAMS 0x0000000720400000| PB 0x0000000720400000| Complete 
| 259|0x0000000720600000, 0x0000000720800000, 0x0000000720800000|100%| E|CS|TAMS 0x0000000720600000| PB 0x0000000720600000| Complete 
| 260|0x0000000720800000, 0x0000000720a00000, 0x0000000720a00000|100%| E|CS|TAMS 0x0000000720800000| PB 0x0000000720800000| Complete 
| 261|0x0000000720a00000, 0x0000000720c00000, 0x0000000720c00000|100%| E|CS|TAMS 0x0000000720a00000| PB 0x0000000720a00000| Complete 
| 262|0x0000000720c00000, 0x0000000720e00000, 0x0000000720e00000|100%| E|CS|TAMS 0x0000000720c00000| PB 0x0000000720c00000| Complete 
| 263|0x0000000720e00000, 0x0000000721000000, 0x0000000721000000|100%| E|CS|TAMS 0x0000000720e00000| PB 0x0000000720e00000| Complete 
| 264|0x0000000721000000, 0x0000000721200000, 0x0000000721200000|100%| E|CS|TAMS 0x0000000721000000| PB 0x0000000721000000| Complete 
| 265|0x0000000721200000, 0x0000000721400000, 0x0000000721400000|100%| E|CS|TAMS 0x0000000721200000| PB 0x0000000721200000| Complete 
| 266|0x0000000721400000, 0x0000000721600000, 0x0000000721600000|100%| E|CS|TAMS 0x0000000721400000| PB 0x0000000721400000| Complete 
| 267|0x0000000721600000, 0x0000000721800000, 0x0000000721800000|100%| E|CS|TAMS 0x0000000721600000| PB 0x0000000721600000| Complete 
| 268|0x0000000721800000, 0x0000000721a00000, 0x0000000721a00000|100%| E|CS|TAMS 0x0000000721800000| PB 0x0000000721800000| Complete 
| 269|0x0000000721a00000, 0x0000000721c00000, 0x0000000721c00000|100%| E|CS|TAMS 0x0000000721a00000| PB 0x0000000721a00000| Complete 
| 270|0x0000000721c00000, 0x0000000721e00000, 0x0000000721e00000|100%| E|CS|TAMS 0x0000000721c00000| PB 0x0000000721c00000| Complete 
| 271|0x0000000721e00000, 0x0000000722000000, 0x0000000722000000|100%| E|CS|TAMS 0x0000000721e00000| PB 0x0000000721e00000| Complete 
|2037|0x00000007fea00000, 0x00000007fec00000, 0x00000007fec00000|100%| O|  |TAMS 0x00000007fea00000| PB 0x00000007fea00000| Untracked 
|2047|0x00000007ffe00000, 0x0000000800000000, 0x0000000800000000|100%| E|CS|TAMS 0x00000007ffe00000| PB 0x00000007ffe00000| Complete 

Card table byte_map: [0x00000001144d8000,0x0000000114cd8000] _byte_map_base: 0x0000000110cd8000

Marking Bits: (CMBitMap*) 0x0000000159041a10
 Bits: [0x0000000114cd8000, 0x0000000118cd8000)

Polling page: 0x0000000100194000

Metaspace:

Usage:
  Non-class:    160.45 MB used.
      Class:     22.04 MB used.
       Both:    182.49 MB used.

Virtual space:
  Non-class space:      192.00 MB reserved,     161.69 MB ( 84%) committed,  3 nodes.
      Class space:        1.00 GB reserved,      23.25 MB (  2%) committed,  1 nodes.
             Both:        1.19 GB reserved,     184.94 MB ( 15%) committed. 

Chunk freelists:
   Non-Class:  13.95 MB
       Class:  8.81 MB
        Both:  22.76 MB

MaxMetaspaceSize: unlimited
CompressedClassSpaceSize: 1.00 GB
Initial GC threshold: 21.00 MB
Current GC threshold: 308.06 MB
CDS: off
 - commit_granule_bytes: 65536.
 - commit_granule_words: 8192.
 - virtual_space_node_default_size: 8388608.
 - enlarge_chunks_in_place: 1.
 - use_allocation_guard: 0.


Internal statistics:

num_allocs_failed_limit: 18.
num_arena_births: 7216.
num_arena_deaths: 2960.
num_vsnodes_births: 4.
num_vsnodes_deaths: 0.
num_space_committed: 3024.
num_space_uncommitted: 65.
num_chunks_returned_to_freelist: 5071.
num_chunks_taken_from_freelist: 18620.
num_chunk_merges: 1265.
num_chunk_splits: 10289.
num_chunks_enlarged: 5943.
num_inconsistent_stats: 0.

CodeHeap 'non-profiled nmethods': size=120032Kb used=38064Kb max_used=38064Kb free=81967Kb
 bounds [0x000000010cfa0000, 0x000000010f4d0000, 0x00000001144d8000]
CodeHeap 'profiled nmethods': size=120016Kb used=53455Kb max_used=53713Kb free=66560Kb
 bounds [0x00000001054d8000, 0x0000000108968000, 0x000000010ca0c000]
CodeHeap 'non-nmethods': size=5712Kb used=1889Kb max_used=2024Kb free=3822Kb
 bounds [0x000000010ca0c000, 0x000000010cc7c000, 0x000000010cfa0000]
 total_blobs=23499 nmethods=22459 adapters=946
 compilation: enabled
              stopped_count=0, restarted_count=0
 full_count=0

Compilation events (20 events):
Event: 47909.100 Thread 0x00000001590d5000 nmethod 67611 0x000000010e6aad10 code [0x000000010e6aaec0, 0x000000010e6ab090]
Event: 47909.100 Thread 0x00000001590d5000 67612       4       java.lang.invoke.LambdaForm$MH/0x0000000801341800::invoke (45 bytes)
Event: 47909.103 Thread 0x00000001590d5000 nmethod 67612 0x000000010f4c7410 code [0x000000010f4c7580, 0x000000010f4c7640]
Event: 47909.149 Thread 0x00000001590d5000 67613       4       org.gradle.execution.plan.ToPlannedTaskConverter::isInSamePlan (5 bytes)
Event: 47909.150 Thread 0x00000001590d5000 nmethod 67613 0x000000010f4c7810 code [0x000000010f4c7980, 0x000000010f4c7a48]
Event: 47909.157 Thread 0x00000001590d5800 67614       3       org.gradle.execution.plan.TaskNodeFactory$DefaultTypeOriginInspectorFactory$$Lambda/0x0000000800a30e00::apply (12 bytes)
Event: 47909.160 Thread 0x00000001590d5800 nmethod 67614 0x0000000107047c90 code [0x0000000107047f00, 0x0000000107048598]
Event: 47909.169 Thread 0x00000001590d5000 67615       4       java.lang.invoke.LambdaForm$MH/0x00000008016d3c00::invoke (64 bytes)
Event: 47909.195 Thread 0x00000001590d5800 67618       3       org.gradle.internal.serialize.DefaultSerializerRegistry::canSerialize (108 bytes)
Event: 47909.195 Thread 0x00000001590d5800 nmethod 67618 0x0000000106916090 code [0x0000000106916380, 0x0000000106917280]
Event: 47909.200 Thread 0x00000001590d5800 67619       2       org.gradle.api.internal.provider.DefaultValueSourceProviderFactory$ValueSourceProvider::<init> (6 bytes)
Event: 47909.201 Thread 0x00000001590d5800 nmethod 67619 0x00000001054e3890 code [0x00000001054e3a00, 0x00000001054e3b68]
Event: 47909.201 Thread 0x00000001590d5800 67620       2       org.gradle.api.internal.provider.DefaultValueSourceProviderFactory$ValueSourceProvider::<init> (10 bytes)
Event: 47909.201 Thread 0x00000001590d5800 nmethod 67620 0x00000001068e3f10 code [0x00000001068e4080, 0x00000001068e41e8]
Event: 47909.220 Thread 0x00000001590d5000 nmethod 67615 0x000000010f4c7b10 code [0x000000010f4c7e40, 0x000000010f4c8e60]
Event: 47909.220 Thread 0x00000001590d5000 67616       4       com.google.common.cache.Striped64$Cell::cas (13 bytes)
Event: 47909.221 Thread 0x00000001590d5000 nmethod 67616 0x000000010f4c9d10 code [0x000000010f4c9e80, 0x000000010f4c9f10]
Event: 47909.221 Thread 0x00000001590d5000 67621       4       java.nio.file.FileSystems::getDefault (14 bytes)
Event: 47909.221 Thread 0x00000001590d5000 nmethod 67621 0x000000010f4ca010 code [0x000000010f4ca180, 0x000000010f4ca230]
Event: 47909.221 Thread 0x00000001590d5000 67617       4       org.gradle.internal.execution.steps.AfterExecutionResult::<init> (11 bytes)

GC Heap History (20 events):
Event: 44656.943 GC heap before
{Heap before GC invocations=283 (full 2):
 garbage-first heap   total 722944K, used 628485K [0x0000000700000000, 0x0000000800000000)
  region size 2048K, 199 young (407552K), 11 survivors (22528K)
 Metaspace       used 186884K, committed 189056K, reserved 1245184K
  class space    used 22612K, committed 23808K, reserved 1048576K
}
Event: 44656.985 GC heap after
{Heap after GC invocations=284 (full 2):
 garbage-first heap   total 722944K, used 248984K [0x0000000700000000, 0x0000000800000000)
  region size 2048K, 25 young (51200K), 25 survivors (51200K)
 Metaspace       used 186884K, committed 189056K, reserved 1245184K
  class space    used 22612K, committed 23808K, reserved 1048576K
}
Event: 44657.133 GC heap before
{Heap before GC invocations=284 (full 2):
 garbage-first heap   total 722944K, used 605336K [0x0000000700000000, 0x0000000800000000)
  region size 2048K, 200 young (409600K), 25 survivors (51200K)
 Metaspace       used 186906K, committed 189056K, reserved 1245184K
  class space    used 22612K, committed 23808K, reserved 1048576K
}
Event: 44657.156 GC heap after
{Heap after GC invocations=285 (full 2):
 garbage-first heap   total 722944K, used 228551K [0x0000000700000000, 0x0000000800000000)
  region size 2048K, 9 young (18432K), 9 survivors (18432K)
 Metaspace       used 186906K, committed 189056K, reserved 1245184K
  class space    used 22612K, committed 23808K, reserved 1048576K
}
Event: 44657.256 GC heap before
{Heap before GC invocations=285 (full 2):
 garbage-first heap   total 722944K, used 617671K [0x0000000700000000, 0x0000000800000000)
  region size 2048K, 200 young (409600K), 9 survivors (18432K)
 Metaspace       used 186909K, committed 189056K, reserved 1245184K
  class space    used 22612K, committed 23808K, reserved 1048576K
}
Event: 44657.260 GC heap after
{Heap after GC invocations=286 (full 2):
 garbage-first heap   total 722944K, used 221902K [0x0000000700000000, 0x0000000800000000)
  region size 2048K, 6 young (12288K), 6 survivors (12288K)
 Metaspace       used 186909K, committed 189056K, reserved 1245184K
  class space    used 22612K, committed 23808K, reserved 1048576K
}
Event: 44827.027 GC heap before
{Heap before GC invocations=287 (full 2):
 garbage-first heap   total 716800K, used 666318K [0x0000000700000000, 0x0000000800000000)
  region size 2048K, 209 young (428032K), 6 survivors (12288K)
 Metaspace       used 186601K, committed 188992K, reserved 1245184K
  class space    used 22571K, committed 23808K, reserved 1048576K
}
Event: 44827.051 GC heap after
{Heap after GC invocations=288 (full 2):
 garbage-first heap   total 716800K, used 220962K [0x0000000700000000, 0x0000000800000000)
  region size 2048K, 11 young (22528K), 11 survivors (22528K)
 Metaspace       used 186601K, committed 188992K, reserved 1245184K
  class space    used 22571K, committed 23808K, reserved 1048576K
}
Event: 44842.819 GC heap before
{Heap before GC invocations=288 (full 2):
 garbage-first heap   total 716800K, used 667426K [0x0000000700000000, 0x0000000800000000)
  region size 2048K, 210 young (430080K), 11 survivors (22528K)
 Metaspace       used 186838K, committed 188992K, reserved 1245184K
  class space    used 22593K, committed 23808K, reserved 1048576K
}
Event: 44842.912 GC heap after
{Heap after GC invocations=289 (full 2):
 garbage-first heap   total 716800K, used 221039K [0x0000000700000000, 0x0000000800000000)
  region size 2048K, 15 young (30720K), 15 survivors (30720K)
 Metaspace       used 186838K, committed 188992K, reserved 1245184K
  class space    used 22593K, committed 23808K, reserved 1048576K
}
Event: 44846.424 GC heap before
{Heap before GC invocations=289 (full 2):
 garbage-first heap   total 716800K, used 505711K [0x0000000700000000, 0x0000000800000000)
  region size 2048K, 156 young (319488K), 15 survivors (30720K)
 Metaspace       used 187107K, committed 189248K, reserved 1245184K
  class space    used 22616K, committed 23808K, reserved 1048576K
}
Event: 44846.487 GC heap after
{Heap after GC invocations=290 (full 2):
 garbage-first heap   total 716800K, used 249680K [0x0000000700000000, 0x0000000800000000)
  region size 2048K, 27 young (55296K), 27 survivors (55296K)
 Metaspace       used 187107K, committed 189248K, reserved 1245184K
  class space    used 22616K, committed 23808K, reserved 1048576K
}
Event: 44888.398 GC heap before
{Heap before GC invocations=291 (full 2):
 garbage-first heap   total 716800K, used 642896K [0x0000000700000000, 0x0000000800000000)
  region size 2048K, 204 young (417792K), 27 survivors (55296K)
 Metaspace       used 187356K, committed 189504K, reserved 1245184K
  class space    used 22639K, committed 23808K, reserved 1048576K
}
Event: 44888.456 GC heap after
{Heap after GC invocations=292 (full 2):
 garbage-first heap   total 735232K, used 271721K [0x0000000700000000, 0x0000000800000000)
  region size 2048K, 26 young (53248K), 26 survivors (53248K)
 Metaspace       used 187356K, committed 189504K, reserved 1245184K
  class space    used 22639K, committed 23808K, reserved 1048576K
}
Event: 45072.908 GC heap before
{Heap before GC invocations=292 (full 2):
 garbage-first heap   total 735232K, used 652649K [0x0000000700000000, 0x0000000800000000)
  region size 2048K, 193 young (395264K), 26 survivors (53248K)
 Metaspace       used 187361K, committed 189504K, reserved 1245184K
  class space    used 22639K, committed 23808K, reserved 1048576K
}
Event: 45072.956 GC heap after
{Heap after GC invocations=293 (full 2):
 garbage-first heap   total 735232K, used 233244K [0x0000000700000000, 0x0000000800000000)
  region size 2048K, 5 young (10240K), 5 survivors (10240K)
 Metaspace       used 187361K, committed 189504K, reserved 1245184K
  class space    used 22639K, committed 23808K, reserved 1048576K
}
Event: 46985.612 GC heap before
{Heap before GC invocations=293 (full 2):
 garbage-first heap   total 735232K, used 626460K [0x0000000700000000, 0x0000000800000000)
  region size 2048K, 198 young (405504K), 5 survivors (10240K)
 Metaspace       used 187499K, committed 189632K, reserved 1245184K
  class space    used 22639K, committed 23808K, reserved 1048576K
}
Event: 46985.635 GC heap after
{Heap after GC invocations=294 (full 2):
 garbage-first heap   total 735232K, used 226314K [0x0000000700000000, 0x0000000800000000)
  region size 2048K, 2 young (4096K), 2 survivors (4096K)
 Metaspace       used 187499K, committed 189632K, reserved 1245184K
  class space    used 22639K, committed 23808K, reserved 1048576K
}
Event: 47909.074 GC heap before
{Heap before GC invocations=295 (full 2):
 garbage-first heap   total 561152K, used 301493K [0x0000000700000000, 0x0000000800000000)
  region size 2048K, 69 young (141312K), 2 survivors (4096K)
 Metaspace       used 186863K, committed 189376K, reserved 1245184K
  class space    used 22567K, committed 23808K, reserved 1048576K
}
Event: 47909.092 GC heap after
{Heap after GC invocations=296 (full 2):
 garbage-first heap   total 561152K, used 173726K [0x0000000700000000, 0x0000000800000000)
  region size 2048K, 7 young (14336K), 7 survivors (14336K)
 Metaspace       used 186863K, committed 189376K, reserved 1245184K
  class space    used 22567K, committed 23808K, reserved 1048576K
}

Dll operation events (17 events):
Event: 0.006 Loaded shared library /Users/javierhernandez/Applications/Android Studio.app/Contents/jbr/Contents/Home/lib/libjava.dylib
Event: 0.011 Loaded shared library /Users/javierhernandez/Applications/Android Studio.app/Contents/jbr/Contents/Home/lib/libzip.dylib
Event: 0.089 Loaded shared library /Users/javierhernandez/Applications/Android Studio.app/Contents/jbr/Contents/Home/lib/libinstrument.dylib
Event: 0.095 Loaded shared library /Users/javierhernandez/Applications/Android Studio.app/Contents/jbr/Contents/Home/lib/libnio.dylib
Event: 0.101 Loaded shared library /Users/javierhernandez/Applications/Android Studio.app/Contents/jbr/Contents/Home/lib/libzip.dylib
Event: 0.188 Loaded shared library /Users/javierhernandez/Applications/Android Studio.app/Contents/jbr/Contents/Home/lib/libjimage.dylib
Event: 0.261 Loaded shared library /Users/javierhernandez/Applications/Android Studio.app/Contents/jbr/Contents/Home/lib/libverify.dylib
Event: 0.312 Loaded shared library /Users/javierhernandez/Applications/Android Studio.app/Contents/jbr/Contents/Home/lib/libnet.dylib
Event: 0.317 Loaded shared library /Users/javierhernandez/.gradle/native/c067742578af261105cb4f569cf0c3c89f3d7b1fecec35dd04571415982c5e48/osx-aarch64/libnative-platform.dylib
Event: 0.320 Loaded shared library /Users/javierhernandez/.gradle/native/100fb08df4bc3b14c8652ba06237920a3bd2aa13389f12d3474272988ae205f9/osx-aarch64/libnative-platform-file-events.dylib
Event: 0.653 Loaded shared library /Users/javierhernandez/Applications/Android Studio.app/Contents/jbr/Contents/Home/lib/libmanagement.dylib
Event: 0.655 Loaded shared library /Users/javierhernandez/Applications/Android Studio.app/Contents/jbr/Contents/Home/lib/libmanagement_ext.dylib
Event: 0.732 Loaded shared library /Users/javierhernandez/Applications/Android Studio.app/Contents/jbr/Contents/Home/lib/libextnet.dylib
Event: 5.401 Loaded shared library /Users/javierhernandez/Applications/Android Studio.app/Contents/jbr/Contents/Home/lib/libawt.dylib
Event: 5.407 Loaded shared library /Users/javierhernandez/Applications/Android Studio.app/Contents/jbr/Contents/Home/lib/libawt_lwawt.dylib
Event: 5.415 Loaded shared library /Users/javierhernandez/Applications/Android Studio.app/Contents/jbr/Contents/Home/lib/libfontmanager.dylib
Event: 7.244 Loaded shared library /Users/javierhernandez/Applications/Android Studio.app/Contents/jbr/Contents/Home/lib/librmi.dylib

Deoptimization events (20 events):
Event: 44846.336 Thread 0x0000000148b71200 DEOPT PACKING pc=0x0000000105f6ef74 sp=0x000000031bf6cd70
Event: 44846.336 Thread 0x0000000148b71200 DEOPT UNPACKING pc=0x000000010ca4ee7c sp=0x000000031bf6cb00 mode 0
Event: 44888.688 Thread 0x0000000121ab0200 DEOPT PACKING pc=0x00000001061ce2c0 sp=0x000000031f08c9b0
Event: 44888.688 Thread 0x0000000121ab0200 DEOPT UNPACKING pc=0x000000010ca4ee7c sp=0x000000031f08c760 mode 0
Event: 47909.221 Thread 0x000000012425e000 Uncommon trap: trap_request=0xffffff66 fr.pc=0x000000010f4c8728 relative=0x00000000000008e8
Event: 47909.221 Thread 0x000000012425e000 Uncommon trap: reason=speculate_class_check action=maybe_recompile pc=0x000000010f4c8728 method=java.util.ArrayList.readObject(Ljava/io/ObjectInputStream;)V @ 1 c2
Event: 47909.221 Thread 0x000000012425e000 DEOPT PACKING pc=0x000000010f4c8728 sp=0x000000031bf6d6b0
Event: 47909.221 Thread 0x000000012425e000 DEOPT UNPACKING pc=0x000000010ca4f01c sp=0x000000031bf6d540 mode 2
Event: 47909.221 Thread 0x000000012425e000 Uncommon trap: trap_request=0xffffff66 fr.pc=0x000000010f4c8728 relative=0x00000000000008e8
Event: 47909.221 Thread 0x000000012425e000 Uncommon trap: reason=speculate_class_check action=maybe_recompile pc=0x000000010f4c8728 method=java.util.ArrayList.readObject(Ljava/io/ObjectInputStream;)V @ 1 c2
Event: 47909.221 Thread 0x000000012425e000 DEOPT PACKING pc=0x000000010f4c8728 sp=0x000000031bf6d6b0
Event: 47909.221 Thread 0x000000012425e000 DEOPT UNPACKING pc=0x000000010ca4f01c sp=0x000000031bf6d540 mode 2
Event: 47909.221 Thread 0x000000012425e000 Uncommon trap: trap_request=0xffffff66 fr.pc=0x000000010f4c8728 relative=0x00000000000008e8
Event: 47909.221 Thread 0x000000012425e000 Uncommon trap: reason=speculate_class_check action=maybe_recompile pc=0x000000010f4c8728 method=java.util.ArrayList.readObject(Ljava/io/ObjectInputStream;)V @ 1 c2
Event: 47909.221 Thread 0x000000012425e000 DEOPT PACKING pc=0x000000010f4c8728 sp=0x000000031bf6d6b0
Event: 47909.221 Thread 0x000000012425e000 DEOPT UNPACKING pc=0x000000010ca4f01c sp=0x000000031bf6d540 mode 2
Event: 47909.221 Thread 0x000000012425e000 Uncommon trap: trap_request=0xffffffbe fr.pc=0x000000010ee30310 relative=0x00000000000007d0
Event: 47909.221 Thread 0x000000012425e000 Uncommon trap: reason=profile_predicate action=maybe_recompile pc=0x000000010ee30310 method=java.util.ArrayList.readObject(Ljava/io/ObjectInputStream;)V @ 41 c2
Event: 47909.221 Thread 0x000000012425e000 DEOPT PACKING pc=0x000000010ee30310 sp=0x000000031bf6d590
Event: 47909.221 Thread 0x000000012425e000 DEOPT UNPACKING pc=0x000000010ca4f01c sp=0x000000031bf6d540 mode 2

Classes loaded (20 events):
Event: 891.450 Loading class sun/security/rsa/RSACore$BlindingRandomPair
Event: 891.450 Loading class sun/security/rsa/RSACore$BlindingRandomPair done
Event: 17420.622 Loading class sun/rmi/transport/ObjectTable$1
Event: 17420.624 Loading class sun/rmi/transport/ObjectTable$1 done
Event: 17661.434 Loading class sun/nio/cs/US_ASCII$Decoder
Event: 17661.434 Loading class sun/nio/cs/US_ASCII$Decoder done
Event: 17661.447 Loading class java/io/SequenceInputStream
Event: 17661.447 Loading class java/io/SequenceInputStream done
Event: 19405.306 Loading class sun/nio/fs/BsdNativeDispatcher
Event: 19405.307 Loading class sun/nio/fs/BsdNativeDispatcher done
Event: 36047.434 Loading class java/lang/ProcessBuilder$NullOutputStream
Event: 36047.437 Loading class java/lang/ProcessBuilder$NullOutputStream done
Event: 38323.294 Loading class java/nio/file/Path$1
Event: 38323.294 Loading class java/nio/file/Path$1 done
Event: 40565.475 Loading class java/net/URLDecoder
Event: 40565.477 Loading class java/net/URLDecoder done
Event: 40565.479 Loading class java/util/zip/GZIPInputStream$1
Event: 40565.480 Loading class java/util/zip/GZIPInputStream$1 done
Event: 40783.472 Loading class java/util/zip/ZipOutputStream$XEntry
Event: 40783.473 Loading class java/util/zip/ZipOutputStream$XEntry done

Classes unloaded (20 events):
Event: 46985.704 Thread 0x000000015870b890 Unloading class 0x000000080173a660 'org/koin/core/annotation/Singleton'
Event: 46985.704 Thread 0x000000015870b890 Unloading class 0x000000080173a448 'org/koin/core/annotation/Single'
Event: 46985.704 Thread 0x000000015870b890 Unloading class 0x000000080173a220 'org/koin/compiler/metadata/DefinitionAnnotation'
Event: 46985.704 Thread 0x000000015870b890 Unloading class 0x000000080173a000 'org/koin/compiler/metadata/AnnotationMetadataKt'
Event: 46985.704 Thread 0x000000015870b890 Unloading class 0x000000080043bcc8 'org/koin/compiler/scanner/KoinMetaDataScanner$$Lambda+0x000000080043bcc8'
Event: 46985.704 Thread 0x000000015870b890 Unloading class 0x000000080043bab0 'org/koin/core/annotation/Module'
Event: 46985.704 Thread 0x000000015870b890 Unloading class 0x000000080043b888 'org/koin/compiler/scanner/FunctionComponentScanner'
Event: 46985.704 Thread 0x000000015870b890 Unloading class 0x000000080043b660 'org/koin/compiler/scanner/ClassComponentScanner'
Event: 46985.704 Thread 0x000000015870b890 Unloading class 0x000000080043b438 'org/koin/compiler/scanner/ModuleScanner'
Event: 46985.704 Thread 0x000000015870b890 Unloading class 0x000000080043b218 'org/koin/compiler/scanner/FunctionScanner'
Event: 46985.704 Thread 0x000000015870b890 Unloading class 0x000000080043b000 'org/koin/meta/annotations/ExternalDefinition'
Event: 46985.704 Thread 0x000000015870b890 Unloading class 0x0000000801730c48 'org/koin/compiler/scanner/KoinMetaDataScanner$Companion'
Event: 46985.704 Thread 0x000000015870b890 Unloading class 0x0000000801730a20 'org/koin/compiler/scanner/KoinMetaDataScanner'
Event: 46985.704 Thread 0x000000015870b890 Unloading class 0x0000000801730800 'org/koin/compiler/generator/KoinCodeGenerator$Companion'
Event: 46985.704 Thread 0x000000015870b890 Unloading class 0x0000000801740c98 'org/koin/compiler/generator/KoinCodeGenerator'
Event: 46985.704 Thread 0x000000015870b890 Unloading class 0x0000000801740a38 'org/koin/compiler/BuilderProcessor'
Event: 46985.704 Thread 0x000000015870b890 Unloading class 0x0000000801740800 'org/koin/compiler/BuilderProcessorProvider'
Event: 46985.704 Thread 0x000000015870b890 Unloading class 0x0000000800339000 'java/lang/invoke/LambdaForm$MH+0x0000000800339000'
Event: 46985.704 Thread 0x000000015870b890 Unloading class 0x000000080047b800 'java/lang/invoke/LambdaForm$MH+0x000000080047b800'
Event: 46985.704 Thread 0x000000015870b890 Unloading class 0x0000000800360000 'java/lang/invoke/LambdaForm$MH+0x0000000800360000'

Classes redefined (0 events):
No events

Internal exceptions (20 events):
Event: 45151.070 Thread 0x0000000121c6c000 Exception <a 'sun/nio/fs/UnixException'{0x0000000715d1cbb8}> (0x0000000715d1cbb8) 
thrown [src/hotspot/share/prims/jni.cpp, line 535]
Event: 45151.070 Thread 0x0000000121c6c000 Exception <a 'sun/nio/fs/UnixException'{0x0000000715d1d5a8}> (0x0000000715d1d5a8) 
thrown [src/hotspot/share/prims/jni.cpp, line 535]
Event: 45151.070 Thread 0x0000000121c6c000 Exception <a 'sun/nio/fs/UnixException'{0x0000000715d29448}> (0x0000000715d29448) 
thrown [src/hotspot/share/prims/jni.cpp, line 535]
Event: 45151.070 Thread 0x0000000121c6c000 Exception <a 'sun/nio/fs/UnixException'{0x0000000715d29e38}> (0x0000000715d29e38) 
thrown [src/hotspot/share/prims/jni.cpp, line 535]
Event: 45151.070 Thread 0x0000000121c6c000 Exception <a 'sun/nio/fs/UnixException'{0x0000000715d2a830}> (0x0000000715d2a830) 
thrown [src/hotspot/share/prims/jni.cpp, line 535]
Event: 45151.070 Thread 0x0000000121c6c000 Exception <a 'sun/nio/fs/UnixException'{0x0000000715d328f8}> (0x0000000715d328f8) 
thrown [src/hotspot/share/prims/jni.cpp, line 535]
Event: 45151.070 Thread 0x0000000121c6c000 Exception <a 'sun/nio/fs/UnixException'{0x0000000715d374c0}> (0x0000000715d374c0) 
thrown [src/hotspot/share/prims/jni.cpp, line 535]
Event: 45151.070 Thread 0x0000000121c6c000 Exception <a 'sun/nio/fs/UnixException'{0x0000000715d3cac8}> (0x0000000715d3cac8) 
thrown [src/hotspot/share/prims/jni.cpp, line 535]
Event: 47909.168 Thread 0x0000000121aba000 Exception <a 'sun/nio/fs/UnixException'{0x0000000721286238}> (0x0000000721286238) 
thrown [src/hotspot/share/prims/jni.cpp, line 535]
Event: 47909.170 Thread 0x0000000138a77800 Exception <a 'sun/nio/fs/UnixException'{0x0000000720ec6b68}> (0x0000000720ec6b68) 
thrown [src/hotspot/share/prims/jni.cpp, line 535]
Event: 47909.172 Thread 0x0000000121ab8000 Exception <a 'sun/nio/fs/UnixException'{0x00000007212b50c8}> (0x00000007212b50c8) 
thrown [src/hotspot/share/prims/jni.cpp, line 535]
Event: 47909.173 Thread 0x0000000123e8f800 Exception <a 'sun/nio/fs/UnixException'{0x00000007212e1680}> (0x00000007212e1680) 
thrown [src/hotspot/share/prims/jni.cpp, line 535]
Event: 47909.173 Thread 0x0000000121ab8000 Exception <a 'sun/nio/fs/UnixException'{0x00000007212c1ed8}> (0x00000007212c1ed8) 
thrown [src/hotspot/share/prims/jni.cpp, line 535]
Event: 47909.174 Thread 0x0000000123e8f800 Exception <a 'sun/nio/fs/UnixException'{0x00000007212edc20}> (0x00000007212edc20) 
thrown [src/hotspot/share/prims/jni.cpp, line 535]
Event: 47909.174 Thread 0x0000000121b47000 Exception <a 'sun/nio/fs/UnixException'{0x0000000720dc26f8}> (0x0000000720dc26f8) 
thrown [src/hotspot/share/prims/jni.cpp, line 535]
Event: 47909.175 Thread 0x00000001242e2e00 Exception <a 'sun/nio/fs/UnixException'{0x0000000720b39d30}> (0x0000000720b39d30) 
thrown [src/hotspot/share/prims/jni.cpp, line 535]
Event: 47909.181 Thread 0x00000001242e2e00 Exception <a 'sun/nio/fs/UnixException'{0x00000007206e7e48}> (0x00000007206e7e48) 
thrown [src/hotspot/share/prims/jni.cpp, line 535]
Event: 47909.181 Thread 0x00000001242e2e00 Exception <a 'sun/nio/fs/UnixException'{0x00000007206e99e8}> (0x00000007206e99e8) 
thrown [src/hotspot/share/prims/jni.cpp, line 535]
Event: 47909.181 Thread 0x00000001242e2e00 Exception <a 'sun/nio/fs/UnixException'{0x00000007206eb588}> (0x00000007206eb588) 
thrown [src/hotspot/share/prims/jni.cpp, line 535]
Event: 47909.181 Thread 0x00000001242e2e00 Exception <a 'sun/nio/fs/UnixException'{0x00000007206ed138}> (0x00000007206ed138) 
thrown [src/hotspot/share/prims/jni.cpp, line 535]

ZGC Phase Switch (0 events):
No events

VM Operations (20 events):
Event: 45072.908 Executing VM operation: G1CollectForAllocation (G1 Evacuation Pause)
Event: 45072.956 Executing VM operation: G1CollectForAllocation (G1 Evacuation Pause) done
Event: 45073.960 Executing VM operation: Cleanup
Event: 45073.961 Executing VM operation: Cleanup done
Event: 45120.498 Executing VM operation: HandshakeAllThreads (HandshakeForDeflation)
Event: 45120.499 Executing VM operation: HandshakeAllThreads (HandshakeForDeflation) done
Event: 45120.499 Executing VM operation: RendezvousGCThreads
Event: 45120.499 Executing VM operation: RendezvousGCThreads done
Event: 45180.682 Executing VM operation: HandshakeAllThreads (HandshakeForDeflation)
Event: 45180.683 Executing VM operation: HandshakeAllThreads (HandshakeForDeflation) done
Event: 45180.683 Executing VM operation: RendezvousGCThreads
Event: 45180.683 Executing VM operation: RendezvousGCThreads done
Event: 46985.612 Executing VM operation: G1CollectForAllocation (G1 Evacuation Pause)
Event: 46985.635 Executing VM operation: G1CollectForAllocation (G1 Evacuation Pause) done
Event: 46985.704 Executing VM operation: G1PauseRemark
Event: 46985.807 Executing VM operation: G1PauseRemark done
Event: 46985.834 Executing VM operation: G1PauseCleanup
Event: 46985.834 Executing VM operation: G1PauseCleanup done
Event: 47909.073 Executing VM operation: G1CollectForAllocation (G1 Evacuation Pause)
Event: 47909.093 Executing VM operation: G1CollectForAllocation (G1 Evacuation Pause) done

Memory protections (20 events):
Event: 47908.849 Protecting memory [0x0000000174c6c000,0x0000000174c78000] with protection modes 0
Event: 47908.866 Protecting memory [0x0000000174e78000,0x0000000174e84000] with protection modes 0
Event: 47908.869 Protecting memory [0x0000000175084000,0x0000000175090000] with protection modes 0
Event: 47908.876 Protecting memory [0x00000001758b4000,0x00000001758c0000] with protection modes 0
Event: 47908.920 Protecting memory [0x0000000175ac0000,0x0000000175acc000] with protection modes 0
Event: 47908.921 Protecting memory [0x0000000175ccc000,0x0000000175cd8000] with protection modes 0
Event: 47908.927 Protecting memory [0x0000000175ed8000,0x0000000175ee4000] with protection modes 0
Event: 47908.931 Protecting memory [0x00000001760e4000,0x00000001760f0000] with protection modes 0
Event: 47908.934 Protecting memory [0x00000001764fc000,0x0000000176508000] with protection modes 0
Event: 47909.150 Protecting memory [0x0000000176708000,0x0000000176714000] with protection modes 0
Event: 47909.150 Protecting memory [0x0000000176914000,0x0000000176920000] with protection modes 0
Event: 47909.150 Protecting memory [0x0000000176b20000,0x0000000176b2c000] with protection modes 0
Event: 47909.151 Protecting memory [0x0000000176d2c000,0x0000000176d38000] with protection modes 0
Event: 47909.151 Protecting memory [0x0000000176f38000,0x0000000176f44000] with protection modes 0
Event: 47909.153 Protecting memory [0x0000000177144000,0x0000000177150000] with protection modes 0
Event: 47909.155 Protecting memory [0x0000000177350000,0x000000017735c000] with protection modes 0
Event: 47909.156 Protecting memory [0x000000017755c000,0x0000000177568000] with protection modes 0
Event: 47909.157 Protecting memory [0x000000017f484000,0x000000017f490000] with protection modes 0
Event: 47909.172 Protecting memory [0x000000031b954000,0x000000031b960000] with protection modes 0
Event: 47909.206 Protecting memory [0x000000031bd6c000,0x000000031bd78000] with protection modes 0

Nmethod flushes (20 events):
Event: 46985.803 Thread 0x000000015870b890 flushing  nmethod 0x0000000107df2f10
Event: 46985.803 Thread 0x000000015870b890 flushing  nmethod 0x0000000107f52890
Event: 46985.803 Thread 0x000000015870b890 flushing  nmethod 0x0000000108045310
Event: 46985.803 Thread 0x000000015870b890 flushing  nmethod 0x0000000105926090
Event: 46985.803 Thread 0x000000015870b890 flushing  nmethod 0x0000000105a0ab10
Event: 46985.803 Thread 0x000000015870b890 flushing  nmethod 0x0000000105f6e390
Event: 46985.803 Thread 0x000000015870b890 flushing  nmethod 0x000000010679da90
Event: 46985.803 Thread 0x000000015870b890 flushing  nmethod 0x0000000106887c90
Event: 46985.803 Thread 0x000000015870b890 flushing  nmethod 0x0000000106a08f10
Event: 46985.803 Thread 0x000000015870b890 flushing  nmethod 0x0000000106a8cf90
Event: 46985.803 Thread 0x000000015870b890 flushing  nmethod 0x0000000105589490
Event: 46985.803 Thread 0x000000015870b890 flushing  nmethod 0x00000001055b0f10
Event: 46985.803 Thread 0x000000015870b890 flushing  nmethod 0x00000001057b5a90
Event: 46985.803 Thread 0x000000015870b890 flushing  nmethod 0x0000000105910090
Event: 46985.803 Thread 0x000000015870b890 flushing  nmethod 0x0000000105aecb10
Event: 46985.803 Thread 0x000000015870b890 flushing  nmethod 0x0000000106262690
Event: 46985.803 Thread 0x000000015870b890 flushing  nmethod 0x000000010640f990
Event: 46985.803 Thread 0x000000015870b890 flushing  nmethod 0x0000000106ce5b90
Event: 46985.803 Thread 0x000000015870b890 flushing  nmethod 0x0000000106efba90
Event: 46985.803 Thread 0x000000015870b890 flushing  nmethod 0x0000000106efc410

Events (20 events):
Event: 47908.849 Thread 0x000000012446bc00 Thread added: 0x0000000148ad0e00
Event: 47908.866 Thread 0x000000012446bc00 Thread added: 0x000000012416d000
Event: 47908.869 Thread 0x000000012446bc00 Thread added: 0x0000000138a93800
Event: 47908.875 Thread 0x000000012446bc00 Thread added: 0x000000015891fa00
Event: 47908.920 Thread 0x000000012446bc00 Thread added: 0x0000000121ccc000
Event: 47908.921 Thread 0x000000012446bc00 Thread added: 0x0000000121cc2600
Event: 47908.927 Thread 0x000000012446bc00 Thread added: 0x0000000121c6c000
Event: 47908.931 Thread 0x000000012446bc00 Thread added: 0x000000012422a200
Event: 47908.934 Thread 0x000000012446bc00 Thread added: 0x0000000138a77800
Event: 47909.150 Thread 0x000000012446bc00 Thread added: 0x0000000121b47000
Event: 47909.150 Thread 0x0000000121b47000 Thread added: 0x0000000121afbe00
Event: 47909.150 Thread 0x0000000121b47000 Thread added: 0x0000000121aba000
Event: 47909.150 Thread 0x0000000121b47000 Thread added: 0x0000000121ab8000
Event: 47909.151 Thread 0x0000000121b47000 Thread added: 0x0000000123e8f800
Event: 47909.153 Thread 0x0000000121b47000 Thread added: 0x0000000121aaae00
Event: 47909.154 Thread 0x0000000121b47000 Thread added: 0x0000000159222000
Event: 47909.156 Thread 0x0000000121b47000 Thread added: 0x00000001242e2e00
Event: 47909.157 Thread 0x0000000121aba000 Thread added: 0x0000000121f73200
Event: 47909.172 Thread 0x0000000138a77800 Thread added: 0x00000001242b1c00
Event: 47909.206 Thread 0x00000001242e2e00 Thread added: 0x000000012425e000


Dynamic libraries:
0x0000000100140000 	/Users/javierhernandez/Applications/Android Studio.app/Contents/jbr/Contents/Home/lib/libjli.dylib
0x00000001b250a000 	/System/Library/Frameworks/Cocoa.framework/Versions/A/Cocoa
0x0000000199cd1000 	/System/Library/Frameworks/AppKit.framework/Versions/C/AppKit
0x000000019cfc0000 	/System/Library/Frameworks/CoreData.framework/Versions/A/CoreData
0x0000000197359000 	/System/Library/Frameworks/Foundation.framework/Versions/C/Foundation
0x00000001a3f3d000 	/usr/lib/libSystem.B.dylib
0x000000019b163000 	/System/Library/PrivateFrameworks/UIFoundation.framework/Versions/A/UIFoundation
0x0000000244273000 	/System/Library/PrivateFrameworks/CollectionViewCore.framework/Versions/A/CollectionViewCore
0x00000001ab530000 	/System/Library/PrivateFrameworks/RemoteViewServices.framework/Versions/A/RemoteViewServices
0x00000001a1ad1000 	/System/Library/PrivateFrameworks/XCTTargetBootstrap.framework/Versions/A/XCTTargetBootstrap
0x00000001a6707000 	/System/Library/PrivateFrameworks/InternationalSupport.framework/Versions/A/InternationalSupport
0x00000001a6a5e000 	/System/Library/PrivateFrameworks/UserActivity.framework/Versions/A/UserActivity
0x0000000272ce3000 	/System/Library/PrivateFrameworks/UIIntelligenceSupport.framework/Versions/A/UIIntelligenceSupport
0x00000001fcc59000 	/System/Library/Frameworks/SwiftUICore.framework/Versions/A/SwiftUICore
0x0000000277d5c000 	/System/Library/PrivateFrameworks/WritingTools.framework/Versions/A/WritingTools
0x0000000276da4000 	/System/Library/PrivateFrameworks/WindowManagement.framework/Versions/A/WindowManagement
0x0000000196fbd000 	/System/Library/Frameworks/SystemConfiguration.framework/Versions/A/SystemConfiguration
0x00000001a5b6b000 	/usr/lib/libspindump.dylib
0x000000019b315000 	/System/Library/Frameworks/UniformTypeIdentifiers.framework/Versions/A/UniformTypeIdentifiers
0x00000001a332f000 	/usr/lib/libbsm.0.dylib
0x000000019f554000 	/usr/lib/libapp_launch_measurement.dylib
0x000000019e8fd000 	/System/Library/PrivateFrameworks/CoreAnalytics.framework/Versions/A/CoreAnalytics
0x000000019f558000 	/System/Library/PrivateFrameworks/CoreAutoLayout.framework/Versions/A/CoreAutoLayout
0x00000001a10eb000 	/System/Library/Frameworks/Metal.framework/Versions/A/Metal
0x00000001a230f000 	/usr/lib/liblangid.dylib
0x00000001a1ad7000 	/System/Library/PrivateFrameworks/CoreSVG.framework/Versions/A/CoreSVG
0x000000019bd3b000 	/System/Library/PrivateFrameworks/SkyLight.framework/Versions/A/SkyLight
0x000000019c261000 	/System/Library/Frameworks/CoreGraphics.framework/Versions/A/CoreGraphics
0x00000001abc0f000 	/System/Library/Frameworks/Accelerate.framework/Versions/A/Accelerate
0x00000001a59ae000 	/System/Library/PrivateFrameworks/IconServices.framework/Versions/A/IconServices
0x00000001a10c8000 	/System/Library/Frameworks/IOSurface.framework/Versions/A/IOSurface
0x000000019e92e000 	/usr/lib/libDiagnosticMessagesClient.dylib
0x00000001a3e87000 	/usr/lib/libz.1.dylib
0x00000001afb22000 	/System/Library/Frameworks/ApplicationServices.framework/Versions/A/ApplicationServices
0x00000001a1abc000 	/System/Library/PrivateFrameworks/DFRFoundation.framework/Versions/A/DFRFoundation
0x0000000199536000 	/usr/lib/libicucore.A.dylib
0x00000001a7ae5000 	/System/Library/Frameworks/AudioToolbox.framework/Versions/A/AudioToolbox
0x00000001a6a0f000 	/System/Library/PrivateFrameworks/DataDetectorsCore.framework/Versions/A/DataDetectorsCore
0x00000001c2a79000 	/System/Library/PrivateFrameworks/TextInput.framework/Versions/A/TextInput
0x000000019bc86000 	/usr/lib/libMobileGestalt.dylib
0x00000001a17b5000 	/System/Library/Frameworks/Carbon.framework/Versions/A/Frameworks/HIToolbox.framework/Versions/A/HIToolbox
0x000000019ee35000 	/System/Library/Frameworks/QuartzCore.framework/Versions/A/QuartzCore
0x000000019912b000 	/System/Library/Frameworks/Security.framework/Versions/A/Security
0x00000001ab56c000 	/System/Library/Frameworks/Carbon.framework/Versions/A/Frameworks/SpeechRecognition.framework/Versions/A/SpeechRecognition
0x000000019f25b000 	/System/Library/PrivateFrameworks/CoreUI.framework/Versions/A/CoreUI
0x00000001989f6000 	/System/Library/Frameworks/CoreAudio.framework/Versions/A/CoreAudio
0x000000019ea1c000 	/System/Library/Frameworks/DiskArbitration.framework/Versions/A/DiskArbitration
0x00000001a5fd4000 	/System/Library/PrivateFrameworks/MultitouchSupport.framework/Versions/A/MultitouchSupport
0x000000019bc84000 	/usr/lib/libenergytrace.dylib
0x00000001b6e1f000 	/System/Library/PrivateFrameworks/RenderBox.framework/Versions/A/RenderBox
0x0000000199b81000 	/System/Library/Frameworks/IOKit.framework/Versions/A/IOKit
0x00000001ab963000 	/System/Library/Frameworks/CoreServices.framework/Versions/A/CoreServices
0x000000019f4e5000 	/System/Library/PrivateFrameworks/PerformanceAnalysis.framework/Versions/A/PerformanceAnalysis
0x00000001f6629000 	/System/Library/Frameworks/OpenGL.framework/Versions/A/OpenGL
0x000000019f5a2000 	/usr/lib/libxml2.2.dylib
0x00000001a3213000 	/System/Library/PrivateFrameworks/MobileKeyBag.framework/Versions/A/MobileKeyBag
0x0000000195900000 	/usr/lib/libobjc.A.dylib
0x0000000195c0d000 	/usr/lib/libc++.1.dylib
0x00000001ab8e4000 	/System/Library/Frameworks/Accessibility.framework/Versions/A/Accessibility
0x000000019c991000 	/System/Library/Frameworks/ColorSync.framework/Versions/A/ColorSync
0x0000000195d69000 	/System/Library/Frameworks/CoreFoundation.framework/Versions/A/CoreFoundation
0x00000001a1e91000 	/System/Library/Frameworks/CoreImage.framework/Versions/A/CoreImage
0x00000001987d7000 	/System/Library/Frameworks/CoreText.framework/Versions/A/CoreText
0x00000001f7b6e000 	/System/Library/Frameworks/CoreTransferable.framework/Versions/A/CoreTransferable
0x00000001f80f2000 	/System/Library/Frameworks/DataDetection.framework/Versions/A/DataDetection
0x00000001f80f5000 	/System/Library/Frameworks/DeveloperToolsSupport.framework/Versions/A/DeveloperToolsSupport
0x00000001a1b12000 	/System/Library/Frameworks/ImageIO.framework/Versions/A/ImageIO
0x00000001fd81c000 	/System/Library/Frameworks/Symbols.framework/Versions/A/Symbols
0x00000001e9e38000 	/System/Library/PrivateFrameworks/FeatureFlags.framework/Versions/A/FeatureFlags
0x00000001a3f42000 	/System/Library/PrivateFrameworks/SoftLinking.framework/Versions/A/SoftLinking
0x00000001d574c000 	/usr/lib/swift/libswiftAccelerate.dylib
0x00000001a747a000 	/usr/lib/swift/libswiftCore.dylib
0x00000001bf122000 	/usr/lib/swift/libswiftCoreFoundation.dylib
0x00000001bf17c000 	/usr/lib/swift/libswiftCoreImage.dylib
0x00000001bc536000 	/usr/lib/swift/libswiftDarwin.dylib
0x000000027e971000 	/usr/lib/swift/libswiftDataDetection.dylib
0x00000001ad45b000 	/usr/lib/swift/libswiftDispatch.dylib
0x00000001bf17d000 	/usr/lib/swift/libswiftIOKit.dylib
0x00000001cbcd3000 	/usr/lib/swift/libswiftMetal.dylib
0x00000001daca9000 	/usr/lib/swift/libswiftOSLog.dylib
0x00000001b00c8000 	/usr/lib/swift/libswiftObjectiveC.dylib
0x000000027e99e000 	/usr/lib/swift/libswiftObservation.dylib
0x00000001d10fa000 	/usr/lib/swift/libswiftQuartzCore.dylib
0x00000001d573d000 	/usr/lib/swift/libswiftUniformTypeIdentifiers.dylib
0x00000001bf134000 	/usr/lib/swift/libswiftXPC.dylib
0x000000027ea84000 	/usr/lib/swift/libswift_Builtin_float.dylib
0x000000027ea87000 	/usr/lib/swift/libswift_Concurrency.dylib
0x000000027ebe6000 	/usr/lib/swift/libswift_StringProcessing.dylib
0x000000027ec79000 	/usr/lib/swift/libswift_errno.dylib
0x000000027ec7b000 	/usr/lib/swift/libswift_math.dylib
0x000000027ec7e000 	/usr/lib/swift/libswift_signal.dylib
0x000000027ec7f000 	/usr/lib/swift/libswift_stdio.dylib
0x000000027ec80000 	/usr/lib/swift/libswift_time.dylib
0x00000001b00cc000 	/usr/lib/swift/libswiftos.dylib
0x00000001c29d0000 	/usr/lib/swift/libswiftsimd.dylib
0x000000027ec81000 	/usr/lib/swift/libswiftsys_time.dylib
0x000000027ec82000 	/usr/lib/swift/libswiftunistd.dylib
0x00000001a416a000 	/usr/lib/libcompression.dylib
0x00000001a6667000 	/System/Library/PrivateFrameworks/TextureIO.framework/Versions/A/TextureIO
0x00000001a564d000 	/usr/lib/libate.dylib
0x00000001a3f37000 	/usr/lib/system/libcache.dylib
0x00000001a3ef2000 	/usr/lib/system/libcommonCrypto.dylib
0x00000001a3f1d000 	/usr/lib/system/libcompiler_rt.dylib
0x00000001a3f12000 	/usr/lib/system/libcopyfile.dylib
0x0000000195a5b000 	/usr/lib/system/libcorecrypto.dylib
0x0000000195b41000 	/usr/lib/system/libdispatch.dylib
0x0000000195d01000 	/usr/lib/system/libdyld.dylib
0x00000001a3f2d000 	/usr/lib/system/libkeymgr.dylib
0x00000001a3ed5000 	/usr/lib/system/libmacho.dylib
0x00000001a3308000 	/usr/lib/system/libquarantine.dylib
0x00000001a3f2a000 	/usr/lib/system/libremovefile.dylib
0x000000019bd00000 	/usr/lib/system/libsystem_asl.dylib
0x00000001959f0000 	/usr/lib/system/libsystem_blocks.dylib
0x0000000195b8b000 	/usr/lib/system/libsystem_c.dylib
0x00000001a3f21000 	/usr/lib/system/libsystem_collections.dylib
0x00000001a22fc000 	/usr/lib/system/libsystem_configuration.dylib
0x00000001a1097000 	/usr/lib/system/libsystem_containermanager.dylib
0x00000001a3a18000 	/usr/lib/system/libsystem_coreservices.dylib
0x0000000199802000 	/usr/lib/system/libsystem_darwin.dylib
0x000000027edb9000 	/usr/lib/system/libsystem_darwindirectory.dylib
0x00000001a3f2e000 	/usr/lib/system/libsystem_dnssd.dylib
0x000000027edbd000 	/usr/lib/system/libsystem_eligibility.dylib
0x0000000195b88000 	/usr/lib/system/libsystem_featureflags.dylib
0x0000000195d39000 	/usr/lib/system/libsystem_info.dylib
0x00000001a3e96000 	/usr/lib/system/libsystem_m.dylib
0x0000000195afa000 	/usr/lib/system/libsystem_malloc.dylib
0x000000019bc69000 	/usr/lib/system/libsystem_networkextension.dylib
0x0000000199c64000 	/usr/lib/system/libsystem_notify.dylib
0x00000001a2301000 	/usr/lib/system/libsystem_sandbox.dylib
0x000000027edc5000 	/usr/lib/system/libsystem_sanitizers.dylib
0x00000001a3f26000 	/usr/lib/system/libsystem_secinit.dylib
0x0000000195cb8000 	/usr/lib/system/libsystem_kernel.dylib
0x0000000195d31000 	/usr/lib/system/libsystem_platform.dylib
0x0000000195cf4000 	/usr/lib/system/libsystem_pthread.dylib
0x000000019d85a000 	/usr/lib/system/libsystem_symptoms.dylib
0x0000000195a3f000 	/usr/lib/system/libsystem_trace.dylib
0x00000001a3f00000 	/usr/lib/system/libunwind.dylib
0x00000001959f4000 	/usr/lib/system/libxpc.dylib
0x0000000195c9a000 	/usr/lib/libc++abi.dylib
0x000000027d991000 	/usr/lib/libRosetta.dylib
0x0000000199b00000 	/System/Library/PrivateFrameworks/CoreServicesInternal.framework/Versions/A/CoreServicesInternal
0x00000001a3f0a000 	/usr/lib/liboah.dylib
0x00000001a3f3f000 	/usr/lib/libfakelink.dylib
0x00000001af5d5000 	/System/Library/PrivateFrameworks/DiskImages.framework/Versions/A/DiskImages
0x00000001bc05f000 	/System/Library/Frameworks/NetFS.framework/Versions/A/NetFS
0x000000019b89e000 	/System/Library/Frameworks/CFNetwork.framework/Versions/A/CFNetwork
0x000000019f51c000 	/System/Library/Frameworks/CoreServices.framework/Versions/A/Frameworks/FSEvents.framework/Versions/A/FSEvents
0x000000019980d000 	/System/Library/Frameworks/CoreServices.framework/Versions/A/Frameworks/CarbonCore.framework/Versions/A/CarbonCore
0x000000019e991000 	/System/Library/Frameworks/CoreServices.framework/Versions/A/Frameworks/Metadata.framework/Versions/A/Metadata
0x00000001a3a1f000 	/System/Library/Frameworks/CoreServices.framework/Versions/A/Frameworks/OSServices.framework/Versions/A/OSServices
0x00000001a408c000 	/System/Library/Frameworks/CoreServices.framework/Versions/A/Frameworks/SearchKit.framework/Versions/A/SearchKit
0x000000019d7d5000 	/System/Library/Frameworks/CoreServices.framework/Versions/A/Frameworks/AE.framework/Versions/A/AE
0x00000001962a8000 	/System/Library/Frameworks/CoreServices.framework/Versions/A/Frameworks/LaunchServices.framework/Versions/A/LaunchServices
0x00000001a54a2000 	/System/Library/Frameworks/CoreServices.framework/Versions/A/Frameworks/DictionaryServices.framework/Versions/A/DictionaryServices
0x000000019f52a000 	/System/Library/Frameworks/CoreServices.framework/Versions/A/Frameworks/SharedFileList.framework/Versions/A/SharedFileList
0x00000001a4121000 	/usr/lib/libapple_nghttp2.dylib
0x000000019d436000 	/usr/lib/libsqlite3.dylib
0x00000001a815d000 	/System/Library/Frameworks/GSS.framework/Versions/A/GSS
0x000000019d76c000 	/System/Library/PrivateFrameworks/RunningBoardServices.framework/Versions/A/RunningBoardServices
0x000000019d863000 	/System/Library/Frameworks/Network.framework/Versions/A/Network
0x00000001a3ed9000 	/usr/lib/system/libkxld.dylib
0x000000023fe2d000 	/System/Library/PrivateFrameworks/AppleKeyStore.framework/Versions/A/AppleKeyStore
0x000000027d7e9000 	/usr/lib/libCoreEntitlements.dylib
0x000000025b269000 	/System/Library/PrivateFrameworks/MessageSecurity.framework/Versions/A/MessageSecurity
0x000000019d41b000 	/System/Library/PrivateFrameworks/ProtocolBuffer.framework/Versions/A/ProtocolBuffer
0x00000001a39ff000 	/System/Library/PrivateFrameworks/AppleFSCompression.framework/Versions/A/AppleFSCompression
0x00000001a3317000 	/usr/lib/libcoretls.dylib
0x00000001a5518000 	/usr/lib/libcoretls_cfhelpers.dylib
0x00000001a4164000 	/usr/lib/libpam.2.dylib
0x00000001a558c000 	/usr/lib/libxar.1.dylib
0x00000001a3f94000 	/usr/lib/libarchive.2.dylib
0x00000001a985f000 	/System/Library/Frameworks/Combine.framework/Versions/A/Combine
0x0000000244297000 	/System/Library/PrivateFrameworks/CollectionsInternal.framework/Versions/A/CollectionsInternal
0x0000000264290000 	/System/Library/PrivateFrameworks/ReflectionInternal.framework/Versions/A/ReflectionInternal
0x0000000264f62000 	/System/Library/PrivateFrameworks/RuntimeInternal.framework/Versions/A/RuntimeInternal
0x000000027ea15000 	/usr/lib/swift/libswiftSystem.dylib
0x00000001a230a000 	/System/Library/PrivateFrameworks/AppleSystemInfo.framework/Versions/A/AppleSystemInfo
0x00000001bf00d000 	/System/Library/PrivateFrameworks/LoggingSupport.framework/Versions/A/LoggingSupport
0x00000001ac91c000 	/System/Library/PrivateFrameworks/PowerLog.framework/Versions/A/PowerLog
0x00000001fcb1e000 	/System/Library/Frameworks/SwiftData.framework/Versions/A/SwiftData
0x000000019f72d000 	/System/Library/PrivateFrameworks/UserManagement.framework/Versions/A/UserManagement
0x000000019b7cc000 	/usr/lib/libboringssl.dylib
0x000000019d849000 	/usr/lib/libdns_services.dylib
0x00000001be1c1000 	/usr/lib/libquic.dylib
0x00000001a7409000 	/usr/lib/libusrtcp.dylib
0x00000001e2b13000 	/System/Library/PrivateFrameworks/InternalSwiftProtobuf.framework/Versions/A/InternalSwiftProtobuf
0x000000027e972000 	/usr/lib/swift/libswiftDistributed.dylib
0x000000027ea0b000 	/usr/lib/swift/libswiftSynchronization.dylib
0x000000019b89d000 	/usr/lib/libnetwork.dylib
0x00000001cfd39000 	/System/Library/PrivateFrameworks/OSAnalytics.framework/Versions/A/OSAnalytics
0x00000001a40fc000 	/System/Library/PrivateFrameworks/AppleSauce.framework/Versions/A/AppleSauce
0x00000001adbf1000 	/System/Library/PrivateFrameworks/CoreSymbolication.framework/Versions/A/CoreSymbolication
0x00000001de7df000 	/System/Library/PrivateFrameworks/Symbolication.framework/Versions/A/Symbolication
0x00000001adbcd000 	/System/Library/PrivateFrameworks/DebugSymbols.framework/Versions/A/DebugSymbols
0x000000027d6b4000 	/usr/lib/libAppleArchive.dylib
0x00000001a3a0b000 	/usr/lib/libbz2.1.0.dylib
0x00000001a54f9000 	/usr/lib/liblzma.5.dylib
0x00000001a3007000 	/System/Library/PrivateFrameworks/IOMobileFramebuffer.framework/Versions/A/IOMobileFramebuffer
0x00000001bf096000 	/System/Library/PrivateFrameworks/MallocStackLogging.framework/Versions/A/MallocStackLogging
0x00000001a56e7000 	/System/Library/PrivateFrameworks/CrashReporterSupport.framework/Versions/A/CrashReporterSupport
0x0000000196db4000 	/System/Library/PrivateFrameworks/Lexicon.framework/Versions/A/Lexicon
0x00000002535b9000 	/System/Library/PrivateFrameworks/IO80211.framework/Versions/A/IO80211
0x00000001ad6f3000 	/System/Library/PrivateFrameworks/FrontBoardServices.framework/Versions/A/FrontBoardServices
0x00000001a323f000 	/System/Library/Frameworks/SecurityFoundation.framework/Versions/A/SecurityFoundation
0x00000001a33a1000 	/usr/lib/libgermantok.dylib
0x00000001a242e000 	/System/Library/PrivateFrameworks/LinguisticData.framework/Versions/A/LinguisticData
0x000000019d687000 	/System/Library/PrivateFrameworks/BaseBoard.framework/Versions/A/BaseBoard
0x00000001ad7c0000 	/System/Library/PrivateFrameworks/BoardServices.framework/Versions/A/BoardServices
0x00000001a3230000 	/System/Library/PrivateFrameworks/AssertionServices.framework/Versions/A/AssertionServices
0x00000001af410000 	/System/Library/PrivateFrameworks/BackBoardServices.framework/Versions/A/BackBoardServices
0x00000001a14e2000 	/System/Library/PrivateFrameworks/FontServices.framework/libFontParser.dylib
0x000000019bd18000 	/System/Library/PrivateFrameworks/TCC.framework/Versions/A/TCC
0x00000001b2fab000 	/System/Library/PrivateFrameworks/IOSurfaceAccelerator.framework/Versions/A/IOSurfaceAccelerator
0x00000001a5fd2000 	/System/Library/PrivateFrameworks/WatchdogClient.framework/Versions/A/WatchdogClient
0x00000001982fe000 	/System/Library/Frameworks/CoreDisplay.framework/Versions/A/CoreDisplay
0x00000001a1386000 	/System/Library/Frameworks/CoreMedia.framework/Versions/A/CoreMedia
0x00000001a10e1000 	/System/Library/PrivateFrameworks/IOAccelerator.framework/Versions/A/IOAccelerator
0x000000019f68c000 	/System/Library/Frameworks/CoreVideo.framework/Versions/A/CoreVideo
0x00000001a4162000 	/System/Library/Frameworks/MetalPerformanceShaders.framework/Versions/A/MetalPerformanceShaders
0x00000002635e1000 	/System/Library/PrivateFrameworks/ProDisplayLibrary.framework/Versions/A/ProDisplayLibrary
0x00000001a601a000 	/System/Library/Frameworks/VideoToolbox.framework/Versions/A/VideoToolbox
0x00000001a2308000 	/System/Library/PrivateFrameworks/AggregateDictionary.framework/Versions/A/AggregateDictionary
0x00000001a551a000 	/System/Library/PrivateFrameworks/APFS.framework/Versions/A/APFS
0x00000001a559b000 	/usr/lib/libutil.dylib
0x000000026e4a0000 	/System/Library/PrivateFrameworks/SwiftASN1Internal.framework/Versions/A/SwiftASN1Internal
0x000000019ea25000 	/System/Library/Frameworks/Accelerate.framework/Versions/A/Frameworks/vImage.framework/Versions/A/vImage
0x00000001ab93e000 	/System/Library/Frameworks/Accelerate.framework/Versions/A/Frameworks/vecLib.framework/Versions/A/vecLib
0x00000001a55d3000 	/System/Library/Frameworks/Accelerate.framework/Versions/A/Frameworks/vecLib.framework/Versions/A/libvMisc.dylib
0x0000000196720000 	/System/Library/Frameworks/Accelerate.framework/Versions/A/Frameworks/vecLib.framework/Versions/A/libBLAS.dylib
0x00000001a7d34000 	/System/Library/Frameworks/ApplicationServices.framework/Versions/A/Frameworks/ATS.framework/Versions/A/ATS
0x000000019cb47000 	/System/Library/Frameworks/ApplicationServices.framework/Versions/A/Frameworks/HIServices.framework/Versions/A/HIServices
0x00000001a65f0000 	/System/Library/Frameworks/ApplicationServices.framework/Versions/A/Frameworks/PrintCore.framework/Versions/A/PrintCore
0x00000001a8127000 	/System/Library/Frameworks/ApplicationServices.framework/Versions/A/Frameworks/QD.framework/Versions/A/QD
0x00000001a811e000 	/System/Library/Frameworks/ApplicationServices.framework/Versions/A/Frameworks/ColorSyncLegacy.framework/Versions/A/ColorSyncLegacy
0x00000001a7d06000 	/System/Library/Frameworks/ApplicationServices.framework/Versions/A/Frameworks/SpeechSynthesis.framework/Versions/A/SpeechSynthesis
0x00000001a2fd4000 	/System/Library/PrivateFrameworks/CoreEmoji.framework/Versions/A/CoreEmoji
0x000000024a692000 	/System/Library/PrivateFrameworks/FontServices.framework/Versions/A/FontServices
0x00000001a5b20000 	/System/Library/PrivateFrameworks/OTSVG.framework/Versions/A/OTSVG
0x000000019f209000 	/System/Library/Frameworks/ApplicationServices.framework/Versions/A/Frameworks/ATS.framework/Versions/A/Resources/libFontRegistry.dylib
0x000000027dd75000 	/usr/lib/libhvf.dylib
0x000000025f4ef000 	/System/Library/PrivateFrameworks/ParsingInternal.framework/Versions/A/ParsingInternal
0x000000027e9bb000 	/usr/lib/swift/libswiftRegexBuilder.dylib
0x000000027eb43000 	/usr/lib/swift/libswift_RegexParser.dylib
0x00000001a5e9b000 	/System/Library/PrivateFrameworks/AppleJPEG.framework/Versions/A/AppleJPEG
0x00000001a593c000 	/usr/lib/libexpat.1.dylib
0x00000001a64c6000 	/System/Library/Frameworks/ImageIO.framework/Versions/A/Resources/libPng.dylib
0x00000001a64f1000 	/System/Library/Frameworks/ImageIO.framework/Versions/A/Resources/libTIFF.dylib
0x00000001a65db000 	/System/Library/Frameworks/ImageIO.framework/Versions/A/Resources/libGIF.dylib
0x00000001a5ee1000 	/System/Library/Frameworks/ImageIO.framework/Versions/A/Resources/libJP2.dylib
0x00000001a6582000 	/System/Library/Frameworks/ImageIO.framework/Versions/A/Resources/libJPEG.dylib
0x00000001a6579000 	/System/Library/Frameworks/ImageIO.framework/Versions/A/Resources/libRadiance.dylib
0x000000024f360000 	/System/Library/PrivateFrameworks/GPUCompiler.framework/Versions/32023/Libraries/libllvm-flatbuffers.dylib
0x000000024a75d000 	/System/Library/PrivateFrameworks/FramePacing.framework/Versions/A/FramePacing
0x00000001f661b000 	/System/Library/Frameworks/OpenGL.framework/Versions/A/Libraries/libCoreFSCache.dylib
0x000000024b2d2000 	/System/Library/PrivateFrameworks/GPUCompiler.framework/Versions/32023/Libraries/libGPUCompilerUtils.dylib
0x000000024a693000 	/System/Library/PrivateFrameworks/FontServices.framework/libXTFontStaticRegistryData.dylib
0x00000001b1211000 	/System/Library/PrivateFrameworks/ASEProcessing.framework/Versions/A/ASEProcessing
0x0000000262750000 	/System/Library/PrivateFrameworks/PhotosensitivityProcessing.framework/Versions/A/PhotosensitivityProcessing
0x00000001a5b14000 	/System/Library/PrivateFrameworks/GraphVisualizer.framework/Versions/A/GraphVisualizer
0x00000001f6679000 	/System/Library/Frameworks/OpenGL.framework/Versions/A/Libraries/libGLU.dylib
0x00000001f663d000 	/System/Library/Frameworks/OpenGL.framework/Versions/A/Libraries/libGFXShared.dylib
0x00000001f6805000 	/System/Library/Frameworks/OpenGL.framework/Versions/A/Libraries/libGL.dylib
0x00000001f6646000 	/System/Library/Frameworks/OpenGL.framework/Versions/A/Libraries/libGLImage.dylib
0x00000001f663a000 	/System/Library/Frameworks/OpenGL.framework/Versions/A/Libraries/libCVMSPluginSupport.dylib
0x00000001f6623000 	/System/Library/Frameworks/OpenGL.framework/Versions/A/Libraries/libCoreVMClient.dylib
0x00000001a224c000 	/System/Library/Frameworks/MetalPerformanceShaders.framework/Versions/A/Frameworks/MPSCore.framework/Versions/A/MPSCore
0x00000001a396a000 	/System/Library/Frameworks/MetalPerformanceShaders.framework/Versions/A/Frameworks/MPSImage.framework/Versions/A/MPSImage
0x00000001a33b9000 	/System/Library/Frameworks/MetalPerformanceShaders.framework/Versions/A/Frameworks/MPSNeuralNetwork.framework/Versions/A/MPSNeuralNetwork
0x00000001a37f0000 	/System/Library/Frameworks/MetalPerformanceShaders.framework/Versions/A/Frameworks/MPSMatrix.framework/Versions/A/MPSMatrix
0x00000001a3605000 	/System/Library/Frameworks/MetalPerformanceShaders.framework/Versions/A/Frameworks/MPSRayIntersector.framework/Versions/A/MPSRayIntersector
0x00000001a3822000 	/System/Library/Frameworks/MetalPerformanceShaders.framework/Versions/A/Frameworks/MPSNDArray.framework/Versions/A/MPSNDArray
0x00000001f9f10000 	/System/Library/Frameworks/MetalPerformanceShaders.framework/Versions/A/Frameworks/MPSFunctions.framework/Versions/A/MPSFunctions
0x00000001f9ef2000 	/System/Library/Frameworks/MetalPerformanceShaders.framework/Versions/A/Frameworks/MPSBenchmarkLoop.framework/Versions/A/MPSBenchmarkLoop
0x000000019659b000 	/System/Library/PrivateFrameworks/MetalTools.framework/Versions/A/MetalTools
0x00000001c3d76000 	/System/Library/PrivateFrameworks/IOAccelMemoryInfo.framework/Versions/A/IOAccelMemoryInfo
0x00000001d14ef000 	/System/Library/PrivateFrameworks/kperf.framework/Versions/A/kperf
0x00000001bf0fd000 	/System/Library/PrivateFrameworks/GPURawCounter.framework/Versions/A/GPURawCounter
0x00000001a65ad000 	/System/Library/Frameworks/ApplicationServices.framework/Versions/A/Frameworks/ATSUI.framework/Versions/A/ATSUI
0x00000001a80b2000 	/usr/lib/libcups.2.dylib
0x00000001a814c000 	/System/Library/Frameworks/Kerberos.framework/Versions/A/Kerberos
0x00000001a7db2000 	/usr/lib/libresolv.9.dylib
0x00000001a3f79000 	/usr/lib/libiconv.2.dylib
0x00000001a5b72000 	/System/Library/PrivateFrameworks/Heimdal.framework/Versions/A/Heimdal
0x00000001b001f000 	/System/Library/Frameworks/Kerberos.framework/Versions/A/Libraries/libHeimdalProxy.dylib
0x00000001a5957000 	/usr/lib/libheimdal-asn1.dylib
0x000000019f4ef000 	/System/Library/Frameworks/OpenDirectory.framework/Versions/A/OpenDirectory
0x00000001a81af000 	/System/Library/PrivateFrameworks/CommonAuth.framework/Versions/A/CommonAuth
0x000000019f4fd000 	/System/Library/Frameworks/OpenDirectory.framework/Versions/A/Frameworks/CFOpenDirectory.framework/Versions/A/CFOpenDirectory
0x00000001a3ed4000 	/usr/lib/libcharset.1.dylib
0x00000001f6ba1000 	/System/Library/Frameworks/AVFAudio.framework/Versions/A/AVFAudio
0x00000001b87e5000 	/System/Library/PrivateFrameworks/AXCoreUtilities.framework/Versions/A/AXCoreUtilities
0x0000000256ee8000 	/System/Library/PrivateFrameworks/IsolatedCoreAudioClient.framework/Versions/A/IsolatedCoreAudioClient
0x00000001a7ced000 	/usr/lib/libAudioStatistics.dylib
0x00000001a135e000 	/System/Library/PrivateFrameworks/caulk.framework/Versions/A/caulk
0x000000019841f000 	/System/Library/PrivateFrameworks/AudioToolboxCore.framework/Versions/A/AudioToolboxCore
0x00000001b2337000 	/System/Library/Frameworks/CoreMIDI.framework/Versions/A/CoreMIDI
0x00000001a7c90000 	/System/Library/PrivateFrameworks/AudioSession.framework/Versions/A/AudioSession
0x00000001a95c7000 	/System/Library/Frameworks/IOBluetooth.framework/Versions/A/IOBluetooth
0x00000001a5a41000 	/System/Library/PrivateFrameworks/MediaExperience.framework/Versions/A/MediaExperience
0x0000000270f5b000 	/System/Library/PrivateFrameworks/Tightbeam.framework/Versions/A/Tightbeam
0x0000000244d54000 	/System/Library/PrivateFrameworks/CoreAudioOrchestration.framework/Versions/A/CoreAudioOrchestration
0x00000001d5e0f000 	/System/Library/PrivateFrameworks/AFKUser.framework/Versions/A/AFKUser
0x00000001bf101000 	/usr/lib/swift/libswiftCoreAudio.dylib
0x00000001a5b61000 	/System/Library/PrivateFrameworks/AppServerSupport.framework/Versions/A/AppServerSupport
0x00000001a8130000 	/System/Library/PrivateFrameworks/perfdata.framework/Versions/A/perfdata
0x00000001be2ba000 	/System/Library/PrivateFrameworks/SystemPolicy.framework/Versions/A/SystemPolicy
0x00000001a7fd1000 	/usr/lib/libSMC.dylib
0x00000001a6490000 	/usr/lib/libAudioToolboxUtility.dylib
0x00000001a813e000 	/usr/lib/libperfcheck.dylib
0x0000000240bea000 	/System/Library/PrivateFrameworks/AudioAnalytics.framework/Versions/A/AudioAnalytics
0x00000001e28da000 	/System/Library/Frameworks/OSLog.framework/Versions/A/OSLog
0x00000001bf0c8000 	/usr/lib/libmis.dylib
0x00000001a7a9e000 	/System/Library/PrivateFrameworks/AudioSession.framework/libSessionUtility.dylib
0x00000001a65e1000 	/System/Library/PrivateFrameworks/CMCaptureCore.framework/Versions/A/CMCaptureCore
0x00000001f8242000 	/System/Library/Frameworks/ExtensionFoundation.framework/Versions/A/ExtensionFoundation
0x00000001adcfe000 	/System/Library/PrivateFrameworks/CoreTime.framework/Versions/A/CoreTime
0x00000001a583b000 	/System/Library/PrivateFrameworks/PlugInKit.framework/Versions/A/PlugInKit
0x00000001ac825000 	/System/Library/Frameworks/CoreBluetooth.framework/Versions/A/CoreBluetooth
0x00000001b0020000 	/System/Library/Frameworks/AudioUnit.framework/Versions/A/AudioUnit
0x00000001a3098000 	/System/Library/PrivateFrameworks/CoreUtils.framework/Versions/A/CoreUtils
0x0000000247cf8000 	/System/Library/PrivateFrameworks/CoreUtilsExtras.framework/Versions/A/CoreUtilsExtras
0x00000001abc5f000 	/System/Library/Frameworks/MediaAccessibility.framework/Versions/A/MediaAccessibility
0x00000001c7712000 	/System/Library/PrivateFrameworks/AttributeGraph.framework/Versions/A/AttributeGraph
0x000000027d632000 	/usr/lib/libAXSafeCategoryBundle.dylib
0x00000001b88a1000 	/usr/lib/libAccessibility.dylib
0x00000001a2ee2000 	/System/Library/Frameworks/Accelerate.framework/Versions/A/Frameworks/vecLib.framework/Versions/A/libvDSP.dylib
0x00000001a4240000 	/System/Library/Frameworks/Accelerate.framework/Versions/A/Frameworks/vecLib.framework/Versions/A/libLAPACK.dylib
0x00000001a33a4000 	/System/Library/Frameworks/Accelerate.framework/Versions/A/Frameworks/vecLib.framework/Versions/A/libLinearAlgebra.dylib
0x00000001a413b000 	/System/Library/Frameworks/Accelerate.framework/Versions/A/Frameworks/vecLib.framework/Versions/A/libSparseBLAS.dylib
0x00000001a423b000 	/System/Library/Frameworks/Accelerate.framework/Versions/A/Frameworks/vecLib.framework/Versions/A/libQuadrature.dylib
0x00000001a2435000 	/System/Library/Frameworks/Accelerate.framework/Versions/A/Frameworks/vecLib.framework/Versions/A/libBNNS.dylib
0x0000000196ec1000 	/System/Library/Frameworks/Accelerate.framework/Versions/A/Frameworks/vecLib.framework/Versions/A/libSparse.dylib
0x0000000258659000 	/System/Library/PrivateFrameworks/MIL.framework/Versions/A/MIL
0x00000001a6574000 	/System/Library/PrivateFrameworks/GPUWrangler.framework/Versions/A/GPUWrangler
0x00000001a6554000 	/System/Library/PrivateFrameworks/IOPresentment.framework/Versions/A/IOPresentment
0x00000001a657c000 	/System/Library/PrivateFrameworks/DSExternalDisplay.framework/Versions/A/DSExternalDisplay
0x00000001e2ce1000 	/System/Library/PrivateFrameworks/HIDDisplay.framework/Versions/A/HIDDisplay
0x00000001b7ac0000 	/System/Library/PrivateFrameworks/HID.framework/Versions/A/HID
0x0000000274797000 	/System/Library/PrivateFrameworks/VideoToolboxParavirtualizationSupport.framework/Versions/A/VideoToolboxParavirtualizationSupport
0x00000001a58f3000 	/System/Library/PrivateFrameworks/AppleVA.framework/Versions/A/AppleVA
0x00000001ad86d000 	/System/Library/PrivateFrameworks/GraphicsServices.framework/Versions/A/GraphicsServices
0x00000001a8322000 	/System/Library/PrivateFrameworks/CorePhoneNumbers.framework/Versions/A/CorePhoneNumbers
0x00000001aca0d000 	/System/Library/PrivateFrameworks/MediaKit.framework/Versions/A/MediaKit
0x00000001ac958000 	/System/Library/Frameworks/DiscRecording.framework/Versions/A/DiscRecording
0x00000001a8111000 	/System/Library/PrivateFrameworks/NetAuth.framework/Versions/A/NetAuth
0x000000019f6ed000 	/System/Library/PrivateFrameworks/login.framework/Versions/A/Frameworks/loginsupport.framework/Versions/A/loginsupport
0x00000001a5961000 	/System/Library/PrivateFrameworks/IconFoundation.framework/Versions/A/IconFoundation
0x00000001a56de000 	/usr/lib/libIOReport.dylib
0x00000002407fa000 	/System/Library/PrivateFrameworks/AppleMobileFileIntegrity.framework/Versions/A/AppleMobileFileIntegrity
0x000000027d9f4000 	/usr/lib/libTLE.dylib
0x00000001f3677000 	/System/Library/PrivateFrameworks/ConfigProfileHelper.framework/Versions/A/ConfigProfileHelper
0x00000001a3341000 	/usr/lib/libmecab.dylib
0x0000000197051000 	/usr/lib/libCRFSuite.dylib
0x00000001a2311000 	/System/Library/PrivateFrameworks/CoreNLP.framework/Versions/A/CoreNLP
0x00000001a40f4000 	/usr/lib/libThaiTokenizer.dylib
0x00000001a330b000 	/usr/lib/libCheckFix.dylib
0x000000019e930000 	/System/Library/PrivateFrameworks/MetadataUtilities.framework/Versions/A/MetadataUtilities
0x0000000253e9b000 	/System/Library/PrivateFrameworks/InstalledContentLibrary.framework/Versions/A/InstalledContentLibrary
0x0000000199b40000 	/System/Library/PrivateFrameworks/CoreServicesStore.framework/Versions/A/CoreServicesStore
0x00000001d15f9000 	/System/Library/PrivateFrameworks/MobileSystemServices.framework/Versions/A/MobileSystemServices
0x00000001a559f000 	/usr/lib/libxslt.1.dylib
0x00000001a32ce000 	/System/Library/PrivateFrameworks/BackgroundTaskManagement.framework/Versions/A/BackgroundTaskManagement
0x00000001af793000 	/usr/lib/libcurl.4.dylib
0x000000027dc28000 	/usr/lib/libcrypto.46.dylib
0x000000027e750000 	/usr/lib/libssl.48.dylib
0x00000001af46c000 	/System/Library/Frameworks/LDAP.framework/Versions/A/LDAP
0x00000001af4a8000 	/System/Library/PrivateFrameworks/TrustEvaluationAgent.framework/Versions/A/TrustEvaluationAgent
0x00000001a7dcf000 	/usr/lib/libsasl2.2.dylib
0x00000001bc535000 	/usr/lib/swift/libswiftCoreGraphics.dylib
0x00000001ac28d000 	/usr/lib/swift/libswiftFoundation.dylib
0x00000001f3101000 	/usr/lib/swift/libswiftSwiftOnoneSupport.dylib
0x00000001def93000 	/System/Library/PrivateFrameworks/CoreMaterial.framework/Versions/A/CoreMaterial
0x0000000265059000 	/System/Library/PrivateFrameworks/SFSymbols.framework/Versions/A/SFSymbols
0x00000001ab559000 	/System/Library/PrivateFrameworks/SpeechRecognitionCore.framework/Versions/A/SpeechRecognitionCore
0x0000000101410000 	/Users/javierhernandez/Applications/Android Studio.app/Contents/jbr/Contents/Home/lib/server/libjvm.dylib
0x00000001001a8000 	/Users/javierhernandez/Applications/Android Studio.app/Contents/jbr/Contents/Home/lib/libjimage.dylib
0x00000001001d4000 	/Users/javierhernandez/Applications/Android Studio.app/Contents/jbr/Contents/Home/lib/libinstrument.dylib
0x000000010021c000 	/Users/javierhernandez/Applications/Android Studio.app/Contents/jbr/Contents/Home/lib/libjava.dylib
0x0000000100d60000 	/Users/javierhernandez/Applications/Android Studio.app/Contents/jbr/Contents/Home/lib/libzip.dylib
0x0000000100d38000 	/Users/javierhernandez/Applications/Android Studio.app/Contents/jbr/Contents/Home/lib/libnio.dylib
0x0000000100d88000 	/Users/javierhernandez/Applications/Android Studio.app/Contents/jbr/Contents/Home/lib/libnet.dylib
0x0000000100da4000 	/Users/javierhernandez/Applications/Android Studio.app/Contents/jbr/Contents/Home/lib/libverify.dylib
0x000000010020c000 	/Users/javierhernandez/.gradle/native/c067742578af261105cb4f569cf0c3c89f3d7b1fecec35dd04571415982c5e48/osx-aarch64/libnative-platform.dylib
0x0000000101174000 	/Users/javierhernandez/.gradle/native/100fb08df4bc3b14c8652ba06237920a3bd2aa13389f12d3474272988ae205f9/osx-aarch64/libnative-platform-file-events.dylib
0x0000000100dd4000 	/Users/javierhernandez/Applications/Android Studio.app/Contents/jbr/Contents/Home/lib/libmanagement.dylib
0x0000000100de8000 	/Users/javierhernandez/Applications/Android Studio.app/Contents/jbr/Contents/Home/lib/libmanagement_ext.dylib
0x0000000101100000 	/Users/javierhernandez/Applications/Android Studio.app/Contents/jbr/Contents/Home/lib/libextnet.dylib
0x0000000125000000 	/Users/javierhernandez/Applications/Android Studio.app/Contents/jbr/Contents/Home/lib/libawt.dylib
0x00000001250b8000 	/Users/javierhernandez/Applications/Android Studio.app/Contents/jbr/Contents/Home/lib/libmlib_image.dylib
0x00000001f9179000 	/System/Library/Frameworks/JavaRuntimeSupport.framework/Versions/A/JavaRuntimeSupport
0x00000001bdcdd000 	/System/Library/Frameworks/Carbon.framework/Versions/A/Carbon
0x00000001b49da000 	/System/Library/Frameworks/Carbon.framework/Versions/A/Frameworks/CommonPanels.framework/Versions/A/CommonPanels
0x00000001af77e000 	/System/Library/Frameworks/Carbon.framework/Versions/A/Frameworks/Help.framework/Versions/A/Help
0x00000001b49de000 	/System/Library/Frameworks/Carbon.framework/Versions/A/Frameworks/ImageCapture.framework/Versions/A/ImageCapture
0x00000001b49ba000 	/System/Library/Frameworks/Carbon.framework/Versions/A/Frameworks/OpenScripting.framework/Versions/A/OpenScripting
0x00000001b49d9000 	/System/Library/Frameworks/Carbon.framework/Versions/A/Frameworks/Ink.framework/Versions/A/Ink
0x00000001b49d6000 	/System/Library/Frameworks/Carbon.framework/Versions/A/Frameworks/SecurityHI.framework/Versions/A/SecurityHI
0x00000001252b0000 	/Users/javierhernandez/Applications/Android Studio.app/Contents/jbr/Contents/Home/lib/libawt_lwawt.dylib
0x0000000121068000 	/Users/javierhernandez/Applications/Android Studio.app/Contents/jbr/Contents/Home/lib/libosxapp.dylib
0x00000001bc59a000 	/System/Library/Frameworks/ExceptionHandling.framework/Versions/A/ExceptionHandling
0x000000012543c000 	/Users/javierhernandez/Applications/Android Studio.app/Contents/jbr/Contents/Home/lib/libfontmanager.dylib
0x00000001251c4000 	/Users/javierhernandez/Applications/Android Studio.app/Contents/jbr/Contents/Home/lib/libfreetype.dylib
0x00000001011e8000 	/Users/javierhernandez/Applications/Android Studio.app/Contents/jbr/Contents/Home/lib/librmi.dylib


VM Arguments:
jvm_args: --add-opens=java.base/java.util=ALL-UNNAMED --add-opens=java.base/java.lang=ALL-UNNAMED --add-opens=java.base/java.lang.invoke=ALL-UNNAMED --add-opens=java.prefs/java.util.prefs=ALL-UNNAMED --add-exports=jdk.compiler/com.sun.tools.javac.api=ALL-UNNAMED --add-exports=jdk.compiler/com.sun.tools.javac.util=ALL-UNNAMED --add-opens=java.base/java.nio.charset=ALL-UNNAMED --add-opens=java.base/java.net=ALL-UNNAMED --add-opens=java.base/java.util.concurrent.atomic=ALL-UNNAMED -Xmx4096M -Dfile.encoding=UTF-8 -Duser.country=CO -Duser.language=en -Duser.variant -javaagent:/Users/javierhernandez/.gradle/wrapper/dists/gradle-8.9-bin/90cnw93cvbtalezasaz0blq0a/gradle-8.9/lib/agents/gradle-instrumentation-agent-8.9.jar 
java_command: org.gradle.launcher.daemon.bootstrap.GradleDaemon 8.9
java_class_path (initial): /Users/javierhernandez/.gradle/wrapper/dists/gradle-8.9-bin/90cnw93cvbtalezasaz0blq0a/gradle-8.9/lib/gradle-daemon-main-8.9.jar
Launcher Type: SUN_STANDARD

[Global flags]
     intx CICompilerCount                          = 4                                         {product} {ergonomic}
     uint ConcGCThreads                            = 2                                         {product} {ergonomic}
     uint G1ConcRefinementThreads                  = 8                                         {product} {ergonomic}
   size_t G1HeapRegionSize                         = 2097152                                   {product} {ergonomic}
    uintx GCDrainStackTargetSize                   = 64                                        {product} {ergonomic}
   size_t InitialHeapSize                          = 268435456                                 {product} {ergonomic}
   size_t MarkStackSize                            = 4194304                                   {product} {ergonomic}
   size_t MaxHeapSize                              = 4294967296                                {product} {command line}
   size_t MaxNewSize                               = 2575302656                                {product} {ergonomic}
   size_t MinHeapDeltaBytes                        = 2097152                                   {product} {ergonomic}
   size_t MinHeapSize                              = 8388608                                   {product} {ergonomic}
    uintx NonNMethodCodeHeapSize                   = 5839564                                {pd product} {ergonomic}
    uintx NonProfiledCodeHeapSize                  = 122909338                              {pd product} {ergonomic}
    uintx ProfiledCodeHeapSize                     = 122909338                              {pd product} {ergonomic}
    uintx ReservedCodeCacheSize                    = 251658240                              {pd product} {ergonomic}
     bool SegmentedCodeCache                       = true                                      {product} {ergonomic}
   size_t SoftMaxHeapSize                          = 4294967296                             {manageable} {ergonomic}
     bool UseCompressedOops                        = true                           {product lp64_product} {ergonomic}
     bool UseG1GC                                  = true                                      {product} {ergonomic}
     bool UseNUMA                                  = false                                     {product} {ergonomic}
     bool UseNUMAInterleaving                      = false                                     {product} {ergonomic}

Logging:
Log output configuration:
 #0: stdout all=warning uptime,level,tags foldmultilines=false
 #1: stderr all=off uptime,level,tags foldmultilines=false

Environment Variables:
JAVA_HOME=/Library/Java/JavaVirtualMachines/corretto-17.0.9/Contents/Home
PATH=/Users/javierhernandez/.rbenv/shims:/opt/homebrew/bin:/opt/homebrew/sbin:/usr/local/bin:/System/Cryptexes/App/usr/bin:/usr/bin:/bin:/usr/sbin:/sbin:/var/run/com.apple.security.cryptexd/codex.system/bootstrap/usr/local/bin:/var/run/com.apple.security.cryptexd/codex.system/bootstrap/usr/bin:/var/run/com.apple.security.cryptexd/codex.system/bootstrap/usr/appleinternal/bin:/Library/Apple/usr/bin:/usr/local/go/bin:/Users/javierhernandez/Library/Application Support/JetBrains/Toolbox/scripts:/Users/javierhernandez/Library/Android/sdk/emulator:/Users/javierhernandez/Library/Android/sdk/platform-tools:/Users/javierhernandez/.rvm/bin
LD_LIBRARY_PATH=/usr/local/lib:
SHELL=/bin/zsh
LANG=en_US.UTF-8
LC_ALL=en_US.UTF-8
TMPDIR=/var/folders/6s/fys7kly11m75snq0f4fvwrhh0000gn/T/

Active Locale:
LC_ALL=C
LC_COLLATE=C
LC_CTYPE=C
LC_MESSAGES=C
LC_MONETARY=C
LC_NUMERIC=C
LC_TIME=C

Signal Handlers:
   SIGSEGV: crash_handler in libjvm.dylib, mask=11100110000111110111111111111111, flags=SA_ONSTACK|SA_RESTART|SA_SIGINFO, unblocked
    SIGBUS: crash_handler in libjvm.dylib, mask=11100110000111110111111111111111, flags=SA_RESTART|SA_SIGINFO, unblocked
    SIGFPE: crash_handler in libjvm.dylib, mask=11100110000111110111111111111111, flags=SA_RESTART|SA_SIGINFO, unblocked
   SIGPIPE: javaSignalHandler in libjvm.dylib, mask=11100110000111110111111111111111, flags=SA_RESTART|SA_SIGINFO, blocked
   SIGXFSZ: javaSignalHandler in libjvm.dylib, mask=11100110000111110111111111111111, flags=SA_RESTART|SA_SIGINFO, blocked
    SIGILL: crash_handler in libjvm.dylib, mask=11100110000111110111111111111111, flags=SA_RESTART|SA_SIGINFO, unblocked
   SIGUSR2: SR_handler in libjvm.dylib, mask=00000000000000000000000000000000, flags=SA_RESTART|SA_SIGINFO, blocked
    SIGHUP: UserHandler in libjvm.dylib, mask=11100110000111110111111111111111, flags=SA_RESTART|SA_SIGINFO, blocked
    SIGINT: UserHandler in libjvm.dylib, mask=11100110000111110111111111111111, flags=SA_RESTART|SA_SIGINFO, blocked
   SIGTERM: UserHandler in libjvm.dylib, mask=11100110000111110111111111111111, flags=SA_RESTART|SA_SIGINFO, blocked
   SIGQUIT: UserHandler in libjvm.dylib, mask=11100110000111110111111111111111, flags=SA_RESTART|SA_SIGINFO, blocked
   SIGTRAP: crash_handler in libjvm.dylib, mask=11100110000111110111111111111111, flags=SA_RESTART|SA_SIGINFO, unblocked


Periodic native trim disabled

JNI global refs:
JNI global refs: 28, weak refs: 0

JNI global refs memory usage: 835, weak refs: 833

Process memory usage:
Resident Set Size: 471856K (2% of 16777216K total physical memory with 68112K free physical memory)

OOME stack traces (most recent first):
Classloader memory used:
Loader java.net.URLClassLoader                                                         : 51413K
Loader org.gradle.internal.classloader.VisitableURLClassLoader$InstrumentingVisitableURLClassLoader: 48392K
Loader org.gradle.internal.classloader.VisitableURLClassLoader                         : 41790K
Loader bootstrap                                                                       : 33062K
Loader org.gradle.initialization.MixInLegacyTypesClassLoader                           : 9702K
Loader jdk.internal.reflect.DelegatingClassLoader                                      : 1736K
Loader jdk.internal.loader.ClassLoaders$PlatformClassLoader                            : 535K
Loader jdk.internal.loader.ClassLoaders$AppClassLoader                                 : 229K
Loader sun.reflect.misc.MethodUtil                                                     : 2976B

Classes loaded by more than one classloader:
Class kotlin.ranges.IntProgression                                                    : loaded 2 times (x 78B)
Class kotlin.sequences.FlatteningSequence                                             : loaded 2 times (x 72B)
Class kotlin.sequences.DropTakeSequence                                               : loaded 2 times (x 67B)
Class kotlin.coroutines.jvm.internal.CompletedContinuation                            : loaded 2 times (x 72B)
Class kotlin.text.StringsKt__StringsKt                                                : loaded 2 times (x 68B)
Class kotlin.NotImplementedError                                                      : loaded 2 times (x 79B)
Class com.google.common.base.PairwiseEquivalence                                      : loaded 2 times (x 80B)
Class com.google.common.base.Equivalence$Identity                                     : loaded 2 times (x 79B)
Class com.google.common.collect.RegularImmutableMap$KeySet                            : loaded 2 times (x 147B)
Class org.gradle.internal.classloader.FilteringClassLoader                            : loaded 2 times (x 102B)
Class kotlin.io.FilesKt__FileTreeWalkKt                                               : loaded 2 times (x 68B)
Class kotlin.jvm.internal.CollectionToArray                                           : loaded 2 times (x 68B)
Class kotlin.sequences.FilteringSequence$iterator$1                                   : loaded 2 times (x 76B)
Class kotlin.sequences.SequencesKt__SequenceBuilderKt                                 : loaded 2 times (x 68B)
Class kotlin.collections.CollectionsKt__ReversedViewsKt                               : loaded 2 times (x 68B)
Class [Lcom.google.common.base.AbstractIterator$State;                                : loaded 2 times (x 66B)
Class com.google.common.base.CharMatcher$IsEither                                     : loaded 2 times (x 108B)
Class org.gradle.internal.classloader.ClassLoaderHierarchy                            : loaded 2 times (x 67B)
Class kotlin.jvm.internal.MutablePropertyReference1                                   : loaded 2 times (x 134B)
Class kotlin.jvm.internal.PropertyReference1Impl                                      : loaded 2 times (x 124B)
Class kotlin.SafePublicationLazyImpl$Companion                                        : loaded 2 times (x 68B)
Class com.google.common.collect.ImmutableEnumSet                                      : loaded 2 times (x 143B)
Class com.google.common.util.concurrent.ExecutionError                                : loaded 2 times (x 79B)
Class com.google.common.collect.ImmutableList$1                                       : loaded 2 times (x 94B)
Class com.google.common.collect.AbstractMapBasedMultimap$WrappedCollection            : loaded 2 times (x 121B)
Class org.gradle.api.internal.classpath.ManifestUtil                                  : loaded 2 times (x 68B)
Class kotlin.collections.builders.MapBuilder                                          : loaded 2 times (x 109B)
Class kotlin.ranges.IntProgression$Companion                                          : loaded 2 times (x 68B)
Class com.google.common.io.ByteArrayDataOutput                                        : loaded 2 times (x 67B)
Class com.google.common.collect.RegularImmutableMap                                   : loaded 2 times (x 118B)
Class com.google.common.collect.ImmutableMap$MapViewOfValuesAsSingletonSets           : loaded 2 times (x 122B)
Class kotlin.sequences.TransformingSequence                                           : loaded 2 times (x 72B)
Class com.google.common.reflect.TypeCapture                                           : loaded 2 times (x 68B)
Class com.google.common.collect.UnmodifiableListIterator                              : loaded 2 times (x 92B)
Class kotlin.io.LinesSequence                                                         : loaded 2 times (x 72B)
Class [Lkotlin.reflect.KClass;                                                        : loaded 2 times (x 66B)
Class com.google.common.base.Platform$JdkPatternCompiler                              : loaded 2 times (x 72B)
Class [Lcom.google.common.cache.CacheBuilder$OneWeigher;                              : loaded 2 times (x 66B)
Class com.google.common.base.Suppliers                                                : loaded 2 times (x 68B)
Class org.gradle.internal.classloader.DefaultClassLoaderFactory                       : loaded 2 times (x 79B)
Class kotlin.KotlinVersion$Companion                                                  : loaded 2 times (x 68B)
Class kotlin.sequences.SequencesKt___SequencesKt                                      : loaded 2 times (x 68B)
Class kotlin.collections.AbstractList$Companion                                       : loaded 2 times (x 68B)
Class com.google.common.io.ByteSource$ConcatenatedByteSource                          : loaded 2 times (x 82B)
Class [Lcom.google.common.collect.AbstractIterator$State;                             : loaded 2 times (x 66B)
Class com.google.common.base.CharMatcher$None                                         : loaded 2 times (x 109B)
Class org.gradle.internal.classloader.ClassLoaderVisitor                              : loaded 2 times (x 73B)
Class kotlin.sequences.SequencesKt___SequencesKt$flatMap$2                            : loaded 2 times (x 122B)
Class kotlin.io.FileTreeWalk$FileTreeWalkIterator                                     : loaded 2 times (x 80B)
Class [Lcom.google.common.collect.ImmutableMapEntry;                                  : loaded 2 times (x 66B)
Class org.gradle.api.internal.classpath.EffectiveClassPath                            : loaded 2 times (x 87B)
Class kotlin.coroutines.ContinuationInterceptor                                       : loaded 2 times (x 67B)
Class kotlin.text.StringsKt__AppendableKt                                             : loaded 2 times (x 68B)
Class com.google.common.collect.CollectSpliterators$1WithCharacteristics              : loaded 2 times (x 87B)
Class com.google.common.collect.ImmutableRangeSet                                     : loaded 2 times (x 112B)
Class com.google.common.collect.AbstractIterator$1                                    : loaded 2 times (x 68B)
Class com.google.common.collect.ImmutableEnumMap                                      : loaded 2 times (x 122B)
Class com.google.common.collect.ListMultimap                                          : loaded 2 times (x 67B)
Class kotlin.jvm.internal.ArrayIteratorKt                                             : loaded 2 times (x 68B)
Class kotlin.reflect.KProperty$Accessor                                               : loaded 2 times (x 67B)
Class [Lkotlin.reflect.KCallable;                                                     : loaded 2 times (x 66B)
Class com.google.common.base.Splitter                                                 : loaded 2 times (x 69B)
Class com.google.common.collect.Sets$1                                                : loaded 2 times (x 136B)
Class com.google.common.collect.ImmutableSet$SerializedForm                           : loaded 2 times (x 70B)
Class org.gradle.api.internal.DefaultClassPathProvider                                : loaded 2 times (x 73B)
Class kotlin.sequences.SequenceScope                                                  : loaded 2 times (x 70B)
Class kotlin.sequences.Sequence                                                       : loaded 2 times (x 67B)
Class kotlin.text.StringsKt__StringNumberConversionsJVMKt                             : loaded 2 times (x 68B)
Class com.google.common.collect.Maps$ViewCachingAbstractMap                           : loaded 2 times (x 122B)
Class [Lcom.google.common.base.Function;                                              : loaded 2 times (x 66B)
Class com.google.common.collect.Sets$2                                                : loaded 2 times (x 136B)
Class [Lorg.gradle.api.internal.ClassPathProvider;                                    : loaded 2 times (x 66B)
Class org.gradle.api.internal.ClassPathProvider                                       : loaded 2 times (x 67B)
Class kotlin.collections.CollectionsKt___CollectionsKt$asSequence$$inlined$Sequence$1 : loaded 2 times (x 72B)
Class kotlin.jvm.functions.Function20                                                 : loaded 2 times (x 67B)
Class com.google.common.base.AbstractIterator$State                                   : loaded 2 times (x 76B)
Class com.google.common.reflect.Types$ClassOwnership$1                                : loaded 2 times (x 77B)
Class com.google.common.collect.Sets$3                                                : loaded 2 times (x 136B)
Class com.google.common.util.concurrent.AbstractFuture$SafeAtomicHelper               : loaded 2 times (x 76B)
Class com.google.common.cache.LocalCache$LocalLoadingCache                            : loaded 2 times (x 131B)
Class org.gradle.internal.service.UnknownServiceException                             : loaded 2 times (x 80B)
Class kotlin.jvm.functions.Function21                                                 : loaded 2 times (x 67B)
Class com.google.common.io.ByteArrayDataInput                                         : loaded 2 times (x 67B)
Class com.google.common.reflect.Types$ClassOwnership$2                                : loaded 2 times (x 77B)
Class com.google.common.reflect.TypeResolver                                          : loaded 2 times (x 69B)
Class com.google.common.collect.Sets$4                                                : loaded 2 times (x 136B)
Class com.google.common.cache.LocalCache$Strength$1                                   : loaded 2 times (x 78B)
Class kotlin.collections.MapWithDefault                                               : loaded 2 times (x 67B)
Class kotlin.jvm.functions.Function22                                                 : loaded 2 times (x 67B)
Class kotlin.coroutines.jvm.internal.SuspendLambda                                    : loaded 2 times (x 88B)
Class kotlin.coroutines.jvm.internal.ContinuationImpl                                 : loaded 2 times (x 84B)
Class com.google.common.collect.Collections2$FilteredCollection                       : loaded 2 times (x 116B)
Class com.google.common.reflect.Types$ClassOwnership$3                                : loaded 2 times (x 68B)
Class com.google.common.util.concurrent.SettableFuture                                : loaded 2 times (x 111B)
Class com.google.common.cache.LocalCache$Strength$2                                   : loaded 2 times (x 78B)
Class kotlin.reflect.KTypeParameter                                                   : loaded 2 times (x 67B)
Class kotlin.collections.ArraysKt___ArraysJvmKt                                       : loaded 2 times (x 68B)
Class kotlin.text.StringsKt__RegexExtensionsJVMKt                                     : loaded 2 times (x 68B)
Class kotlin.collections.CollectionsKt__CollectionsKt                                 : loaded 2 times (x 68B)
Class com.google.common.io.ByteStreams                                                : loaded 2 times (x 68B)
Class com.google.common.collect.TransformedIterator                                   : loaded 2 times (x 77B)
Class [Lcom.google.common.collect.Maps$EntryFunction;                                 : loaded 2 times (x 66B)
Class com.google.common.base.Splitter$1                                               : loaded 2 times (x 74B)
Class com.google.common.cache.LocalCache$Strength$3                                   : loaded 2 times (x 78B)
Class com.google.common.collect.MapDifference                                         : loaded 2 times (x 67B)
Class kotlin.text.Regex$Companion                                                     : loaded 2 times (x 68B)
Class kotlin._Assertions                                                              : loaded 2 times (x 68B)
Class com.google.common.reflect.Invokable                                             : loaded 2 times (x 100B)
Class com.google.common.cache.CacheBuilder$NullListener                               : loaded 2 times (x 79B)
Class org.gradle.internal.classpath.TransformedClassPath                              : loaded 2 times (x 93B)
Class kotlin.jvm.internal.FunctionReference                                           : loaded 2 times (x 119B)
Class [Lkotlin.coroutines.intrinsics.CoroutineSingletons;                             : loaded 2 times (x 66B)
Class kotlin.jvm.internal.FunctionBase                                                : loaded 2 times (x 67B)
Class kotlin.enums.EnumEntriesList                                                    : loaded 2 times (x 220B)
Class com.google.common.collect.ImmutableRangeSet$AsSet                               : loaded 2 times (x 296B)
Class com.google.common.collect.Maps$IteratorBasedAbstractMap$1                       : loaded 2 times (x 135B)
Class com.google.common.reflect.Types$ParameterizedTypeImpl                           : loaded 2 times (x 78B)
Class com.google.common.collect.ImmutableCollection$Builder                           : loaded 2 times (x 73B)
Class com.google.common.collect.Iterators$ArrayItr                                    : loaded 2 times (x 94B)
Class com.google.common.cache.CacheLoader$FunctionToCacheLoader                       : loaded 2 times (x 72B)
Class kotlin.comparisons.ComparisonsKt___ComparisonsJvmKt                             : loaded 2 times (x 68B)
Class kotlin.collections.CollectionsKt__IteratorsJVMKt                                : loaded 2 times (x 68B)
Class com.google.common.collect.BaseImmutableMultimap                                 : loaded 2 times (x 120B)
Class com.google.common.reflect.TypeResolver$TypeVariableKey                          : loaded 2 times (x 69B)
Class com.google.common.base.Joiner                                                   : loaded 2 times (x 76B)
Class com.google.common.base.MoreObjects                                              : loaded 2 times (x 68B)
Class kotlin.reflect.KProperty0                                                       : loaded 2 times (x 67B)
Class kotlin.Result                                                                   : loaded 2 times (x 69B)
Class com.google.common.collect.Platform                                              : loaded 2 times (x 68B)
Class com.google.common.collect.UnmodifiableIterator                                  : loaded 2 times (x 77B)
Class org.gradle.internal.service.ServiceLocator                                      : loaded 2 times (x 67B)
Class kotlin.reflect.KClass                                                           : loaded 2 times (x 67B)
Class kotlin.reflect.KProperty1                                                       : loaded 2 times (x 67B)
Class kotlin.sequences.TransformingSequence$iterator$1                                : loaded 2 times (x 76B)
Class kotlin.Pair                                                                     : loaded 2 times (x 69B)
Class com.google.common.collect.SingletonImmutableBiMap                               : loaded 2 times (x 140B)
Class com.google.common.cache.LocalCache$1                                            : loaded 2 times (x 86B)
Class com.google.common.collect.AbstractMapEntry                                      : loaded 2 times (x 78B)
Class kotlin.sequences.GeneratorSequence$iterator$1                                   : loaded 2 times (x 76B)
Class kotlin.reflect.KProperty2                                                       : loaded 2 times (x 67B)
Class kotlin.collections.CollectionsKt__MutableCollectionsKt                          : loaded 2 times (x 68B)
Class kotlin.io.CloseableKt                                                           : loaded 2 times (x 68B)
Class com.google.common.io.ByteSource$ByteArrayByteSource                             : loaded 2 times (x 82B)
Class com.google.common.collect.Sets$ImprovedAbstractSet                              : loaded 2 times (x 132B)
Class com.google.common.collect.ImmutableList$Builder                                 : loaded 2 times (x 74B)
Class com.google.common.reflect.TypeToken$SimpleTypeToken                             : loaded 2 times (x 70B)
Class com.google.common.cache.LocalCache$2                                            : loaded 2 times (x 139B)
Class com.google.common.collect.AbstractMultimap                                      : loaded 2 times (x 120B)
Class kotlin.io.TerminateException                                                    : loaded 2 times (x 79B)
Class kotlin.io.FilesKt__FilePathComponentsKt                                         : loaded 2 times (x 68B)
Class kotlin.reflect.KCallable                                                        : loaded 2 times (x 67B)
Class kotlin.coroutines.CoroutineContext$Element                                      : loaded 2 times (x 67B)
Class com.google.common.collect.ImmutableRangeSet$1                                   : loaded 2 times (x 206B)
Class com.google.common.util.concurrent.AbstractFuture$UnsafeAtomicHelper$1           : loaded 2 times (x 73B)
Class com.google.common.collect.RegularImmutableAsList                                : loaded 2 times (x 213B)
Class kotlin.io.LinesSequence$iterator$1                                              : loaded 2 times (x 76B)
Class kotlin.collections.AbstractIterator                                             : loaded 2 times (x 80B)
Class kotlin.text.CharsKt                                                             : loaded 2 times (x 68B)
Class com.google.common.collect.Range                                                 : loaded 2 times (x 84B)
Class com.google.common.base.Optional                                                 : loaded 2 times (x 77B)
Class com.google.common.base.CharMatcher$RangesMatcher                                : loaded 2 times (x 109B)
Class com.google.common.collect.Iterators                                             : loaded 2 times (x 68B)
Class com.google.common.util.concurrent.AbstractFuture$Trusted                        : loaded 2 times (x 67B)
Class kotlin.coroutines.ContinuationInterceptor$Key                                   : loaded 2 times (x 68B)
Class com.google.common.collect.Lists$StringAsImmutableList                           : loaded 2 times (x 204B)
Class com.google.common.util.concurrent.UncheckedExecutionException                   : loaded 2 times (x 79B)
Class com.google.common.collect.ImmutableSortedSetFauxverideShim                      : loaded 2 times (x 144B)
Class com.google.common.base.CharMatcher$JavaLetterOrDigit                            : loaded 2 times (x 108B)
Class org.gradle.internal.InternalTransformer                                         : loaded 2 times (x 67B)
Class kotlin.collections.ArraysKt___ArraysKt$asSequence$$inlined$Sequence$1           : loaded 2 times (x 72B)
Class kotlin.jvm.JvmStatic                                                            : loaded 2 times (x 67B)
Class kotlin.collections.MapsKt__MapsJVMKt                                            : loaded 2 times (x 68B)
Class kotlin.collections.EmptyList                                                    : loaded 2 times (x 171B)
Class com.google.common.base.CharMatcher$And                                          : loaded 2 times (x 109B)
Class com.google.common.cache.CacheLoader$UnsupportedLoadingOperationException        : loaded 2 times (x 79B)
Class org.gradle.internal.classloader.ClasspathUtil$1                                 : loaded 2 times (x 73B)
Class kotlin.collections.builders.ListBuilderKt                                       : loaded 2 times (x 68B)
Class com.google.common.collect.FluentIterable$1                                      : loaded 2 times (x 78B)
Class com.google.common.base.Objects                                                  : loaded 2 times (x 68B)
Class com.google.common.collect.IndexedImmutableSet                                   : loaded 2 times (x 147B)
Class com.google.common.collect.ImmutableMap$1                                        : loaded 2 times (x 78B)
Class com.google.common.collect.BiMap                                                 : loaded 2 times (x 67B)
Class org.gradle.api.internal.classpath.DefaultModuleRegistry$DefaultModule           : loaded 2 times (x 83B)
Class kotlin.ResultKt                                                                 : loaded 2 times (x 68B)
Class com.google.common.collect.FluentIterable$2                                      : loaded 2 times (x 78B)
Class com.google.common.base.Absent                                                   : loaded 2 times (x 77B)
Class com.google.common.primitives.Ints                                               : loaded 2 times (x 68B)
Class com.google.common.reflect.Reflection                                            : loaded 2 times (x 68B)
Class com.google.common.collect.AbstractIterator                                      : loaded 2 times (x 79B)
Class kotlin.collections.IndexingIterable                                             : loaded 2 times (x 76B)
Class kotlin.Result$Failure                                                           : loaded 2 times (x 69B)
Class kotlin.collections.ArraysKt__ArraysKt                                           : loaded 2 times (x 68B)
Class com.google.common.collect.FluentIterable$3                                      : loaded 2 times (x 78B)
Class com.google.common.math.MathPreconditions                                        : loaded 2 times (x 68B)
Class com.google.common.collect.ObjectArrays                                          : loaded 2 times (x 68B)
Class com.google.common.collect.AbstractIndexedListIterator                           : loaded 2 times (x 93B)
Class com.google.common.collect.ArrayListMultimapGwtSerializationDependencies         : loaded 2 times (x 169B)
Class com.google.common.collect.Multiset                                              : loaded 2 times (x 67B)
Class kotlin.collections.SetsKt__SetsJVMKt                                            : loaded 2 times (x 68B)
Class kotlin.Function                                                                 : loaded 2 times (x 67B)
Class com.google.common.collect.ImmutableMapEntrySet                                  : loaded 2 times (x 148B)
Class org.gradle.api.internal.classpath.Module                                        : loaded 2 times (x 67B)
Class kotlin.KotlinVersion                                                            : loaded 2 times (x 71B)
Class kotlin.io.FileAlreadyExistsException                                            : loaded 2 times (x 79B)
Class kotlin.reflect.KMutableProperty                                                 : loaded 2 times (x 67B)
Class kotlin.internal.ProgressionUtilKt                                               : loaded 2 times (x 68B)
Class com.google.common.cache.Weigher                                                 : loaded 2 times (x 67B)
Class org.gradle.api.internal.classpath.UnknownModuleException                        : loaded 2 times (x 79B)
Class kotlin.jvm.internal.PropertyReference                                           : loaded 2 times (x 112B)
Class com.google.common.base.Stopwatch                                                : loaded 2 times (x 69B)
Class com.google.common.cache.LocalCache$Strength                                     : loaded 2 times (x 78B)
Class com.google.common.cache.Cache                                                   : loaded 2 times (x 67B)
Class kotlin.collections.IndexingIterator                                             : loaded 2 times (x 76B)
Class com.google.common.io.Files$2                                                    : loaded 2 times (x 73B)
Class com.google.common.base.NullnessCasts                                            : loaded 2 times (x 68B)
Class com.google.common.util.concurrent.AbstractFuture$Cancellation                   : loaded 2 times (x 69B)
Class com.google.common.collect.ImmutableMap$Builder                                  : loaded 2 times (x 79B)
Class [Lkotlin.reflect.KAnnotatedElement;                                             : loaded 2 times (x 66B)
Class com.google.common.collect.Maps$EntryFunction$1                                  : loaded 2 times (x 88B)
Class com.google.common.base.Present                                                  : loaded 2 times (x 78B)
Class com.google.common.cache.RemovalListener                                         : loaded 2 times (x 67B)
Class org.gradle.api.internal.DefaultClassPathRegistry                                : loaded 2 times (x 73B)
Class kotlin.jvm.JvmClassMappingKt                                                    : loaded 2 times (x 68B)
Class kotlin.reflect.KProperty                                                        : loaded 2 times (x 67B)
Class kotlin.jvm.internal.Reflection                                                  : loaded 2 times (x 68B)
Class kotlin.ranges.ClosedRange                                                       : loaded 2 times (x 67B)
Class com.google.common.collect.Maps$EntryFunction$2                                  : loaded 2 times (x 88B)
Class com.google.common.primitives.IntsMethodsForWeb                                  : loaded 2 times (x 68B)
Class com.google.common.reflect.Invokable$ConstructorInvokable                        : loaded 2 times (x 104B)
Class com.google.common.collect.Multimap                                              : loaded 2 times (x 67B)
Class org.gradle.api.internal.ClassPathRegistry                                       : loaded 2 times (x 67B)
Class org.gradle.internal.classpath.DefaultClassPath$ImmutableUniqueList              : loaded 2 times (x 196B)
Class kotlin.jvm.internal.TypeIntrinsics                                              : loaded 2 times (x 68B)
Class kotlin.collections.IntIterator                                                  : loaded 2 times (x 79B)
Class kotlin.text.StringsKt__StringsJVMKt                                             : loaded 2 times (x 68B)
Class com.google.common.base.ExtraObjectsMethodsForWeb                                : loaded 2 times (x 68B)
Class com.google.common.reflect.TypeToken                                             : loaded 2 times (x 70B)
Class kotlin.collections.SetsKt                                                       : loaded 2 times (x 68B)
Class kotlin.text.StringsKt__IndentKt                                                 : loaded 2 times (x 68B)
Class com.google.common.io.ByteSink                                                   : loaded 2 times (x 73B)
Class com.google.common.cache.CacheBuilder                                            : loaded 2 times (x 69B)
Class com.google.common.collect.SingletonImmutableList                                : loaded 2 times (x 204B)
Class org.gradle.internal.classpath.ClassPath                                         : loaded 2 times (x 67B)
Class org.gradle.api.UncheckedIOException                                             : loaded 2 times (x 79B)
Class kotlin.collections.ArrayDeque                                                   : loaded 2 times (x 204B)
Class kotlin.reflect.KFunction                                                        : loaded 2 times (x 67B)
Class com.google.common.io.Files$FileByteSource                                       : loaded 2 times (x 82B)
Class com.google.common.base.JdkPattern                                               : loaded 2 times (x 72B)
Class [Lcom.google.common.reflect.Types$JavaVersion;                                  : loaded 2 times (x 66B)
Class com.google.common.collect.ImmutableList$ReverseImmutableList                    : loaded 2 times (x 205B)
Class [Lkotlin.reflect.KDeclarationContainer;                                         : loaded 2 times (x 66B)
Class kotlin.jvm.internal.Lambda                                                      : loaded 2 times (x 72B)
Class kotlin.collections.MapsKt__MapsKt                                               : loaded 2 times (x 68B)
Class com.google.common.util.concurrent.AbstractFuture$AtomicHelper                   : loaded 2 times (x 75B)
Class com.google.common.collect.Iterators$1                                           : loaded 2 times (x 78B)
Class com.google.common.base.Suppliers$SupplierOfInstance                             : loaded 2 times (x 76B)
Class kotlin.properties.Delegates                                                     : loaded 2 times (x 68B)
Class kotlin.Metadata                                                                 : loaded 2 times (x 67B)
Class kotlin.collections.AbstractMutableSet                                           : loaded 2 times (x 139B)
Class kotlin.UninitializedPropertyAccessException                                     : loaded 2 times (x 79B)
Class com.google.common.reflect.TypeToken$1                                           : loaded 2 times (x 107B)
Class com.google.common.cache.LocalCache$ComputingValueReference                      : loaded 2 times (x 93B)
Class com.google.common.collect.ImmutableMap$IteratorBasedImmutableMap                : loaded 2 times (x 122B)
Class com.google.common.collect.SingletonImmutableSet                                 : loaded 2 times (x 143B)
Class kotlin.reflect.KProperty$Getter                                                 : loaded 2 times (x 67B)
Class com.google.common.reflect.TypeToken$2                                           : loaded 2 times (x 107B)
Class com.google.common.cache.LocalCache$Segment                                      : loaded 2 times (x 151B)
Class kotlin.SafePublicationLazyImpl                                                  : loaded 2 times (x 73B)
Class [Lcom.google.common.base.Supplier;                                              : loaded 2 times (x 66B)
Class com.google.common.collect.SortedIterable                                        : loaded 2 times (x 67B)
Class com.google.common.collect.Iterators$4                                           : loaded 2 times (x 79B)
Class com.google.common.cache.CacheLoader                                             : loaded 2 times (x 71B)
Class com.google.common.collect.ImmutableBiMap                                        : loaded 2 times (x 140B)
Class com.google.common.collect.AbstractListMultimap                                  : loaded 2 times (x 169B)
Class org.gradle.internal.installation.GradleInstallation$1                           : loaded 2 times (x 72B)
Class org.gradle.api.internal.classpath.ModuleRegistry                                : loaded 2 times (x 67B)
Class com.google.devtools.ksp.processing.KSPLogger                                    : loaded 2 times (x 67B)
Class com.google.common.base.Splitter$SplittingIterator                               : loaded 2 times (x 81B)
Class com.google.common.collect.ImmutableSet$JdkBackedSetBuilderImpl                  : loaded 2 times (x 73B)
Class com.google.common.collect.Iterators$5                                           : loaded 2 times (x 79B)
Class com.google.common.util.concurrent.internal.InternalFutureFailureAccess          : loaded 2 times (x 69B)
Class kotlin.coroutines.intrinsics.IntrinsicsKt__IntrinsicsKt                         : loaded 2 times (x 68B)
Class com.google.common.collect.Iterators$6                                           : loaded 2 times (x 78B)
Class com.google.common.io.Closer$SuppressingSuppressor                               : loaded 2 times (x 72B)
Class com.google.common.base.CharMatcher$ForPredicate                                 : loaded 2 times (x 109B)
Class com.google.common.util.concurrent.AbstractFuture$UnsafeAtomicHelper             : loaded 2 times (x 75B)
Class com.google.common.cache.LocalCache$LocalManualCache$1                           : loaded 2 times (x 72B)
Class kotlin.io.FilesKt__UtilsKt                                                      : loaded 2 times (x 68B)
Class kotlin.collections.CollectionsKt__CollectionsJVMKt                              : loaded 2 times (x 68B)
Class com.google.common.base.CharMatcher$AnyOf                                        : loaded 2 times (x 109B)
Class com.google.common.collect.ImmutableCollection                                   : loaded 2 times (x 122B)
Class org.gradle.api.internal.classpath.DefaultModuleRegistry                         : loaded 2 times (x 80B)
Class kotlin.KotlinVersionCurrentValue                                                : loaded 2 times (x 68B)
Class kotlin.collections.IndexedValue                                                 : loaded 2 times (x 69B)
Class kotlin.collections.builders.MapBuilder$Itr                                      : loaded 2 times (x 69B)
Class kotlin.sequences.SequencesKt                                                    : loaded 2 times (x 68B)
Class kotlin.collections.CollectionsKt__IteratorsKt                                   : loaded 2 times (x 68B)
Class com.google.common.base.CharMatcher$Any                                          : loaded 2 times (x 109B)
Class com.google.common.collect.Lists                                                 : loaded 2 times (x 68B)
Class com.google.common.util.concurrent.ListenableFuture                              : loaded 2 times (x 67B)
Class com.google.common.cache.ReferenceEntry                                          : loaded 2 times (x 67B)
Class com.google.common.base.Converter                                                : loaded 2 times (x 87B)
Class com.google.common.collect.ImmutableSet$CachingAsList                            : loaded 2 times (x 144B)
Class kotlin.jvm.internal.markers.KMutableSet                                         : loaded 2 times (x 67B)
Class kotlin.text.StringsKt                                                           : loaded 2 times (x 68B)
Class com.google.common.collect.Iterators$9                                           : loaded 2 times (x 78B)
Class com.google.common.util.concurrent.AbstractFuture                                : loaded 2 times (x 103B)
Class com.google.common.base.FunctionalEquivalence                                    : loaded 2 times (x 80B)
Class com.google.common.collect.AbstractMapBasedMultimap                              : loaded 2 times (x 136B)
Class com.google.common.collect.ImmutableAsList                                       : loaded 2 times (x 206B)
Class kotlin.coroutines.jvm.internal.RestrictedContinuationImpl                       : loaded 2 times (x 84B)
Class kotlin.io.FileTreeWalk$FileTreeWalkIterator$SingleFileState                     : loaded 2 times (x 71B)
Class kotlin.coroutines.CoroutineContext$Key                                          : loaded 2 times (x 67B)
Class kotlin.LazyKt__LazyJVMKt                                                        : loaded 2 times (x 68B)
Class com.google.common.reflect.TypeResolver$TypeTable                                : loaded 2 times (x 70B)
Class com.google.common.cache.CacheLoader$SupplierToCacheLoader                       : loaded 2 times (x 72B)
Class [Lkotlin.Pair;                                                                  : loaded 2 times (x 66B)
Class kotlin.jvm.internal.markers.KMutableList                                        : loaded 2 times (x 67B)
Class kotlin.io.FilesKt__FileReadWriteKt                                              : loaded 2 times (x 68B)
Class kotlin.text.StringsKt__StringNumberConversionsKt                                : loaded 2 times (x 68B)
Class com.google.common.reflect.TypeResolver$TypeTable$1                              : loaded 2 times (x 70B)
Class com.google.common.collect.Maps$EntryTransformer                                 : loaded 2 times (x 67B)
Class org.gradle.internal.service.ServiceLookupException                              : loaded 2 times (x 79B)
Class [Lkotlin.sequences.Sequence;                                                    : loaded 2 times (x 66B)
Class kotlin.jvm.internal.MutablePropertyReference1Impl                               : loaded 2 times (x 134B)
Class com.google.common.collect.ImmutableSortedSet                                    : loaded 2 times (x 296B)
Class com.google.common.base.CharMatcher$JavaLetter                                   : loaded 2 times (x 108B)
Class [Lcom.google.common.cache.LocalCache$EntryFactory;                              : loaded 2 times (x 66B)
Class org.gradle.internal.classloader.ClassLoaderFactory                              : loaded 2 times (x 67B)
Class com.google.common.base.CharMatcher$IsNot                                        : loaded 2 times (x 108B)
Class com.google.common.base.CommonPattern                                            : loaded 2 times (x 71B)
Class com.google.common.cache.LocalCache$LocalManualCache                             : loaded 2 times (x 96B)
Class org.gradle.internal.service.CachingServiceLocator                               : loaded 2 times (x 79B)
Class kotlin.jvm.internal.CallableReference                                           : loaded 2 times (x 103B)
Class kotlin.collections.AbstractList$IteratorImpl                                    : loaded 2 times (x 79B)
Class com.google.devtools.ksp.processing.KSPCommonConfig                              : loaded 2 times (x 69B)
Class com.google.common.collect.RegularImmutableSortedSet                             : loaded 2 times (x 296B)
Class com.google.common.math.IntMath                                                  : loaded 2 times (x 68B)
Class kotlin.properties.ReadOnlyProperty                                              : loaded 2 times (x 67B)
Class kotlin.jvm.internal.markers.KMutableMap                                         : loaded 2 times (x 67B)
Class kotlin.ranges.IntRange                                                          : loaded 2 times (x 90B)
Class com.google.common.base.CharMatcher$JavaDigit                                    : loaded 2 times (x 108B)
Class com.google.common.reflect.Types$TypeVariableInvocationHandler                   : loaded 2 times (x 72B)
Class com.google.common.collect.Iterators$10                                          : loaded 2 times (x 78B)
Class com.google.common.collect.ImmutableMapEntry                                     : loaded 2 times (x 82B)
Class kotlin.enums.EnumEntries                                                        : loaded 2 times (x 67B)
Class com.google.common.collect.ImmutableMultimap                                     : loaded 2 times (x 144B)
Class com.google.common.base.Predicates                                               : loaded 2 times (x 68B)
Class com.google.common.base.Equivalence                                              : loaded 2 times (x 79B)
Class com.google.common.collect.ImmutableMapEntry$NonTerminalImmutableMapEntry        : loaded 2 times (x 82B)
Class com.google.common.base.Function                                                 : loaded 2 times (x 67B)
Class com.google.common.collect.IndexedImmutableSet$1                                 : loaded 2 times (x 209B)
Class com.google.common.cache.CacheBuilder$OneWeigher                                 : loaded 2 times (x 79B)
Class com.google.common.collect.RegularImmutableList                                  : loaded 2 times (x 209B)
Class com.google.common.collect.Maps$EntryFunction                                    : loaded 2 times (x 88B)
Class com.google.common.reflect.Types$ClassOwnership$1LocalClass                      : loaded 2 times (x 68B)
Class com.google.common.collect.ImmutableBiMapFauxverideShim                          : loaded 2 times (x 117B)
Class org.gradle.internal.classloader.ClasspathUtil                                   : loaded 2 times (x 68B)
Class kotlin.jvm.internal.PropertyReference0                                          : loaded 2 times (x 124B)
Class kotlin.sequences.EmptySequence                                                  : loaded 2 times (x 75B)
Class kotlin.io.FileSystemException                                                   : loaded 2 times (x 79B)
Class com.google.common.base.Charsets                                                 : loaded 2 times (x 68B)
Class com.google.common.util.concurrent.Uninterruptibles                              : loaded 2 times (x 68B)
Class kotlin.jvm.internal.DefaultConstructorMarker                                    : loaded 2 times (x 68B)
Class kotlin.jvm.internal.PropertyReference1                                          : loaded 2 times (x 124B)
Class com.google.common.io.CharSource                                                 : loaded 2 times (x 82B)
Class com.google.common.base.CharMatcher$JavaUpperCase                                : loaded 2 times (x 108B)
Class com.google.common.collect.Maps                                                  : loaded 2 times (x 68B)
Class org.gradle.api.specs.Spec                                                       : loaded 2 times (x 67B)
Class kotlin.jvm.internal.MutablePropertyReference                                    : loaded 2 times (x 116B)
Class kotlin.UnsafeLazyImpl                                                           : loaded 2 times (x 73B)
Class kotlin.LazyKt__LazyJVMKt$WhenMappings                                           : loaded 2 times (x 68B)
Class com.google.common.reflect.Types$JavaVersion                                     : loaded 2 times (x 80B)
Class [Lcom.google.common.collect.ImmutableEntry;                                     : loaded 2 times (x 66B)
Class kotlin.jvm.internal.ArrayIterator                                               : loaded 2 times (x 76B)
Class kotlin.LazyThreadSafetyMode                                                     : loaded 2 times (x 76B)
Class com.google.common.collect.Sets$3$1                                              : loaded 2 times (x 79B)
Class com.google.common.cache.LocalCache$LoadingValueReference                        : loaded 2 times (x 93B)
Class kotlin.jvm.internal.SpreadBuilder                                               : loaded 2 times (x 73B)
Class kotlin.collections.EmptyIterator                                                : loaded 2 times (x 86B)
Class kotlin.SynchronizedLazyImpl                                                     : loaded 2 times (x 73B)
Class kotlin.text.StringsKt__RegexExtensionsKt                                        : loaded 2 times (x 68B)
Class com.google.common.collect.CollectSpliterators                                   : loaded 2 times (x 68B)
Class com.google.common.base.Platform                                                 : loaded 2 times (x 68B)
Class com.google.common.reflect.Invokable$MethodInvokable                             : loaded 2 times (x 104B)
Class kotlin.io.FilePathComponents                                                    : loaded 2 times (x 69B)
Class kotlin.coroutines.jvm.internal.RestrictedSuspendLambda                          : loaded 2 times (x 88B)
Class kotlin.sequences.SequencesKt__SequencesJVMKt                                    : loaded 2 times (x 68B)
Class kotlin.collections.AbstractList                                                 : loaded 2 times (x 194B)
Class kotlin.collections.AbstractCollection                                           : loaded 2 times (x 114B)
Class com.google.devtools.ksp.processing.KspGradleLogger$Companion                    : loaded 2 times (x 68B)
Class com.google.common.primitives.Ints$IntConverter                                  : loaded 2 times (x 87B)
Class com.google.common.collect.Maps$8                                                : loaded 2 times (x 79B)
Class kotlin.text.Regex                                                               : loaded 2 times (x 69B)
Class kotlin.Triple                                                                   : loaded 2 times (x 69B)
Class kotlin.sequences.SequencesKt__SequenceBuilderKt$sequence$$inlined$Sequence$1    : loaded 2 times (x 72B)
Class kotlin.collections.ArrayAsCollection                                            : loaded 2 times (x 102B)
Class kotlin.LazyKt__LazyKt                                                           : loaded 2 times (x 68B)
Class kotlin.text.StringsKt__StringBuilderJVMKt                                       : loaded 2 times (x 68B)
Class com.google.common.collect.ImmutableRangeSet$Builder                             : loaded 2 times (x 74B)
Class com.google.common.base.Predicates$CompositionPredicate                          : loaded 2 times (x 85B)
Class com.google.common.base.CharMatcher$Invisible                                    : loaded 2 times (x 109B)
Class com.google.common.collect.Sets$SetView                                          : loaded 2 times (x 135B)
Class com.google.common.cache.LocalCache$StrongValueReference                         : loaded 2 times (x 87B)
Class com.google.common.util.concurrent.AbstractFuture$SynchronizedHelper             : loaded 2 times (x 75B)
Class kotlin.jvm.internal.Ref$ObjectRef                                               : loaded 2 times (x 69B)
Class kotlin.jvm.internal.ReflectionFactory                                           : loaded 2 times (x 88B)
Class kotlin.UNINITIALIZED_VALUE                                                      : loaded 2 times (x 68B)
Class com.google.common.graph.SuccessorsFunction                                      : loaded 2 times (x 67B)
Class org.gradle.internal.classloader.VisitableURLClassLoader$InstrumentingVisitableURLClassLoader: loaded 2 times (x 120B)
Class kotlin.comparisons.ComparisonsKt__ComparisonsKt                                 : loaded 2 times (x 68B)
Class kotlin.jvm.internal.ClassBasedDeclarationContainer                              : loaded 2 times (x 67B)
Class kotlin.coroutines.Continuation                                                  : loaded 2 times (x 67B)
Class kotlin.collections.SetsKt___SetsKt                                              : loaded 2 times (x 68B)
Class kotlin.ranges.RangesKt__RangesKt                                                : loaded 2 times (x 68B)
Class kotlin.sequences.SequencesKt__SequencesKt                                       : loaded 2 times (x 68B)
Class com.google.common.io.Files$FileByteSink                                         : loaded 2 times (x 74B)
Class com.google.common.math.IntMath$1                                                : loaded 2 times (x 68B)
Class [Lcom.google.common.cache.CacheBuilder$NullListener;                            : loaded 2 times (x 66B)
Class org.gradle.internal.classloader.VisitableURLClassLoader$Spec                    : loaded 2 times (x 71B)
Class org.gradle.internal.classpath.DefaultClassPath                                  : loaded 2 times (x 87B)
Class kotlin.comparisons.ComparisonsKt                                                : loaded 2 times (x 68B)
Class kotlin.comparisons.ComparisonsKt___ComparisonsKt                                : loaded 2 times (x 68B)
Class kotlin.Result$Companion                                                         : loaded 2 times (x 68B)
Class kotlin.coroutines.jvm.internal.BaseContinuationImpl                             : loaded 2 times (x 84B)
Class kotlin.text.CharsKt__CharJVMKt                                                  : loaded 2 times (x 68B)
Class kotlin.sequences.FilteringSequence                                              : loaded 2 times (x 72B)
Class com.google.devtools.ksp.processing.KspGradleLogger                              : loaded 2 times (x 76B)
Class com.google.common.base.AbstractIterator                                         : loaded 2 times (x 77B)
Class com.google.common.reflect.Types$ClassOwnership                                  : loaded 2 times (x 77B)
Class kotlin.reflect.KType                                                            : loaded 2 times (x 67B)
Class com.google.common.collect.Sets$FilteredSet                                      : loaded 2 times (x 134B)
Class com.google.common.io.Closer                                                     : loaded 2 times (x 75B)
Class com.google.common.base.CharMatcher$BitSetMatcher                                : loaded 2 times (x 109B)
Class com.google.common.base.CharMatcher$Ascii                                        : loaded 2 times (x 109B)
Class com.google.common.collect.RegularImmutableMap$Values                            : loaded 2 times (x 204B)
Class com.google.common.collect.ImmutableSet                                          : loaded 2 times (x 142B)
Class org.gradle.internal.classloader.ClassLoaderSpec                                 : loaded 2 times (x 68B)
Class kotlin.jvm.internal.FunctionReferenceImpl                                       : loaded 2 times (x 119B)
Class kotlin.collections.CollectionsKt___CollectionsJvmKt                             : loaded 2 times (x 68B)
Class com.google.common.io.ByteSource$EmptyByteSource                                 : loaded 2 times (x 82B)
Class com.google.common.cache.CacheStats                                              : loaded 2 times (x 68B)
Class kotlin.jdk7.AutoCloseableKt                                                     : loaded 2 times (x 68B)
Class kotlin.jvm.internal.markers.KMutableIterable                                    : loaded 2 times (x 67B)
Class kotlin.Unit                                                                     : loaded 2 times (x 68B)
Class kotlin.TuplesKt                                                                 : loaded 2 times (x 68B)
Class kotlin.sequences.SequencesKt___SequencesJvmKt                                   : loaded 2 times (x 68B)
Class com.google.common.io.LineProcessor                                              : loaded 2 times (x 67B)
Class com.google.common.io.Closer$Suppressor                                          : loaded 2 times (x 67B)
Class com.google.common.base.CharMatcher$Or                                           : loaded 2 times (x 109B)
Class com.google.common.util.concurrent.AbstractFuture$Listener                       : loaded 2 times (x 69B)
Class kotlin.ranges.RangesKt                                                          : loaded 2 times (x 68B)
Class com.google.common.base.Supplier                                                 : loaded 2 times (x 67B)
Class org.gradle.internal.classloader.VisitableURLClassLoader                         : loaded 2 times (x 114B)
Class kotlin.sequences.GeneratorSequence                                              : loaded 2 times (x 72B)
Class kotlin.sequences.FlatteningSequence$iterator$1                                  : loaded 2 times (x 76B)
Class kotlin.jvm.functions.Function0                                                  : loaded 2 times (x 67B)
Class kotlin.collections.ArraysUtilJVM                                                : loaded 2 times (x 68B)
Class com.google.common.util.concurrent.AbstractFuture$Waiter                         : loaded 2 times (x 69B)
Class com.google.common.collect.ImmutableList$SerializedForm                          : loaded 2 times (x 70B)
Class org.gradle.internal.Cast                                                        : loaded 2 times (x 68B)
Class org.gradle.api.Action                                                           : loaded 2 times (x 67B)
Class kotlin.properties.ReadWriteProperty                                             : loaded 2 times (x 67B)
Class kotlin.collections.AbstractMutableList                                          : loaded 2 times (x 203B)
Class kotlin.jvm.functions.Function1                                                  : loaded 2 times (x 67B)
Class com.google.common.base.CharMatcher$FastMatcher                                  : loaded 2 times (x 108B)
Class com.google.common.base.Strings                                                  : loaded 2 times (x 68B)
Class com.google.common.collect.Sets                                                  : loaded 2 times (x 68B)
Class com.google.common.base.Ticker                                                   : loaded 2 times (x 69B)
Class org.gradle.internal.agents.InstrumentingClassLoader                             : loaded 2 times (x 67B)
Class kotlin.jvm.internal.markers.KMutableIterator                                    : loaded 2 times (x 67B)
Class kotlin.jvm.functions.Function2                                                  : loaded 2 times (x 67B)
Class kotlin.KotlinNothingValueException                                              : loaded 2 times (x 79B)
Class com.google.devtools.ksp.processing.KSPConfig                                    : loaded 2 times (x 69B)
Class [Lcom.google.common.cache.LocalCache$Segment;                                   : loaded 2 times (x 66B)
Class com.google.common.base.Predicate                                                : loaded 2 times (x 67B)
Class [Lcom.google.common.cache.LocalCache$Strength;                                  : loaded 2 times (x 66B)
Class com.google.common.cache.CacheBuilder$1                                          : loaded 2 times (x 82B)
Class com.google.common.collect.ImmutableMap                                          : loaded 2 times (x 117B)
Class org.gradle.internal.classpath.DefaultClassPath$ImmutableUniqueList$Builder      : loaded 2 times (x 72B)
Class kotlin.io.FileTreeWalk$WalkState                                                : loaded 2 times (x 70B)
Class kotlin.jvm.functions.Function3                                                  : loaded 2 times (x 67B)
Class kotlin.collections.MapsKt___MapsJvmKt                                           : loaded 2 times (x 68B)
Class com.google.common.collect.AbstractRangeSet                                      : loaded 2 times (x 111B)
Class com.google.common.base.CharMatcher$NegatedFastMatcher                           : loaded 2 times (x 110B)
Class com.google.common.cache.LocalCache                                              : loaded 2 times (x 184B)
Class com.google.common.cache.CacheBuilder$2                                          : loaded 2 times (x 69B)
Class kotlin.annotation.Target                                                        : loaded 2 times (x 67B)
Class kotlin.jvm.functions.Function4                                                  : loaded 2 times (x 67B)
Class kotlin.collections.EmptySet                                                     : loaded 2 times (x 119B)
Class kotlin.collections.CollectionsKt___CollectionsKt                                : loaded 2 times (x 68B)
Class com.google.common.base.AbstractIterator$1                                       : loaded 2 times (x 68B)
Class com.google.common.base.CharMatcher$Digit                                        : loaded 2 times (x 109B)
Class [Lcom.google.common.collect.AbstractMapEntry;                                   : loaded 2 times (x 66B)
Class com.google.common.collect.ImmutableEntry                                        : loaded 2 times (x 79B)
Class com.google.common.collect.ArrayListMultimap                                     : loaded 2 times (x 169B)
Class org.gradle.api.GradleException                                                  : loaded 2 times (x 79B)
Class kotlin.annotation.Retention                                                     : loaded 2 times (x 67B)
Class kotlin.jvm.functions.Function5                                                  : loaded 2 times (x 67B)
Class kotlin.reflect.KDeclarationContainer                                            : loaded 2 times (x 67B)
Class kotlin.text.StringsKt___StringsJvmKt                                            : loaded 2 times (x 68B)
Class com.google.common.base.Suppliers$MemoizingSupplier                              : loaded 2 times (x 76B)
Class com.google.common.base.CharMatcher$JavaIsoControl                               : loaded 2 times (x 109B)
Class com.google.common.collect.CollectPreconditions                                  : loaded 2 times (x 68B)
Class kotlin.io.FilesKt                                                               : loaded 2 times (x 68B)
Class kotlin.jvm.functions.Function6                                                  : loaded 2 times (x 67B)
Class kotlin.collections.MapsKt___MapsKt                                              : loaded 2 times (x 68B)
Class kotlin.collections.ArraysKt___ArraysKt                                          : loaded 2 times (x 68B)
Class com.google.common.collect.Maps$AbstractFilteredMap                              : loaded 2 times (x 124B)
Class com.google.common.base.CharMatcher$JavaLowerCase                                : loaded 2 times (x 108B)
Class com.google.common.collect.SortedMapDifference                                   : loaded 2 times (x 67B)
Class kotlin.jvm.functions.Function7                                                  : loaded 2 times (x 67B)
Class kotlin.collections.MapsKt__MapWithDefaultKt                                     : loaded 2 times (x 68B)
Class com.google.common.io.Files                                                      : loaded 2 times (x 68B)
Class com.google.common.cache.LocalCache$EntryFactory                                 : loaded 2 times (x 80B)
Class kotlin.collections.builders.MapBuilder$Companion                                : loaded 2 times (x 68B)
Class kotlin.jvm.functions.Function8                                                  : loaded 2 times (x 67B)
Class kotlin.text.StringsKt___StringsKt                                               : loaded 2 times (x 68B)
Class kotlin.enums.EnumEntriesKt                                                      : loaded 2 times (x 68B)
Class kotlin.collections.CollectionsKt__MutableCollectionsJVMKt                       : loaded 2 times (x 68B)
Class com.google.common.collect.Iterables$5                                           : loaded 2 times (x 78B)
Class com.google.common.base.Splitter$1$1                                             : loaded 2 times (x 83B)
Class com.google.common.base.CharMatcher$Whitespace                                   : loaded 2 times (x 109B)
Class com.google.common.reflect.Types$NativeTypeVariableEquals                        : loaded 2 times (x 68B)
Class com.google.common.reflect.TypeParameter                                         : loaded 2 times (x 69B)
Class com.google.common.cache.LocalCache$AbstractReferenceEntry                       : loaded 2 times (x 104B)
Class org.gradle.internal.IoActions                                                   : loaded 2 times (x 68B)
Class kotlin.annotation.MustBeDocumented                                              : loaded 2 times (x 67B)
Class [Lkotlin.LazyThreadSafetyMode;                                                  : loaded 2 times (x 66B)
Class kotlin.jvm.functions.Function10                                                 : loaded 2 times (x 67B)
Class kotlin.jvm.functions.Function9                                                  : loaded 2 times (x 67B)
Class [Lkotlin.reflect.KClassifier;                                                   : loaded 2 times (x 66B)
Class com.google.common.collect.ImmutableRangeSet$ComplementRanges                    : loaded 2 times (x 204B)
Class com.google.common.base.CharMatcher$SingleWidth                                  : loaded 2 times (x 109B)
Class com.google.common.cache.CacheLoader$InvalidCacheLoadException                   : loaded 2 times (x 79B)
Class com.google.common.collect.ImmutableSet$RegularSetBuilderImpl                    : loaded 2 times (x 74B)
Class org.gradle.internal.classloader.SystemClassLoaderSpec                           : loaded 2 times (x 68B)
Class kotlin.jvm.internal.PropertyReference0Impl                                      : loaded 2 times (x 124B)
Class kotlin.jvm.functions.Function11                                                 : loaded 2 times (x 67B)
Class kotlin.reflect.KAnnotatedElement                                                : loaded 2 times (x 67B)
Class kotlin.jvm.internal.markers.KMutableCollection                                  : loaded 2 times (x 67B)
Class kotlin.coroutines.intrinsics.IntrinsicsKt                                       : loaded 2 times (x 68B)
Class kotlin.collections.EmptyMap                                                     : loaded 2 times (x 106B)
Class kotlin.ranges.IntRange$Companion                                                : loaded 2 times (x 68B)
Class kotlin.jvm.internal.Intrinsics                                                  : loaded 2 times (x 68B)
Class com.google.common.collect.FluentIterable                                        : loaded 2 times (x 78B)
Class com.google.common.cache.LocalCache$StrongEntry                                  : loaded 2 times (x 105B)
Class com.google.common.util.concurrent.AbstractFuture$TrustedFuture                  : loaded 2 times (x 111B)
Class com.google.common.cache.LoadingCache                                            : loaded 2 times (x 67B)
Class kotlin.jvm.functions.Function12                                                 : loaded 2 times (x 67B)
Class kotlin.coroutines.intrinsics.CoroutineSingletons                                : loaded 2 times (x 76B)
Class kotlin.collections.MapsKt                                                       : loaded 2 times (x 68B)
Class kotlin.collections.CollectionsKt__IterablesKt                                   : loaded 2 times (x 68B)
Class com.google.common.io.ByteStreams$LimitedInputStream                             : loaded 2 times (x 89B)
Class com.google.common.base.Suppliers$NonSerializableMemoizingSupplier               : loaded 2 times (x 76B)
Class [Lcom.google.common.cache.Weigher;                                              : loaded 2 times (x 66B)
Class com.google.common.collect.RegularImmutableMap$BucketOverflowException           : loaded 2 times (x 79B)
Class kotlin.text.Charsets                                                            : loaded 2 times (x 68B)
Class kotlin.sequences.SequenceBuilderIterator                                        : loaded 2 times (x 82B)
Class kotlin.jvm.functions.Function13                                                 : loaded 2 times (x 67B)
Class kotlin.ranges.OpenEndRange                                                      : loaded 2 times (x 67B)
Class kotlin.KotlinNullPointerException                                               : loaded 2 times (x 80B)
Class kotlin.jvm.functions.Function14                                                 : loaded 2 times (x 67B)
Class kotlin.ranges.RangesKt___RangesKt                                               : loaded 2 times (x 68B)
Class com.google.common.collect.AbstractIterator$State                                : loaded 2 times (x 76B)
Class com.google.common.base.CharMatcher$Negated                                      : loaded 2 times (x 110B)
Class com.google.common.base.CharMatcher$Is                                           : loaded 2 times (x 108B)
Class com.google.common.reflect.Types$JavaVersion$1                                   : loaded 2 times (x 80B)
Class com.google.common.collect.RegularImmutableBiMap                                 : loaded 2 times (x 145B)
Class com.google.common.cache.LocalCache$ValueReference                               : loaded 2 times (x 67B)
Class kotlin.coroutines.jvm.internal.Boxing                                           : loaded 2 times (x 68B)
Class kotlin.collections.ArrayDeque$Companion                                         : loaded 2 times (x 68B)
Class kotlin.jvm.functions.Function15                                                 : loaded 2 times (x 67B)
Class kotlin.text.CharsKt__CharKt                                                     : loaded 2 times (x 68B)
Class kotlin.collections.ArraysKt                                                     : loaded 2 times (x 68B)
Class com.google.common.hash.PrimitiveSink                                            : loaded 2 times (x 67B)
Class com.google.common.base.PatternCompiler                                          : loaded 2 times (x 67B)
Class com.google.common.reflect.Types$JavaVersion$2                                   : loaded 2 times (x 80B)
Class com.google.common.reflect.Types                                                 : loaded 2 times (x 68B)
Class com.google.common.collect.Hashing                                               : loaded 2 times (x 68B)
Class com.google.common.util.concurrent.AbstractFuture$Failure                        : loaded 2 times (x 69B)
Class com.google.common.base.Equivalence$Equals                                       : loaded 2 times (x 79B)
Class com.google.common.base.Preconditions                                            : loaded 2 times (x 68B)
Class kotlin.jvm.functions.Function16                                                 : loaded 2 times (x 67B)
Class kotlin.coroutines.EmptyCoroutineContext                                         : loaded 2 times (x 74B)
Class kotlin.collections.SetsKt__SetsKt                                               : loaded 2 times (x 68B)
Class kotlin.LazyKt                                                                   : loaded 2 times (x 68B)
Class com.google.common.collect.ImmutableSetMultimap                                  : loaded 2 times (x 177B)
Class com.google.common.base.CharMatcher                                              : loaded 2 times (x 108B)
Class com.google.common.reflect.Types$JavaVersion$3                                   : loaded 2 times (x 80B)
Class com.google.common.base.Joiner$1                                                 : loaded 2 times (x 77B)
Class com.google.common.collect.PeekingIterator                                       : loaded 2 times (x 67B)
Class kotlin.InitializedLazyImpl                                                      : loaded 2 times (x 73B)
Class kotlin.jvm.functions.Function17                                                 : loaded 2 times (x 67B)
Class kotlin.collections.ArraysKt__ArraysJVMKt                                        : loaded 2 times (x 68B)
Class com.google.common.collect.RangeGwtSerializationDependencies                     : loaded 2 times (x 68B)
Class com.google.common.io.ByteSource$AsCharSource                                    : loaded 2 times (x 83B)
Class com.google.common.collect.Maps$IteratorBasedAbstractMap                         : loaded 2 times (x 122B)
Class com.google.common.base.CharMatcher$1                                            : loaded 2 times (x 110B)
Class com.google.common.base.CharMatcher$NamedFastMatcher                             : loaded 2 times (x 109B)
Class com.google.common.reflect.Types$JavaVersion$4                                   : loaded 2 times (x 80B)
Class com.google.common.base.Joiner$2                                                 : loaded 2 times (x 76B)
Class com.google.common.cache.LocalCache$EntryFactory$1                               : loaded 2 times (x 80B)
Class [Lcom.google.common.cache.RemovalListener;                                      : loaded 2 times (x 66B)
Class kotlin.jvm.functions.Function18                                                 : loaded 2 times (x 67B)
Class kotlin.jvm.internal.CallableReference$NoReceiver                                : loaded 2 times (x 68B)
Class kotlin.text.StringsKt__StringBuilderKt                                          : loaded 2 times (x 68B)
Class com.google.common.collect.RangeSet                                              : loaded 2 times (x 67B)
Class com.google.common.reflect.Types$JavaVersion$5                                   : loaded 2 times (x 68B)
Class [Lcom.google.common.reflect.Types$ClassOwnership;                               : loaded 2 times (x 66B)
Class com.google.common.cache.LocalCache$EntryFactory$2                               : loaded 2 times (x 80B)
Class kotlin.reflect.KMutableProperty$Setter                                          : loaded 2 times (x 67B)
Class kotlin.jvm.functions.Function19                                                 : loaded 2 times (x 67B)
Class kotlin.Lazy                                                                     : loaded 2 times (x 67B)
Class kotlin.NoWhenBranchMatchedException                                             : loaded 2 times (x 79B)
Class com.google.common.collect.CollectCollectors                                     : loaded 2 times (x 68B)
Class com.google.common.cache.LocalCache$EntryFactory$3                               : loaded 2 times (x 80B)
Class com.google.common.base.Ticker$1                                                 : loaded 2 times (x 69B)
Class com.google.common.collect.ImmutableMapEntrySet$RegularEntrySet                  : loaded 2 times (x 148B)
Class com.google.common.collect.Maps$BiMapConverter                                   : loaded 2 times (x 87B)
Class com.google.common.collect.SetMultimap                                           : loaded 2 times (x 67B)
Class com.google.common.base.CharMatcher$InRange                                      : loaded 2 times (x 108B)
Class com.google.common.collect.ImmutableSet$Builder                                  : loaded 2 times (x 82B)
Class com.google.common.cache.LocalCache$EntryFactory$4                               : loaded 2 times (x 80B)
Class kotlin.sequences.ConstrainedOnceSequence                                        : loaded 2 times (x 72B)
Class com.google.common.io.ByteStreams$1                                              : loaded 2 times (x 82B)
Class com.google.common.cache.LocalCache$EntryFactory$5                               : loaded 2 times (x 80B)
Class [Lkotlin.reflect.KProperty;                                                     : loaded 2 times (x 66B)
Class kotlin.jvm.internal.markers.KMappedMarker                                       : loaded 2 times (x 67B)
Class com.google.common.cache.LocalCache$EntryFactory$6                               : loaded 2 times (x 80B)
Class org.gradle.internal.installation.CurrentGradleInstallationLocator               : loaded 2 times (x 68B)
Class [Lkotlin.io.FileWalkDirection;                                                  : loaded 2 times (x 66B)
Class com.google.common.io.ByteSource$SlicedByteSource                                : loaded 2 times (x 82B)
Class com.google.common.collect.ImmutableSet$EmptySetBuilderImpl                      : loaded 2 times (x 73B)
Class com.google.common.cache.LocalCache$EntryFactory$7                               : loaded 2 times (x 80B)
Class com.google.common.collect.ImmutableList                                         : loaded 2 times (x 203B)
Class org.gradle.internal.service.DefaultServiceLocator                               : loaded 2 times (x 80B)
Class kotlin.io.FileTreeWalk                                                          : loaded 2 times (x 72B)
Class kotlin.reflect.KMutableProperty0                                                : loaded 2 times (x 67B)
Class kotlin.reflect.KClassifier                                                      : loaded 2 times (x 67B)
Class kotlin.coroutines.jvm.internal.SuspendFunction                                  : loaded 2 times (x 67B)
Class com.google.common.collect.Maps$EntrySet                                         : loaded 2 times (x 133B)
Class com.google.common.cache.LocalCache$EntryFactory$8                               : loaded 2 times (x 80B)
Class com.google.common.collect.ImmutableSet$SetBuilderImpl                           : loaded 2 times (x 73B)
Class org.gradle.internal.installation.CurrentGradleInstallation                      : loaded 2 times (x 70B)
Class kotlin.jvm.internal.StringCompanionObject                                       : loaded 2 times (x 68B)
Class kotlin.reflect.KMutableProperty1                                                : loaded 2 times (x 67B)
Class kotlin.coroutines.intrinsics.IntrinsicsKt__IntrinsicsJvmKt                      : loaded 2 times (x 68B)
Class kotlin.coroutines.jvm.internal.CoroutineStackFrame                              : loaded 2 times (x 67B)
Class com.google.common.collect.ForwardingObject                                      : loaded 2 times (x 69B)
Class com.google.common.cache.CacheLoader$1                                           : loaded 2 times (x 72B)
Class com.google.common.collect.ImmutableList$SubList                                 : loaded 2 times (x 205B)
Class org.gradle.util.internal.GUtil                                                  : loaded 2 times (x 68B)
Class kotlin.io.NoSuchFileException                                                   : loaded 2 times (x 79B)
Class kotlin.reflect.KMutableProperty2                                                : loaded 2 times (x 67B)
Class kotlin.collections.CollectionsKt                                                : loaded 2 times (x 68B)
Class com.google.common.io.ByteSource                                                 : loaded 2 times (x 81B)
Class com.google.common.util.concurrent.AbstractFuture$SetFuture                      : loaded 2 times (x 72B)
Class com.google.common.cache.AbstractCache$StatsCounter                              : loaded 2 times (x 67B)
Class kotlin.ranges.IntProgressionIterator                                            : loaded 2 times (x 79B)
Class kotlin.coroutines.jvm.internal.DebugProbesKt                                    : loaded 2 times (x 68B)
Class kotlin.coroutines.CoroutineContext                                              : loaded 2 times (x 67B)
Class com.google.common.reflect.Types$TypeVariableImpl                                : loaded 2 times (x 69B)
Class com.google.common.collect.Iterators$MergingIterator                             : loaded 2 times (x 78B)
Class com.google.common.collect.RegularImmutableSet                                   : loaded 2 times (x 145B)
Class org.gradle.internal.installation.GradleInstallation                             : loaded 2 times (x 72B)
Class com.google.common.collect.Iterables                                             : loaded 2 times (x 68B)
Class com.google.common.base.Splitter$Strategy                                        : loaded 2 times (x 67B)
Class kotlin.io.FileWalkDirection                                                     : loaded 2 times (x 76B)
Class kotlin.jvm.KotlinReflectionNotSupportedError                                    : loaded 2 times (x 79B)
Class kotlin.io.TextStreamsKt                                                         : loaded 2 times (x 68B)

---------------  S Y S T E M  ---------------

OS:
uname: Darwin 24.5.0 Darwin Kernel Version 24.5.0: Tue Apr 22 19:48:46 PDT 2025; root:xnu-11417.121.6~2/RELEASE_ARM64_T8103 arm64
OS uptime: 15 days 8:26 hours
rlimit (soft/hard): STACK 8176k/65520k , CORE 0k/infinity , NPROC 2666/4000 , NOFILE 10240/infinity , AS infinity/infinity , CPU infinity/infinity , DATA infinity/infinity , FSIZE infinity/infinity , MEMLOCK infinity/infinity , RSS infinity/infinity
load average: 2.97 2.95 2.93

CPU: total 8 (initial active 8) 0x61:0x0:0x1b588bb3:0, fp, asimd, aes, pmull, sha1, sha256, crc32, lse, sha3, sha512
machdep.cpu.brand_string:Apple M1
hw.cachelinesize:128
hw.l1icachesize:131072
hw.l1dcachesize:65536
hw.l2cachesize:4194304

Memory: 16k page, physical 16777216k(68112k free), swap 6291456k(1630080k free)

vm_info: OpenJDK 64-Bit Server VM (21.0.6+-13368085-b895.109) for bsd-aarch64 JRE (21.0.6+-13368085-b895.109), built on 2025-04-16T20:34:56Z by "builder" with clang Apple LLVM 13.0.0 (clang-1300.0.29.30)

END.
